path,label,source,duration_sec,split
X:\NEU\capstone\data\segments\wildfire\y2mate.com - DD Ambience  Building on Fire  Blaze Inferno Wood Cracking Collapsing Loud Stressing_44_seg2.wav,Fire,FireDataset,5.0,train
X:\NEU\capstone\data\segments\fsd50k\2216.wav,Wind,FSD50K,3.709375,train
X:\NEU\capstone\data\segments\wildfire\y2mate.com - DD Ambience  Building on Fire  Blaze Inferno Wood Cracking Collapsing Loud Stressing_71_seg2.wav,Fire,FireDataset,5.0,train
X:\NEU\capstone\data\segments\fsd50k\422866.wav,Wind,FSD50K,7.8931875,train
X:\NEU\capstone\data\segments\wildfire\y2mate.com - DD Ambience  Building on Fire  Blaze Inferno Wood Cracking Collapsing Loud Stressing_1_22_seg5.wav,Fire,FireDataset,5.0,train
X:\NEU\capstone\data\segments\wildfire\videoplayback_35_seg5.wav,Fire,FireDataset,5.0,train
X:\NEU\capstone\data\segments\wildfire\videoplayback_34_seg2.wav,Fire,FireDataset,5.0,train
X:\NEU\capstone\data\segments\fsd50k\234592.wav,Fire,FSD50K,18.125,train
X:\NEU\capstone\data\segments\fsd50k\35058.wav,Train,FSD50K,19.15525,val
X:\NEU\capstone\data\segments\fsd50k\96728.wav,Water,FSD50K,19.2074375,train
X:\NEU\capstone\data\segments\fsd50k\169947.wav,Train,FSD50K,25.7693125,train
X:\NEU\capstone\data\segments\wildfire\y2mate.com - DD Ambience  Building on Fire  Blaze Inferno Wood Cracking Collapsing Loud Stressing_1_33_seg0.wav,Fire,FireDataset,5.0,train
X:\NEU\capstone\data\segments\wildfire\y2mate.com - DD Ambience  Building on Fire  Blaze Inferno Wood Cracking Collapsing Loud Stressing_50_seg1.wav,Fire,FireDataset,5.0,train
X:\NEU\capstone\data\segments\fsd50k\415286.wav,Wind,FSD50K,26.5404375,train
X:\NEU\capstone\data\segments\fsd50k\431775.wav,Fire,FSD50K,11.0494375,val
X:\NEU\capstone\data\segments\fsd50k\41134.wav,Water,FSD50K,17.1624375,val
X:\NEU\capstone\data\segments\fsd50k\181566.wav,Fire,FSD50K,9.805125,train
X:\NEU\capstone\data\segments\fsd50k\394754.wav,Fire,FSD50K,25.2285,train
X:\NEU\capstone\data\segments\wildfire\y2mate.com - DD Ambience  Building on Fire  Blaze Inferno Wood Cracking Collapsing Loud Stressing_48_seg4.wav,Fire,FireDataset,5.0,train
X:\NEU\capstone\data\segments\fsd50k\64003.wav,Train,FSD50K,14.4660625,val
X:\NEU\capstone\data\segments\fsd50k\159173.wav,Water,FSD50K,17.152,train
X:\NEU\capstone\data\segments\wildfire\y2mate.com - DD Ambience  Building on Fire  Blaze Inferno Wood Cracking Collapsing Loud Stressing_44_seg5.wav,Fire,FireDataset,5.0,train
X:\NEU\capstone\data\segments\fsd50k\386220.wav,Fire,FSD50K,12.0,train
X:\NEU\capstone\data\segments\wildfire\y2mate.com - DD Ambience  Building on Fire  Blaze Inferno Wood Cracking Collapsing Loud Stressing_1_51_seg8.wav,Fire,FireDataset,5.0,train
X:\NEU\capstone\data\segments\wildfire\videoplayback_51_seg1.wav,Fire,FireDataset,5.0,train
X:\NEU\capstone\data\segments\wildfire\y2mate.com - DD Ambience  Building on Fire  Blaze Inferno Wood Cracking Collapsing Loud Stressing_1_24_seg9.wav,Fire,FireDataset,5.0,train
X:\NEU\capstone\data\segments\wildfire\y2mate.com - DD Ambience  Building on Fire  Blaze Inferno Wood Cracking Collapsing Loud Stressing_38_seg8.wav,Fire,FireDataset,5.0,train
X:\NEU\capstone\data\segments\wildfire\y2mate.com - DD Ambience  Building on Fire  Blaze Inferno Wood Cracking Collapsing Loud Stressing_1_65_seg8.wav,Fire,FireDataset,5.0,train
X:\NEU\capstone\data\segments\fsd50k\423809.wav,Fire,FSD50K,1.2323125,train
X:\NEU\capstone\data\segments\wildfire\videoplayback_31_seg1.wav,Fire,FireDataset,5.0,train
X:\NEU\capstone\data\segments\wildfire\y2mate.com - DD Ambience  Building on Fire  Blaze Inferno Wood Cracking Collapsing Loud Stressing_27_seg2.wav,Fire,FireDataset,5.0,train
X:\NEU\capstone\data\segments\wildfire\videoplayback_37_seg9.wav,Fire,FireDataset,5.0,train
X:\NEU\capstone\data\segments\fsd50k\99082.wav,Thunder,FSD50K,17.6471875,val
X:\NEU\capstone\data\segments\wildfire\videoplayback_28_seg3.wav,Fire,FireDataset,5.0,test
X:\NEU\capstone\data\segments\wildfire\y2mate.com - DD Ambience  Building on Fire  Blaze Inferno Wood Cracking Collapsing Loud Stressing_20_seg2.wav,Fire,FireDataset,5.0,test
X:\NEU\capstone\data\segments\wildfire\y2mate.com - DD Ambience  Building on Fire  Blaze Inferno Wood Cracking Collapsing Loud Stressing_22_seg0.wav,Fire,FireDataset,5.0,train
X:\NEU\capstone\data\segments\wildfire\y2mate.com - DD Ambience  Building on Fire  Blaze Inferno Wood Cracking Collapsing Loud Stressing_1_54_seg1.wav,Fire,FireDataset,5.0,train
X:\NEU\capstone\data\segments\fsd50k\51034.wav,Wind,FSD50K,14.853,train
X:\NEU\capstone\data\segments\wildfire\y2mate.com - DD Ambience  Building on Fire  Blaze Inferno Wood Cracking Collapsing Loud Stressing_1_04_seg5.wav,Fire,FireDataset,5.0,train
X:\NEU\capstone\data\segments\fsd50k\43945.wav,Train,FSD50K,27.2456875,train
X:\NEU\capstone\data\segments\wildfire\y2mate.com - DD Ambience  Building on Fire  Blaze Inferno Wood Cracking Collapsing Loud Stressing_24_seg8.wav,Fire,FireDataset,5.0,train
X:\NEU\capstone\data\segments\fsd50k\174999.wav,Fire,FSD50K,9.79075,train
X:\NEU\capstone\data\segments\fsd50k\158476.wav,Fire,FSD50K,13.81875,train
X:\NEU\capstone\data\segments\fsd50k\176016.wav,Fire,FSD50K,6.23775,train
X:\NEU\capstone\data\segments\fsd50k\338372.wav,Water,FSD50K,10.76825,train
X:\NEU\capstone\data\segments\fsd50k\94251.wav,Fire,FSD50K,16.37875,train
X:\NEU\capstone\data\segments\wildfire\y2mate.com - DD Ambience  Building on Fire  Blaze Inferno Wood Cracking Collapsing Loud Stressing_1_11_seg5.wav,Fire,FireDataset,5.0,train
X:\NEU\capstone\data\segments\wildfire\videoplayback_43_seg5.wav,Fire,FireDataset,5.0,train
X:\NEU\capstone\data\segments\wildfire\y2mate.com - DD Ambience  Building on Fire  Blaze Inferno Wood Cracking Collapsing Loud Stressing_1_36_seg1.wav,Fire,FireDataset,5.0,test
X:\NEU\capstone\data\segments\fsd50k\434537.wav,Fire,FSD50K,2.232,train
X:\NEU\capstone\data\segments\wildfire\videoplayback_46_seg0.wav,Fire,FireDataset,5.0,train
X:\NEU\capstone\data\segments\fsd50k\352854.wav,Fire,FSD50K,26.222625,test
X:\NEU\capstone\data\segments\fsd50k\98685.wav,Train,FSD50K,20.0620625,train
X:\NEU\capstone\data\segments\wildfire\y2mate.com - DD Ambience  Building on Fire  Blaze Inferno Wood Cracking Collapsing Loud Stressing_52_seg6.wav,Fire,FireDataset,5.0,train
X:\NEU\capstone\data\segments\wildfire\y2mate.com - DD Ambience  Building on Fire  Blaze Inferno Wood Cracking Collapsing Loud Stressing_1_08_seg5.wav,Fire,FireDataset,5.0,train
X:\NEU\capstone\data\segments\wildfire\y2mate.com - DD Ambience  Building on Fire  Blaze Inferno Wood Cracking Collapsing Loud Stressing_1_06_seg3.wav,Fire,FireDataset,5.0,test
X:\NEU\capstone\data\segments\fsd50k\49156.wav,Fire,FSD50K,5.0004375,train
X:\NEU\capstone\data\segments\fsd50k\242721.wav,Fire,FSD50K,8.4546875,train
X:\NEU\capstone\data\segments\wildfire\videoplayback_65_seg9.wav,Fire,FireDataset,5.0,train
X:\NEU\capstone\data\segments\wildfire\y2mate.com - DD Ambience  Building on Fire  Blaze Inferno Wood Cracking Collapsing Loud Stressing_1_31_seg0.wav,Fire,FireDataset,5.0,train
X:\NEU\capstone\data\segments\wildfire\y2mate.com - DD Ambience  Building on Fire  Blaze Inferno Wood Cracking Collapsing Loud Stressing_52_seg1.wav,Fire,FireDataset,5.0,test
X:\NEU\capstone\data\segments\wildfire\y2mate.com - DD Ambience  Building on Fire  Blaze Inferno Wood Cracking Collapsing Loud Stressing_39_seg5.wav,Fire,FireDataset,5.0,train
X:\NEU\capstone\data\segments\wildfire\y2mate.com - DD Ambience  Building on Fire  Blaze Inferno Wood Cracking Collapsing Loud Stressing_66_seg5.wav,Fire,FireDataset,5.0,train
X:\NEU\capstone\data\segments\wildfire\y2mate.com - DD Ambience  Building on Fire  Blaze Inferno Wood Cracking Collapsing Loud Stressing_1_53_seg5.wav,Fire,FireDataset,5.0,train
X:\NEU\capstone\data\segments\wildfire\videoplayback_69_seg0.wav,Fire,FireDataset,5.0,train
X:\NEU\capstone\data\segments\fsd50k\189299.wav,Fire,FSD50K,12.678125,train
X:\NEU\capstone\data\segments\wildfire\y2mate.com - DD Ambience  Building on Fire  Blaze Inferno Wood Cracking Collapsing Loud Stressing_26_seg2.wav,Fire,FireDataset,5.0,train
X:\NEU\capstone\data\segments\wildfire\y2mate.com - DD Ambience  Building on Fire  Blaze Inferno Wood Cracking Collapsing Loud Stressing_1_52_seg8.wav,Fire,FireDataset,5.0,train
X:\NEU\capstone\data\segments\fsd50k\187678.wav,Aircraft,FSD50K,5.8083125,train
X:\NEU\capstone\data\segments\wildfire\videoplayback_20_seg2.wav,Fire,FireDataset,5.0,train
X:\NEU\capstone\data\segments\wildfire\y2mate.com - DD Ambience  Building on Fire  Blaze Inferno Wood Cracking Collapsing Loud Stressing_38_seg1.wav,Fire,FireDataset,5.0,train
X:\NEU\capstone\data\segments\fsd50k\95105.wav,Fire,FSD50K,30.0,train
X:\NEU\capstone\data\segments\fsd50k\399210.wav,Fire,FSD50K,0.68975,train
X:\NEU\capstone\data\segments\fsd50k\155994.wav,Train,FSD50K,17.2958125,test
X:\NEU\capstone\data\segments\fsd50k\65174.wav,Fire,FSD50K,3.9930625,train
X:\NEU\capstone\data\segments\fsd50k\275491.wav,Fire,FSD50K,1.953,train
X:\NEU\capstone\data\segments\fsd50k\275600.wav,Thunder,FSD50K,12.34575,train
X:\NEU\capstone\data\segments\wildfire\y2mate.com - DD Ambience  Building on Fire  Blaze Inferno Wood Cracking Collapsing Loud Stressing_48_seg8.wav,Fire,FireDataset,5.0,train
X:\NEU\capstone\data\segments\wildfire\videoplayback_70_seg4.wav,Fire,FireDataset,5.0,train
X:\NEU\capstone\data\segments\fsd50k\369482.wav,Aircraft,FSD50K,27.24,train
X:\NEU\capstone\data\segments\wildfire\y2mate.com - DD Ambience  Building on Fire  Blaze Inferno Wood Cracking Collapsing Loud Stressing_1_48_seg7.wav,Fire,FireDataset,5.0,train
X:\NEU\capstone\data\segments\fsd50k\323426.wav,Water,FSD50K,7.6793125,train
X:\NEU\capstone\data\segments\wildfire\videoplayback_19_seg8.wav,Fire,FireDataset,5.0,val
X:\NEU\capstone\data\segments\wildfire\videoplayback_02_seg8.wav,Fire,FireDataset,5.0,train
X:\NEU\capstone\data\segments\wildfire\y2mate.com - DD Ambience  Building on Fire  Blaze Inferno Wood Cracking Collapsing Loud Stressing_04_seg1.wav,Fire,FireDataset,5.0,train
X:\NEU\capstone\data\segments\wildfire\y2mate.com - DD Ambience  Building on Fire  Blaze Inferno Wood Cracking Collapsing Loud Stressing_66_seg0.wav,Fire,FireDataset,5.0,train
X:\NEU\capstone\data\segments\wildfire\y2mate.com - DD Ambience  Building on Fire  Blaze Inferno Wood Cracking Collapsing Loud Stressing_71_seg8.wav,Fire,FireDataset,5.0,train
X:\NEU\capstone\data\segments\wildfire\y2mate.com - DD Ambience  Building on Fire  Blaze Inferno Wood Cracking Collapsing Loud Stressing_1_71_seg6.wav,Fire,FireDataset,5.0,train
X:\NEU\capstone\data\segments\wildfire\videoplayback_02_seg4.wav,Fire,FireDataset,5.0,val
X:\NEU\capstone\data\segments\fsd50k\393924.wav,Wind,FSD50K,6.1686875,train
X:\NEU\capstone\data\segments\fsd50k\196328.wav,Fire,FSD50K,8.4985,val
X:\NEU\capstone\data\segments\fsd50k\17782.wav,Fire,FSD50K,18.0,train
X:\NEU\capstone\data\segments\wildfire\y2mate.com - DD Ambience  Building on Fire  Blaze Inferno Wood Cracking Collapsing Loud Stressing_35_seg0.wav,Fire,FireDataset,5.0,train
X:\NEU\capstone\data\segments\fsd50k\121569.wav,Thunder,FSD50K,29.5504375,val
X:\NEU\capstone\data\segments\wildfire\y2mate.com - DD Ambience  Building on Fire  Blaze Inferno Wood Cracking Collapsing Loud Stressing_1_12_seg8.wav,Fire,FireDataset,5.0,val
X:\NEU\capstone\data\segments\fsd50k\399208.wav,Fire,FSD50K,1.3340625,train
X:\NEU\capstone\data\segments\wildfire\y2mate.com - DD Ambience  Building on Fire  Blaze Inferno Wood Cracking Collapsing Loud Stressing_43_seg4.wav,Fire,FireDataset,5.0,train
X:\NEU\capstone\data\segments\wildfire\y2mate.com - DD Ambience  Building on Fire  Blaze Inferno Wood Cracking Collapsing Loud Stressing_1_33_seg1.wav,Fire,FireDataset,5.0,train
X:\NEU\capstone\data\segments\fsd50k\350506.wav,Thunder,FSD50K,12.4623125,val
X:\NEU\capstone\data\segments\wildfire\y2mate.com - DD Ambience  Building on Fire  Blaze Inferno Wood Cracking Collapsing Loud Stressing_1_40_seg1.wav,Fire,FireDataset,5.0,train
X:\NEU\capstone\data\segments\wildfire\y2mate.com - DD Ambience  Building on Fire  Blaze Inferno Wood Cracking Collapsing Loud Stressing_1_62_seg0.wav,Fire,FireDataset,5.0,train
X:\NEU\capstone\data\segments\fsd50k\3202.wav,Fire,FSD50K,29.6046875,train
X:\NEU\capstone\data\segments\wildfire\y2mate.com - DD Ambience  Building on Fire  Blaze Inferno Wood Cracking Collapsing Loud Stressing_67_seg3.wav,Fire,FireDataset,5.0,test
X:\NEU\capstone\data\segments\fsd50k\16322.wav,Aircraft,FSD50K,27.256875,train
X:\NEU\capstone\data\segments\wildfire\y2mate.com - DD Ambience  Building on Fire  Blaze Inferno Wood Cracking Collapsing Loud Stressing_1_54_seg8.wav,Fire,FireDataset,5.0,train
X:\NEU\capstone\data\segments\wildfire\y2mate.com - DD Ambience  Building on Fire  Blaze Inferno Wood Cracking Collapsing Loud Stressing_52_seg4.wav,Fire,FireDataset,5.0,train
X:\NEU\capstone\data\segments\fsd50k\112684.wav,Train,FSD50K,15.0,test
X:\NEU\capstone\data\segments\fsd50k\334148.wav,Water,FSD50K,7.37125,train
X:\NEU\capstone\data\segments\fsd50k\174007.wav,Fire,FSD50K,15.0,train
X:\NEU\capstone\data\segments\wildfire\y2mate.com - DD Ambience  Building on Fire  Blaze Inferno Wood Cracking Collapsing Loud Stressing_72_seg7.wav,Fire,FireDataset,5.0,train
X:\NEU\capstone\data\segments\wildfire\y2mate.com - DD Ambience  Building on Fire  Blaze Inferno Wood Cracking Collapsing Loud Stressing_31_seg5.wav,Fire,FireDataset,5.0,train
X:\NEU\capstone\data\segments\wildfire\y2mate.com - DD Ambience  Building on Fire  Blaze Inferno Wood Cracking Collapsing Loud Stressing_1_45_seg5.wav,Fire,FireDataset,5.0,train
X:\NEU\capstone\data\segments\fsd50k\325561.wav,Fire,FSD50K,16.2405,train
X:\NEU\capstone\data\segments\fsd50k\156332.wav,Fire,FSD50K,2.32775,train
X:\NEU\capstone\data\segments\wildfire\videoplayback_50_seg2.wav,Fire,FireDataset,5.0,train
X:\NEU\capstone\data\segments\wildfire\y2mate.com - DD Ambience  Building on Fire  Blaze Inferno Wood Cracking Collapsing Loud Stressing_1_45_seg1.wav,Fire,FireDataset,5.0,train
X:\NEU\capstone\data\segments\wildfire\videoplayback_53_seg3.wav,Fire,FireDataset,5.0,train
X:\NEU\capstone\data\segments\wildfire\videoplayback_09_seg9.wav,Fire,FireDataset,5.0,train
X:\NEU\capstone\data\segments\fsd50k\100011.wav,Thunder,FSD50K,8.2474375,train
X:\NEU\capstone\data\segments\wildfire\y2mate.com - DD Ambience  Building on Fire  Blaze Inferno Wood Cracking Collapsing Loud Stressing_1_56_seg7.wav,Fire,FireDataset,5.0,train
X:\NEU\capstone\data\segments\wildfire\videoplayback_30_seg1.wav,Fire,FireDataset,5.0,val
X:\NEU\capstone\data\segments\fsd50k\234304.wav,Train,FSD50K,10.0,train
X:\NEU\capstone\data\segments\wildfire\y2mate.com - DD Ambience  Building on Fire  Blaze Inferno Wood Cracking Collapsing Loud Stressing_1_34_seg2.wav,Fire,FireDataset,5.0,train
X:\NEU\capstone\data\segments\fsd50k\386384.wav,Fire,FSD50K,1.4790625,train
X:\NEU\capstone\data\segments\fsd50k\160156.wav,Thunder,FSD50K,16.5776875,train
X:\NEU\capstone\data\segments\fsd50k\181577.wav,Fire,FSD50K,9.0495,train
X:\NEU\capstone\data\segments\wildfire\y2mate.com - DD Ambience  Building on Fire  Blaze Inferno Wood Cracking Collapsing Loud Stressing_1_58_seg3.wav,Fire,FireDataset,5.0,train
X:\NEU\capstone\data\segments\fsd50k\112799.wav,Train,FSD50K,10.7538125,train
X:\NEU\capstone\data\segments\wildfire\y2mate.com - DD Ambience  Building on Fire  Blaze Inferno Wood Cracking Collapsing Loud Stressing_40_seg0.wav,Fire,FireDataset,5.0,train
X:\NEU\capstone\data\segments\fsd50k\326727.wav,Fire,FSD50K,8.323625,train
X:\NEU\capstone\data\segments\wildfire\y2mate.com - DD Ambience  Building on Fire  Blaze Inferno Wood Cracking Collapsing Loud Stressing_1_52_seg6.wav,Fire,FireDataset,5.0,train
X:\NEU\capstone\data\segments\wildfire\y2mate.com - DD Ambience  Building on Fire  Blaze Inferno Wood Cracking Collapsing Loud Stressing_1_06_seg8.wav,Fire,FireDataset,5.0,train
X:\NEU\capstone\data\segments\fsd50k\127826.wav,Train,FSD50K,24.0,train
X:\NEU\capstone\data\segments\fsd50k\330816.wav,Aircraft,FSD50K,17.9433125,train
X:\NEU\capstone\data\segments\wildfire\y2mate.com - DD Ambience  Building on Fire  Blaze Inferno Wood Cracking Collapsing Loud Stressing_1_39_seg5.wav,Fire,FireDataset,5.0,train
X:\NEU\capstone\data\segments\wildfire\y2mate.com - DD Ambience  Building on Fire  Blaze Inferno Wood Cracking Collapsing Loud Stressing_47_seg8.wav,Fire,FireDataset,5.0,test
X:\NEU\capstone\data\segments\fsd50k\77596.wav,Thunder,FSD50K,7.7361875,train
X:\NEU\capstone\data\segments\fsd50k\233189.wav,Fire,FSD50K,16.849375,train
X:\NEU\capstone\data\segments\wildfire\y2mate.com - DD Ambience  Building on Fire  Blaze Inferno Wood Cracking Collapsing Loud Stressing_1_32_seg4.wav,Fire,FireDataset,5.0,train
X:\NEU\capstone\data\segments\fsd50k\12674.wav,Train,FSD50K,8.340375,train
X:\NEU\capstone\data\segments\fsd50k\105306.wav,Thunder,FSD50K,0.8581875,train
X:\NEU\capstone\data\segments\fsd50k\281.wav,Train,FSD50K,10.3021875,train
X:\NEU\capstone\data\segments\wildfire\y2mate.com - DD Ambience  Building on Fire  Blaze Inferno Wood Cracking Collapsing Loud Stressing_1_26_seg4.wav,Fire,FireDataset,5.0,train
X:\NEU\capstone\data\segments\wildfire\y2mate.com - DD Ambience  Building on Fire  Blaze Inferno Wood Cracking Collapsing Loud Stressing_09_seg3.wav,Fire,FireDataset,5.0,train
X:\NEU\capstone\data\segments\fsd50k\365237.wav,Fire,FSD50K,14.0,train
X:\NEU\capstone\data\segments\wildfire\videoplayback_68_seg5.wav,Fire,FireDataset,5.0,train
X:\NEU\capstone\data\segments\fsd50k\120345.wav,Water,FSD50K,23.4026875,train
X:\NEU\capstone\data\segments\wildfire\videoplayback_71_seg1.wav,Fire,FireDataset,5.0,val
X:\NEU\capstone\data\segments\wildfire\videoplayback_45_seg0.wav,Fire,FireDataset,5.0,train
X:\NEU\capstone\data\segments\fsd50k\421881.wav,Fire,FSD50K,3.1685,train
X:\NEU\capstone\data\segments\fsd50k\23288.wav,Aircraft,FSD50K,18.0,train
X:\NEU\capstone\data\segments\wildfire\videoplayback_58_seg9.wav,Fire,FireDataset,5.0,train
X:\NEU\capstone\data\segments\fsd50k\320786.wav,Aircraft,FSD50K,26.857375,train
X:\NEU\capstone\data\segments\fsd50k\125840.wav,Train,FSD50K,2.324875,train
X:\NEU\capstone\data\segments\wildfire\videoplayback_01_seg3.wav,Fire,FireDataset,5.0,train
X:\NEU\capstone\data\segments\fsd50k\213029.wav,Thunder,FSD50K,25.774125,train
X:\NEU\capstone\data\segments\fsd50k\27738.wav,Wind,FSD50K,8.4,test
X:\NEU\capstone\data\segments\fsd50k\32566.wav,Fire,FSD50K,10.8451875,val
X:\NEU\capstone\data\segments\wildfire\y2mate.com - DD Ambience  Building on Fire  Blaze Inferno Wood Cracking Collapsing Loud Stressing_53_seg3.wav,Fire,FireDataset,5.0,val
X:\NEU\capstone\data\segments\wildfire\y2mate.com - DD Ambience  Building on Fire  Blaze Inferno Wood Cracking Collapsing Loud Stressing_14_seg4.wav,Fire,FireDataset,5.0,train
X:\NEU\capstone\data\segments\wildfire\videoplayback_09_seg6.wav,Fire,FireDataset,5.0,train
X:\NEU\capstone\data\segments\fsd50k\200338.wav,Train,FSD50K,10.7805,train
X:\NEU\capstone\data\segments\wildfire\y2mate.com - DD Ambience  Building on Fire  Blaze Inferno Wood Cracking Collapsing Loud Stressing_1_50_seg2.wav,Fire,FireDataset,5.0,train
X:\NEU\capstone\data\segments\wildfire\videoplayback_15_seg3.wav,Fire,FireDataset,5.0,train
X:\NEU\capstone\data\segments\wildfire\y2mate.com - DD Ambience  Building on Fire  Blaze Inferno Wood Cracking Collapsing Loud Stressing_1_18_seg2.wav,Fire,FireDataset,5.0,train
X:\NEU\capstone\data\segments\wildfire\y2mate.com - DD Ambience  Building on Fire  Blaze Inferno Wood Cracking Collapsing Loud Stressing_1_27_seg3.wav,Fire,FireDataset,5.0,val
X:\NEU\capstone\data\segments\wildfire\videoplayback_42_seg1.wav,Fire,FireDataset,5.0,train
X:\NEU\capstone\data\segments\wildfire\y2mate.com - DD Ambience  Building on Fire  Blaze Inferno Wood Cracking Collapsing Loud Stressing_1_67_seg1.wav,Fire,FireDataset,5.0,train
X:\NEU\capstone\data\segments\wildfire\videoplayback_67_seg5.wav,Fire,FireDataset,5.0,train
X:\NEU\capstone\data\segments\wildfire\videoplayback_48_seg9.wav,Fire,FireDataset,5.0,train
X:\NEU\capstone\data\segments\wildfire\y2mate.com - DD Ambience  Building on Fire  Blaze Inferno Wood Cracking Collapsing Loud Stressing_1_23_seg2.wav,Fire,FireDataset,5.0,val
X:\NEU\capstone\data\segments\wildfire\videoplayback_08_seg7.wav,Fire,FireDataset,5.0,test
X:\NEU\capstone\data\segments\wildfire\y2mate.com - DD Ambience  Building on Fire  Blaze Inferno Wood Cracking Collapsing Loud Stressing_1_15_seg7.wav,Fire,FireDataset,5.0,train
X:\NEU\capstone\data\segments\wildfire\videoplayback_42_seg6.wav,Fire,FireDataset,5.0,test
X:\NEU\capstone\data\segments\fsd50k\423894.wav,Fire,FSD50K,9.9033125,train
X:\NEU\capstone\data\segments\fsd50k\195983.wav,Train,FSD50K,16.55725,train
X:\NEU\capstone\data\segments\fsd50k\334934.wav,Fire,FSD50K,17.4433125,test
X:\NEU\capstone\data\segments\wildfire\y2mate.com - DD Ambience  Building on Fire  Blaze Inferno Wood Cracking Collapsing Loud Stressing_68_seg2.wav,Fire,FireDataset,5.0,train
X:\NEU\capstone\data\segments\wildfire\y2mate.com - DD Ambience  Building on Fire  Blaze Inferno Wood Cracking Collapsing Loud Stressing_1_49_seg0.wav,Fire,FireDataset,5.0,train
X:\NEU\capstone\data\segments\fsd50k\394489.wav,Water,FSD50K,24.005625,test
X:\NEU\capstone\data\segments\fsd50k\17836.wav,Fire,FSD50K,14.0,test
X:\NEU\capstone\data\segments\fsd50k\339901.wav,Water,FSD50K,26.0,train
X:\NEU\capstone\data\segments\wildfire\y2mate.com - DD Ambience  Building on Fire  Blaze Inferno Wood Cracking Collapsing Loud Stressing_48_seg0.wav,Fire,FireDataset,5.0,train
X:\NEU\capstone\data\segments\wildfire\y2mate.com - DD Ambience  Building on Fire  Blaze Inferno Wood Cracking Collapsing Loud Stressing_1_29_seg1.wav,Fire,FireDataset,5.0,val
X:\NEU\capstone\data\segments\fsd50k\22930.wav,Thunder,FSD50K,15.0465,train
X:\NEU\capstone\data\segments\fsd50k\423357.wav,Train,FSD50K,2.0,train
X:\NEU\capstone\data\segments\fsd50k\16752.wav,Water,FSD50K,0.520375,train
X:\NEU\capstone\data\segments\wildfire\y2mate.com - DD Ambience  Building on Fire  Blaze Inferno Wood Cracking Collapsing Loud Stressing_1_09_seg6.wav,Fire,FireDataset,5.0,val
X:\NEU\capstone\data\segments\wildfire\y2mate.com - DD Ambience  Building on Fire  Blaze Inferno Wood Cracking Collapsing Loud Stressing_70_seg5.wav,Fire,FireDataset,5.0,train
X:\NEU\capstone\data\segments\fsd50k\251325.wav,Aircraft,FSD50K,27.629375,train
X:\NEU\capstone\data\segments\wildfire\y2mate.com - DD Ambience  Building on Fire  Blaze Inferno Wood Cracking Collapsing Loud Stressing_1_43_seg2.wav,Fire,FireDataset,5.0,train
X:\NEU\capstone\data\segments\wildfire\y2mate.com - DD Ambience  Building on Fire  Blaze Inferno Wood Cracking Collapsing Loud Stressing_1_03_seg3.wav,Fire,FireDataset,5.0,train
X:\NEU\capstone\data\segments\wildfire\y2mate.com - DD Ambience  Building on Fire  Blaze Inferno Wood Cracking Collapsing Loud Stressing_1_51_seg9.wav,Fire,FireDataset,5.0,train
X:\NEU\capstone\data\segments\wildfire\videoplayback_64_seg2.wav,Fire,FireDataset,5.0,train
X:\NEU\capstone\data\segments\wildfire\videoplayback_66_seg0.wav,Fire,FireDataset,5.0,train
X:\NEU\capstone\data\segments\wildfire\videoplayback_46_seg7.wav,Fire,FireDataset,5.0,val
X:\NEU\capstone\data\segments\wildfire\y2mate.com - DD Ambience  Building on Fire  Blaze Inferno Wood Cracking Collapsing Loud Stressing_1_30_seg1.wav,Fire,FireDataset,5.0,test
X:\NEU\capstone\data\segments\fsd50k\141440.wav,Water,FSD50K,21.5851875,val
X:\NEU\capstone\data\segments\fsd50k\135585.wav,Train,FSD50K,4.538125,train
X:\NEU\capstone\data\segments\wildfire\y2mate.com - DD Ambience  Building on Fire  Blaze Inferno Wood Cracking Collapsing Loud Stressing_49_seg9.wav,Fire,FireDataset,5.0,train
X:\NEU\capstone\data\segments\wildfire\y2mate.com - DD Ambience  Building on Fire  Blaze Inferno Wood Cracking Collapsing Loud Stressing_1_02_seg7.wav,Fire,FireDataset,5.0,train
X:\NEU\capstone\data\segments\fsd50k\250646.wav,Water,FSD50K,3.2706875,train
X:\NEU\capstone\data\segments\wildfire\videoplayback_10_seg6.wav,Fire,FireDataset,5.0,train
X:\NEU\capstone\data\segments\fsd50k\73315.wav,Water,FSD50K,3.3436875,train
X:\NEU\capstone\data\segments\wildfire\y2mate.com - DD Ambience  Building on Fire  Blaze Inferno Wood Cracking Collapsing Loud Stressing_04_seg0.wav,Fire,FireDataset,5.0,train
X:\NEU\capstone\data\segments\wildfire\y2mate.com - DD Ambience  Building on Fire  Blaze Inferno Wood Cracking Collapsing Loud Stressing_01_seg7.wav,Fire,FireDataset,5.0,test
X:\NEU\capstone\data\segments\fsd50k\237407.wav,Fire,FSD50K,2.272,val
X:\NEU\capstone\data\segments\wildfire\videoplayback_06_seg5.wav,Fire,FireDataset,5.0,train
X:\NEU\capstone\data\segments\fsd50k\195433.wav,Thunder,FSD50K,11.2159375,train
X:\NEU\capstone\data\segments\fsd50k\98205.wav,Fire,FSD50K,29.7706875,train
X:\NEU\capstone\data\segments\wildfire\y2mate.com - DD Ambience  Building on Fire  Blaze Inferno Wood Cracking Collapsing Loud Stressing_1_24_seg7.wav,Fire,FireDataset,5.0,train
X:\NEU\capstone\data\segments\wildfire\y2mate.com - DD Ambience  Building on Fire  Blaze Inferno Wood Cracking Collapsing Loud Stressing_1_42_seg4.wav,Fire,FireDataset,5.0,train
X:\NEU\capstone\data\segments\wildfire\videoplayback_64_seg3.wav,Fire,FireDataset,5.0,train
X:\NEU\capstone\data\segments\fsd50k\42988.wav,Water,FSD50K,6.8349375,train
X:\NEU\capstone\data\segments\wildfire\y2mate.com - DD Ambience  Building on Fire  Blaze Inferno Wood Cracking Collapsing Loud Stressing_1_57_seg7.wav,Fire,FireDataset,5.0,train
X:\NEU\capstone\data\segments\fsd50k\275601.wav,Thunder,FSD50K,14.8331875,train
X:\NEU\capstone\data\segments\wildfire\y2mate.com - DD Ambience  Building on Fire  Blaze Inferno Wood Cracking Collapsing Loud Stressing_1_04_seg0.wav,Fire,FireDataset,5.0,train
X:\NEU\capstone\data\segments\fsd50k\103025.wav,Train,FSD50K,18.9583125,train
X:\NEU\capstone\data\segments\wildfire\videoplayback_67_seg3.wav,Fire,FireDataset,5.0,train
X:\NEU\capstone\data\segments\fsd50k\193301.wav,Fire,FSD50K,7.408,train
X:\NEU\capstone\data\segments\fsd50k\160911.wav,Thunder,FSD50K,12.852375,train
X:\NEU\capstone\data\segments\wildfire\y2mate.com - DD Ambience  Building on Fire  Blaze Inferno Wood Cracking Collapsing Loud Stressing_64_seg9.wav,Fire,FireDataset,5.0,train
X:\NEU\capstone\data\segments\fsd50k\380773.wav,Fire,FSD50K,26.7508125,val
X:\NEU\capstone\data\segments\wildfire\y2mate.com - DD Ambience  Building on Fire  Blaze Inferno Wood Cracking Collapsing Loud Stressing_1_62_seg2.wav,Fire,FireDataset,5.0,train
X:\NEU\capstone\data\segments\wildfire\y2mate.com - DD Ambience  Building on Fire  Blaze Inferno Wood Cracking Collapsing Loud Stressing_1_23_seg6.wav,Fire,FireDataset,5.0,train
X:\NEU\capstone\data\segments\wildfire\videoplayback_13_seg3.wav,Fire,FireDataset,5.0,train
X:\NEU\capstone\data\segments\fsd50k\17607.wav,Wind,FSD50K,7.3275,test
X:\NEU\capstone\data\segments\fsd50k\39881.wav,Thunder,FSD50K,28.8391875,train
X:\NEU\capstone\data\segments\wildfire\videoplayback_03_seg5.wav,Fire,FireDataset,5.0,val
X:\NEU\capstone\data\segments\fsd50k\112802.wav,Train,FSD50K,10.58,train
X:\NEU\capstone\data\segments\fsd50k\109291.wav,Wind,FSD50K,11.8226875,test
X:\NEU\capstone\data\segments\fsd50k\50061.wav,Water,FSD50K,27.8181875,test
X:\NEU\capstone\data\segments\fsd50k\146921.wav,Train,FSD50K,23.398625,train
X:\NEU\capstone\data\segments\fsd50k\38249.wav,Thunder,FSD50K,16.0,train
X:\NEU\capstone\data\segments\wildfire\y2mate.com - DD Ambience  Building on Fire  Blaze Inferno Wood Cracking Collapsing Loud Stressing_1_05_seg3.wav,Fire,FireDataset,5.0,train
X:\NEU\capstone\data\segments\fsd50k\182906.wav,Wind,FSD50K,6.8708125,train
X:\NEU\capstone\data\segments\wildfire\videoplayback_05_seg5.wav,Fire,FireDataset,5.0,train
X:\NEU\capstone\data\segments\fsd50k\28314.wav,Fire,FSD50K,26.893,test
X:\NEU\capstone\data\segments\wildfire\y2mate.com - DD Ambience  Building on Fire  Blaze Inferno Wood Cracking Collapsing Loud Stressing_1_24_seg8.wav,Fire,FireDataset,5.0,train
X:\NEU\capstone\data\segments\wildfire\videoplayback_21_seg2.wav,Fire,FireDataset,5.0,train
X:\NEU\capstone\data\segments\wildfire\videoplayback_14_seg4.wav,Fire,FireDataset,5.0,val
X:\NEU\capstone\data\segments\fsd50k\17875.wav,Fire,FSD50K,13.3979375,train
X:\NEU\capstone\data\segments\wildfire\videoplayback_53_seg4.wav,Fire,FireDataset,5.0,train
X:\NEU\capstone\data\segments\fsd50k\347303.wav,Water,FSD50K,15.246125,train
X:\NEU\capstone\data\segments\fsd50k\114393.wav,Fire,FSD50K,1.59725,test
X:\NEU\capstone\data\segments\wildfire\videoplayback_56_seg1.wav,Fire,FireDataset,5.0,train
X:\NEU\capstone\data\segments\fsd50k\320693.wav,Wind,FSD50K,25.85,train
X:\NEU\capstone\data\segments\wildfire\y2mate.com - DD Ambience  Building on Fire  Blaze Inferno Wood Cracking Collapsing Loud Stressing_08_seg1.wav,Fire,FireDataset,5.0,train
X:\NEU\capstone\data\segments\fsd50k\101202.wav,Train,FSD50K,17.7493125,train
X:\NEU\capstone\data\segments\fsd50k\152676.wav,Fire,FSD50K,5.778375,train
X:\NEU\capstone\data\segments\fsd50k\187681.wav,Aircraft,FSD50K,6.3185,train
X:\NEU\capstone\data\segments\wildfire\y2mate.com - DD Ambience  Building on Fire  Blaze Inferno Wood Cracking Collapsing Loud Stressing_1_13_seg2.wav,Fire,FireDataset,5.0,val
X:\NEU\capstone\data\segments\fsd50k\316850.wav,Thunder,FSD50K,3.3090625,train
X:\NEU\capstone\data\segments\fsd50k\422850.wav,Fire,FSD50K,2.5143125,train
X:\NEU\capstone\data\segments\wildfire\videoplayback_41_seg9.wav,Fire,FireDataset,5.0,test
X:\NEU\capstone\data\segments\fsd50k\337735.wav,Fire,FSD50K,6.8285,train
X:\NEU\capstone\data\segments\wildfire\videoplayback_03_seg9.wav,Fire,FireDataset,5.0,test
X:\NEU\capstone\data\segments\wildfire\y2mate.com - DD Ambience  Building on Fire  Blaze Inferno Wood Cracking Collapsing Loud Stressing_22_seg1.wav,Fire,FireDataset,5.0,train
X:\NEU\capstone\data\segments\fsd50k\141272.wav,Train,FSD50K,12.1991875,train
X:\NEU\capstone\data\segments\wildfire\y2mate.com - DD Ambience  Building on Fire  Blaze Inferno Wood Cracking Collapsing Loud Stressing_1_54_seg4.wav,Fire,FireDataset,5.0,train
X:\NEU\capstone\data\segments\fsd50k\47521.wav,Train,FSD50K,16.8679375,test
X:\NEU\capstone\data\segments\wildfire\y2mate.com - DD Ambience  Building on Fire  Blaze Inferno Wood Cracking Collapsing Loud Stressing_49_seg1.wav,Fire,FireDataset,5.0,train
X:\NEU\capstone\data\segments\wildfire\y2mate.com - DD Ambience  Building on Fire  Blaze Inferno Wood Cracking Collapsing Loud Stressing_1_66_seg0.wav,Fire,FireDataset,5.0,train
X:\NEU\capstone\data\segments\fsd50k\406760.wav,Water,FSD50K,0.867375,train
X:\NEU\capstone\data\segments\wildfire\y2mate.com - DD Ambience  Building on Fire  Blaze Inferno Wood Cracking Collapsing Loud Stressing_1_15_seg0.wav,Fire,FireDataset,5.0,train
X:\NEU\capstone\data\segments\wildfire\y2mate.com - DD Ambience  Building on Fire  Blaze Inferno Wood Cracking Collapsing Loud Stressing_27_seg4.wav,Fire,FireDataset,5.0,train
X:\NEU\capstone\data\segments\wildfire\videoplayback_15_seg5.wav,Fire,FireDataset,5.0,train
X:\NEU\capstone\data\segments\wildfire\videoplayback_59_seg8.wav,Fire,FireDataset,5.0,train
X:\NEU\capstone\data\segments\wildfire\y2mate.com - DD Ambience  Building on Fire  Blaze Inferno Wood Cracking Collapsing Loud Stressing_08_seg9.wav,Fire,FireDataset,5.0,train
X:\NEU\capstone\data\segments\wildfire\y2mate.com - DD Ambience  Building on Fire  Blaze Inferno Wood Cracking Collapsing Loud Stressing_1_25_seg5.wav,Fire,FireDataset,5.0,val
X:\NEU\capstone\data\segments\fsd50k\268803.wav,Fire,FSD50K,5.0383125,train
X:\NEU\capstone\data\segments\wildfire\y2mate.com - DD Ambience  Building on Fire  Blaze Inferno Wood Cracking Collapsing Loud Stressing_1_68_seg6.wav,Fire,FireDataset,5.0,train
X:\NEU\capstone\data\segments\wildfire\y2mate.com - DD Ambience  Building on Fire  Blaze Inferno Wood Cracking Collapsing Loud Stressing_1_01_seg8.wav,Fire,FireDataset,5.0,train
X:\NEU\capstone\data\segments\wildfire\videoplayback_67_seg7.wav,Fire,FireDataset,5.0,train
X:\NEU\capstone\data\segments\fsd50k\127976.wav,Thunder,FSD50K,10.6376875,train
X:\NEU\capstone\data\segments\fsd50k\48508.wav,Thunder,FSD50K,12.3558125,train
X:\NEU\capstone\data\segments\wildfire\y2mate.com - DD Ambience  Building on Fire  Blaze Inferno Wood Cracking Collapsing Loud Stressing_1_02_seg0.wav,Fire,FireDataset,5.0,train
X:\NEU\capstone\data\segments\fsd50k\58254.wav,Thunder,FSD50K,21.969,test
X:\NEU\capstone\data\segments\fsd50k\381152.wav,Wind,FSD50K,14.7413125,train
X:\NEU\capstone\data\segments\fsd50k\192439.wav,Water,FSD50K,16.9795625,train
X:\NEU\capstone\data\segments\fsd50k\369398.wav,Water,FSD50K,24.405625,train
X:\NEU\capstone\data\segments\wildfire\y2mate.com - DD Ambience  Building on Fire  Blaze Inferno Wood Cracking Collapsing Loud Stressing_53_seg5.wav,Fire,FireDataset,5.0,test
X:\NEU\capstone\data\segments\fsd50k\76256.wav,Wind,FSD50K,7.3665,train
X:\NEU\capstone\data\segments\wildfire\y2mate.com - DD Ambience  Building on Fire  Blaze Inferno Wood Cracking Collapsing Loud Stressing_1_13_seg3.wav,Fire,FireDataset,5.0,train
X:\NEU\capstone\data\segments\fsd50k\156315.wav,Fire,FSD50K,20.9645625,train
X:\NEU\capstone\data\segments\wildfire\y2mate.com - DD Ambience  Building on Fire  Blaze Inferno Wood Cracking Collapsing Loud Stressing_1_38_seg4.wav,Fire,FireDataset,5.0,train
X:\NEU\capstone\data\segments\fsd50k\263522.wav,Aircraft,FSD50K,6.72,train
X:\NEU\capstone\data\segments\fsd50k\399327.wav,Thunder,FSD50K,25.7334375,val
X:\NEU\capstone\data\segments\fsd50k\156337.wav,Fire,FSD50K,8.324375,train
X:\NEU\capstone\data\segments\wildfire\y2mate.com - DD Ambience  Building on Fire  Blaze Inferno Wood Cracking Collapsing Loud Stressing_05_seg2.wav,Fire,FireDataset,5.0,train
X:\NEU\capstone\data\segments\wildfire\y2mate.com - DD Ambience  Building on Fire  Blaze Inferno Wood Cracking Collapsing Loud Stressing_1_29_seg6.wav,Fire,FireDataset,5.0,train
X:\NEU\capstone\data\segments\fsd50k\245385.wav,Water,FSD50K,14.5,train
X:\NEU\capstone\data\segments\wildfire\y2mate.com - DD Ambience  Building on Fire  Blaze Inferno Wood Cracking Collapsing Loud Stressing_1_18_seg0.wav,Fire,FireDataset,5.0,test
X:\NEU\capstone\data\segments\wildfire\y2mate.com - DD Ambience  Building on Fire  Blaze Inferno Wood Cracking Collapsing Loud Stressing_1_64_seg6.wav,Fire,FireDataset,5.0,train
X:\NEU\capstone\data\segments\wildfire\y2mate.com - DD Ambience  Building on Fire  Blaze Inferno Wood Cracking Collapsing Loud Stressing_1_04_seg6.wav,Fire,FireDataset,5.0,train
X:\NEU\capstone\data\segments\wildfire\y2mate.com - DD Ambience  Building on Fire  Blaze Inferno Wood Cracking Collapsing Loud Stressing_37_seg1.wav,Fire,FireDataset,5.0,train
X:\NEU\capstone\data\segments\fsd50k\17656.wav,Fire,FSD50K,16.219125,train
X:\NEU\capstone\data\segments\wildfire\videoplayback_52_seg4.wav,Fire,FireDataset,5.0,train
X:\NEU\capstone\data\segments\wildfire\y2mate.com - DD Ambience  Building on Fire  Blaze Inferno Wood Cracking Collapsing Loud Stressing_1_37_seg4.wav,Fire,FireDataset,5.0,val
X:\NEU\capstone\data\segments\fsd50k\18994.wav,Train,FSD50K,5.4874375,test
X:\NEU\capstone\data\segments\fsd50k\238794.wav,Thunder,FSD50K,8.568375,train
X:\NEU\capstone\data\segments\fsd50k\59782.wav,Train,FSD50K,13.6103125,train
X:\NEU\capstone\data\segments\wildfire\y2mate.com - DD Ambience  Building on Fire  Blaze Inferno Wood Cracking Collapsing Loud Stressing_63_seg5.wav,Fire,FireDataset,5.0,train
X:\NEU\capstone\data\segments\wildfire\y2mate.com - DD Ambience  Building on Fire  Blaze Inferno Wood Cracking Collapsing Loud Stressing_1_49_seg9.wav,Fire,FireDataset,5.0,train
X:\NEU\capstone\data\segments\wildfire\y2mate.com - DD Ambience  Building on Fire  Blaze Inferno Wood Cracking Collapsing Loud Stressing_1_26_seg9.wav,Fire,FireDataset,5.0,val
X:\NEU\capstone\data\segments\fsd50k\423811.wav,Fire,FSD50K,1.422375,train
X:\NEU\capstone\data\segments\wildfire\y2mate.com - DD Ambience  Building on Fire  Blaze Inferno Wood Cracking Collapsing Loud Stressing_1_46_seg3.wav,Fire,FireDataset,5.0,train
X:\NEU\capstone\data\segments\wildfire\y2mate.com - DD Ambience  Building on Fire  Blaze Inferno Wood Cracking Collapsing Loud Stressing_21_seg4.wav,Fire,FireDataset,5.0,test
X:\NEU\capstone\data\segments\fsd50k\69509.wav,Wind,FSD50K,9.8916875,train
X:\NEU\capstone\data\segments\fsd50k\400927.wav,Fire,FSD50K,9.2256875,train
X:\NEU\capstone\data\segments\fsd50k\399219.wav,Fire,FSD50K,0.7685625,train
X:\NEU\capstone\data\segments\fsd50k\18997.wav,Train,FSD50K,3.813375,val
X:\NEU\capstone\data\segments\wildfire\videoplayback_08_seg9.wav,Fire,FireDataset,5.0,train
X:\NEU\capstone\data\segments\fsd50k\420308.wav,Wind,FSD50K,1.0004375,val
X:\NEU\capstone\data\segments\fsd50k\184724.wav,Fire,FSD50K,6.0,train
X:\NEU\capstone\data\segments\wildfire\y2mate.com - DD Ambience  Building on Fire  Blaze Inferno Wood Cracking Collapsing Loud Stressing_27_seg8.wav,Fire,FireDataset,5.0,val
X:\NEU\capstone\data\segments\fsd50k\387924.wav,Fire,FSD50K,20.1371875,test
X:\NEU\capstone\data\segments\wildfire\y2mate.com - DD Ambience  Building on Fire  Blaze Inferno Wood Cracking Collapsing Loud Stressing_1_03_seg8.wav,Fire,FireDataset,5.0,train
X:\NEU\capstone\data\segments\fsd50k\182898.wav,Wind,FSD50K,4.8060625,train
X:\NEU\capstone\data\segments\wildfire\videoplayback_72_seg2.wav,Fire,FireDataset,5.0,train
X:\NEU\capstone\data\segments\fsd50k\415531.wav,Fire,FSD50K,6.083625,train
X:\NEU\capstone\data\segments\wildfire\y2mate.com - DD Ambience  Building on Fire  Blaze Inferno Wood Cracking Collapsing Loud Stressing_48_seg2.wav,Fire,FireDataset,5.0,train
X:\NEU\capstone\data\segments\fsd50k\420469.wav,Water,FSD50K,25.360875,train
X:\NEU\capstone\data\segments\wildfire\videoplayback_65_seg1.wav,Fire,FireDataset,5.0,train
X:\NEU\capstone\data\segments\fsd50k\410394.wav,Fire,FSD50K,6.3791875,train
X:\NEU\capstone\data\segments\wildfire\y2mate.com - DD Ambience  Building on Fire  Blaze Inferno Wood Cracking Collapsing Loud Stressing_15_seg3.wav,Fire,FireDataset,5.0,val
X:\NEU\capstone\data\segments\wildfire\videoplayback_16_seg1.wav,Fire,FireDataset,5.0,train
X:\NEU\capstone\data\segments\wildfire\y2mate.com - DD Ambience  Building on Fire  Blaze Inferno Wood Cracking Collapsing Loud Stressing_25_seg3.wav,Fire,FireDataset,5.0,train
X:\NEU\capstone\data\segments\fsd50k\427551.wav,Thunder,FSD50K,18.75,train
X:\NEU\capstone\data\segments\wildfire\videoplayback_22_seg0.wav,Fire,FireDataset,5.0,train
X:\NEU\capstone\data\segments\fsd50k\199757.wav,Thunder,FSD50K,22.4130625,train
X:\NEU\capstone\data\segments\fsd50k\237391.wav,Fire,FSD50K,1.999,test
X:\NEU\capstone\data\segments\wildfire\y2mate.com - DD Ambience  Building on Fire  Blaze Inferno Wood Cracking Collapsing Loud Stressing_1_27_seg5.wav,Fire,FireDataset,5.0,train
X:\NEU\capstone\data\segments\fsd50k\420299.wav,Wind,FSD50K,1.63375,train
X:\NEU\capstone\data\segments\wildfire\y2mate.com - DD Ambience  Building on Fire  Blaze Inferno Wood Cracking Collapsing Loud Stressing_33_seg1.wav,Fire,FireDataset,5.0,train
X:\NEU\capstone\data\segments\wildfire\videoplayback_52_seg0.wav,Fire,FireDataset,5.0,test
X:\NEU\capstone\data\segments\fsd50k\363937.wav,Wind,FSD50K,0.832,train
X:\NEU\capstone\data\segments\fsd50k\208862.wav,Wind,FSD50K,4.0693125,train
X:\NEU\capstone\data\segments\wildfire\y2mate.com - DD Ambience  Building on Fire  Blaze Inferno Wood Cracking Collapsing Loud Stressing_03_seg1.wav,Fire,FireDataset,5.0,train
X:\NEU\capstone\data\segments\wildfire\y2mate.com - DD Ambience  Building on Fire  Blaze Inferno Wood Cracking Collapsing Loud Stressing_39_seg9.wav,Fire,FireDataset,5.0,train
X:\NEU\capstone\data\segments\wildfire\y2mate.com - DD Ambience  Building on Fire  Blaze Inferno Wood Cracking Collapsing Loud Stressing_1_14_seg0.wav,Fire,FireDataset,5.0,train
X:\NEU\capstone\data\segments\wildfire\y2mate.com - DD Ambience  Building on Fire  Blaze Inferno Wood Cracking Collapsing Loud Stressing_07_seg4.wav,Fire,FireDataset,5.0,train
X:\NEU\capstone\data\segments\fsd50k\380679.wav,Train,FSD50K,17.1130625,train
X:\NEU\capstone\data\segments\wildfire\y2mate.com - DD Ambience  Building on Fire  Blaze Inferno Wood Cracking Collapsing Loud Stressing_16_seg0.wav,Fire,FireDataset,5.0,train
X:\NEU\capstone\data\segments\fsd50k\341905.wav,Train,FSD50K,25.4930625,train
X:\NEU\capstone\data\segments\wildfire\y2mate.com - DD Ambience  Building on Fire  Blaze Inferno Wood Cracking Collapsing Loud Stressing_14_seg9.wav,Fire,FireDataset,5.0,train
X:\NEU\capstone\data\segments\fsd50k\67828.wav,Water,FSD50K,28.096,train
X:\NEU\capstone\data\segments\wildfire\videoplayback_47_seg6.wav,Fire,FireDataset,5.0,train
X:\NEU\capstone\data\segments\wildfire\y2mate.com - DD Ambience  Building on Fire  Blaze Inferno Wood Cracking Collapsing Loud Stressing_08_seg8.wav,Fire,FireDataset,5.0,train
X:\NEU\capstone\data\segments\fsd50k\423889.wav,Fire,FSD50K,8.99775,train
X:\NEU\capstone\data\segments\fsd50k\361414.wav,Wind,FSD50K,19.2586875,test
X:\NEU\capstone\data\segments\fsd50k\262005.wav,Water,FSD50K,22.75,train
X:\NEU\capstone\data\segments\wildfire\y2mate.com - DD Ambience  Building on Fire  Blaze Inferno Wood Cracking Collapsing Loud Stressing_49_seg6.wav,Fire,FireDataset,5.0,train
X:\NEU\capstone\data\segments\fsd50k\376838.wav,Fire,FSD50K,14.72,train
X:\NEU\capstone\data\segments\fsd50k\37339.wav,Thunder,FSD50K,17.064,test
X:\NEU\capstone\data\segments\wildfire\y2mate.com - DD Ambience  Building on Fire  Blaze Inferno Wood Cracking Collapsing Loud Stressing_06_seg4.wav,Fire,FireDataset,5.0,train
X:\NEU\capstone\data\segments\wildfire\videoplayback_05_seg0.wav,Fire,FireDataset,5.0,train
X:\NEU\capstone\data\segments\wildfire\videoplayback_26_seg6.wav,Fire,FireDataset,5.0,train
X:\NEU\capstone\data\segments\fsd50k\181567.wav,Fire,FSD50K,11.5253125,train
X:\NEU\capstone\data\segments\fsd50k\434126.wav,Thunder,FSD50K,18.9208125,train
X:\NEU\capstone\data\segments\wildfire\y2mate.com - DD Ambience  Building on Fire  Blaze Inferno Wood Cracking Collapsing Loud Stressing_1_35_seg6.wav,Fire,FireDataset,5.0,train
X:\NEU\capstone\data\segments\wildfire\y2mate.com - DD Ambience  Building on Fire  Blaze Inferno Wood Cracking Collapsing Loud Stressing_1_41_seg9.wav,Fire,FireDataset,5.0,train
X:\NEU\capstone\data\segments\fsd50k\348766.wav,Fire,FSD50K,11.640625,val
X:\NEU\capstone\data\segments\wildfire\y2mate.com - DD Ambience  Building on Fire  Blaze Inferno Wood Cracking Collapsing Loud Stressing_1_27_seg0.wav,Fire,FireDataset,5.0,train
X:\NEU\capstone\data\segments\fsd50k\154926.wav,Aircraft,FSD50K,7.7655625,train
X:\NEU\capstone\data\segments\fsd50k\61285.wav,Water,FSD50K,10.6318125,train
X:\NEU\capstone\data\segments\fsd50k\58251.wav,Thunder,FSD50K,21.60325,train
X:\NEU\capstone\data\segments\wildfire\y2mate.com - DD Ambience  Building on Fire  Blaze Inferno Wood Cracking Collapsing Loud Stressing_1_59_seg3.wav,Fire,FireDataset,5.0,train
X:\NEU\capstone\data\segments\fsd50k\388902.wav,Fire,FSD50K,1.856,train
X:\NEU\capstone\data\segments\fsd50k\48523.wav,Thunder,FSD50K,12.2136875,train
X:\NEU\capstone\data\segments\wildfire\videoplayback_49_seg1.wav,Fire,FireDataset,5.0,train
X:\NEU\capstone\data\segments\fsd50k\103325.wav,Aircraft,FSD50K,28.0555,train
X:\NEU\capstone\data\segments\fsd50k\74467.wav,Thunder,FSD50K,18.67925,train
X:\NEU\capstone\data\segments\wildfire\y2mate.com - DD Ambience  Building on Fire  Blaze Inferno Wood Cracking Collapsing Loud Stressing_1_39_seg6.wav,Fire,FireDataset,5.0,train
X:\NEU\capstone\data\segments\wildfire\y2mate.com - DD Ambience  Building on Fire  Blaze Inferno Wood Cracking Collapsing Loud Stressing_1_32_seg2.wav,Fire,FireDataset,5.0,train
X:\NEU\capstone\data\segments\wildfire\y2mate.com - DD Ambience  Building on Fire  Blaze Inferno Wood Cracking Collapsing Loud Stressing_42_seg2.wav,Fire,FireDataset,5.0,train
X:\NEU\capstone\data\segments\wildfire\y2mate.com - DD Ambience  Building on Fire  Blaze Inferno Wood Cracking Collapsing Loud Stressing_61_seg9.wav,Fire,FireDataset,5.0,test
X:\NEU\capstone\data\segments\wildfire\y2mate.com - DD Ambience  Building on Fire  Blaze Inferno Wood Cracking Collapsing Loud Stressing_54_seg2.wav,Fire,FireDataset,5.0,train
X:\NEU\capstone\data\segments\wildfire\y2mate.com - DD Ambience  Building on Fire  Blaze Inferno Wood Cracking Collapsing Loud Stressing_1_21_seg4.wav,Fire,FireDataset,5.0,test
X:\NEU\capstone\data\segments\wildfire\y2mate.com - DD Ambience  Building on Fire  Blaze Inferno Wood Cracking Collapsing Loud Stressing_1_68_seg8.wav,Fire,FireDataset,5.0,train
X:\NEU\capstone\data\segments\wildfire\y2mate.com - DD Ambience  Building on Fire  Blaze Inferno Wood Cracking Collapsing Loud Stressing_1_66_seg1.wav,Fire,FireDataset,5.0,train
X:\NEU\capstone\data\segments\wildfire\y2mate.com - DD Ambience  Building on Fire  Blaze Inferno Wood Cracking Collapsing Loud Stressing_1_21_seg1.wav,Fire,FireDataset,5.0,test
X:\NEU\capstone\data\segments\fsd50k\151196.wav,Thunder,FSD50K,9.9864375,train
X:\NEU\capstone\data\segments\wildfire\y2mate.com - DD Ambience  Building on Fire  Blaze Inferno Wood Cracking Collapsing Loud Stressing_69_seg4.wav,Fire,FireDataset,5.0,train
X:\NEU\capstone\data\segments\wildfire\videoplayback_45_seg7.wav,Fire,FireDataset,5.0,test
X:\NEU\capstone\data\segments\fsd50k\121568.wav,Thunder,FSD50K,27.22875,train
X:\NEU\capstone\data\segments\wildfire\y2mate.com - DD Ambience  Building on Fire  Blaze Inferno Wood Cracking Collapsing Loud Stressing_1_56_seg3.wav,Fire,FireDataset,5.0,train
X:\NEU\capstone\data\segments\wildfire\y2mate.com - DD Ambience  Building on Fire  Blaze Inferno Wood Cracking Collapsing Loud Stressing_13_seg8.wav,Fire,FireDataset,5.0,train
X:\NEU\capstone\data\segments\wildfire\y2mate.com - DD Ambience  Building on Fire  Blaze Inferno Wood Cracking Collapsing Loud Stressing_44_seg1.wav,Fire,FireDataset,5.0,train
X:\NEU\capstone\data\segments\fsd50k\268674.wav,Water,FSD50K,21.0590625,train
X:\NEU\capstone\data\segments\fsd50k\423892.wav,Fire,FSD50K,9.514875,train
X:\NEU\capstone\data\segments\wildfire\y2mate.com - DD Ambience  Building on Fire  Blaze Inferno Wood Cracking Collapsing Loud Stressing_1_51_seg0.wav,Fire,FireDataset,5.0,test
X:\NEU\capstone\data\segments\fsd50k\394403.wav,Fire,FSD50K,9.2540625,train
X:\NEU\capstone\data\segments\fsd50k\272334.wav,Fire,FSD50K,22.903875,train
X:\NEU\capstone\data\segments\wildfire\y2mate.com - DD Ambience  Building on Fire  Blaze Inferno Wood Cracking Collapsing Loud Stressing_67_seg0.wav,Fire,FireDataset,5.0,train
X:\NEU\capstone\data\segments\wildfire\y2mate.com - DD Ambience  Building on Fire  Blaze Inferno Wood Cracking Collapsing Loud Stressing_1_71_seg5.wav,Fire,FireDataset,5.0,train
X:\NEU\capstone\data\segments\fsd50k\186907.wav,Thunder,FSD50K,28.3785,train
X:\NEU\capstone\data\segments\wildfire\y2mate.com - DD Ambience  Building on Fire  Blaze Inferno Wood Cracking Collapsing Loud Stressing_65_seg3.wav,Fire,FireDataset,5.0,train
X:\NEU\capstone\data\segments\fsd50k\421589.wav,Fire,FSD50K,21.1173125,train
X:\NEU\capstone\data\segments\wildfire\y2mate.com - DD Ambience  Building on Fire  Blaze Inferno Wood Cracking Collapsing Loud Stressing_1_07_seg9.wav,Fire,FireDataset,5.0,val
X:\NEU\capstone\data\segments\fsd50k\74998.wav,Water,FSD50K,12.669375,train
X:\NEU\capstone\data\segments\wildfire\y2mate.com - DD Ambience  Building on Fire  Blaze Inferno Wood Cracking Collapsing Loud Stressing_50_seg8.wav,Fire,FireDataset,5.0,train
X:\NEU\capstone\data\segments\wildfire\y2mate.com - DD Ambience  Building on Fire  Blaze Inferno Wood Cracking Collapsing Loud Stressing_1_05_seg9.wav,Fire,FireDataset,5.0,train
X:\NEU\capstone\data\segments\fsd50k\253612.wav,Wind,FSD50K,1.9025,test
X:\NEU\capstone\data\segments\fsd50k\79873.wav,Water,FSD50K,6.664125,train
X:\NEU\capstone\data\segments\fsd50k\151197.wav,Thunder,FSD50K,7.7954375,train
X:\NEU\capstone\data\segments\wildfire\y2mate.com - DD Ambience  Building on Fire  Blaze Inferno Wood Cracking Collapsing Loud Stressing_13_seg7.wav,Fire,FireDataset,5.0,train
X:\NEU\capstone\data\segments\fsd50k\127975.wav,Thunder,FSD50K,17.5234375,train
X:\NEU\capstone\data\segments\wildfire\y2mate.com - DD Ambience  Building on Fire  Blaze Inferno Wood Cracking Collapsing Loud Stressing_1_45_seg9.wav,Fire,FireDataset,5.0,train
X:\NEU\capstone\data\segments\wildfire\videoplayback_52_seg7.wav,Fire,FireDataset,5.0,train
X:\NEU\capstone\data\segments\fsd50k\95036.wav,Thunder,FSD50K,22.322375,train
X:\NEU\capstone\data\segments\fsd50k\316689.wav,Train,FSD50K,4.3303125,train
X:\NEU\capstone\data\segments\wildfire\videoplayback_22_seg7.wav,Fire,FireDataset,5.0,test
X:\NEU\capstone\data\segments\wildfire\videoplayback_11_seg0.wav,Fire,FireDataset,5.0,test
X:\NEU\capstone\data\segments\fsd50k\219467.wav,Aircraft,FSD50K,23.205875,train
X:\NEU\capstone\data\segments\fsd50k\112688.wav,Train,FSD50K,14.1569375,train
X:\NEU\capstone\data\segments\wildfire\videoplayback_22_seg6.wav,Fire,FireDataset,5.0,train
X:\NEU\capstone\data\segments\wildfire\videoplayback_59_seg4.wav,Fire,FireDataset,5.0,train
X:\NEU\capstone\data\segments\wildfire\y2mate.com - DD Ambience  Building on Fire  Blaze Inferno Wood Cracking Collapsing Loud Stressing_48_seg9.wav,Fire,FireDataset,5.0,test
X:\NEU\capstone\data\segments\wildfire\y2mate.com - DD Ambience  Building on Fire  Blaze Inferno Wood Cracking Collapsing Loud Stressing_19_seg4.wav,Fire,FireDataset,5.0,train
X:\NEU\capstone\data\segments\fsd50k\16749.wav,Water,FSD50K,0.344375,train
X:\NEU\capstone\data\segments\fsd50k\193334.wav,Thunder,FSD50K,22.4885,train
X:\NEU\capstone\data\segments\fsd50k\380680.wav,Train,FSD50K,20.590625,train
X:\NEU\capstone\data\segments\fsd50k\410738.wav,Train,FSD50K,19.6901875,val
X:\NEU\capstone\data\segments\fsd50k\251364.wav,Fire,FSD50K,24.0,train
X:\NEU\capstone\data\segments\fsd50k\71242.wav,Train,FSD50K,9.6130625,train
X:\NEU\capstone\data\segments\wildfire\y2mate.com - DD Ambience  Building on Fire  Blaze Inferno Wood Cracking Collapsing Loud Stressing_12_seg0.wav,Fire,FireDataset,5.0,train
X:\NEU\capstone\data\segments\fsd50k\327377.wav,Fire,FSD50K,6.0,train
X:\NEU\capstone\data\segments\wildfire\y2mate.com - DD Ambience  Building on Fire  Blaze Inferno Wood Cracking Collapsing Loud Stressing_35_seg5.wav,Fire,FireDataset,5.0,train
X:\NEU\capstone\data\segments\wildfire\videoplayback_21_seg4.wav,Fire,FireDataset,5.0,test
X:\NEU\capstone\data\segments\wildfire\y2mate.com - DD Ambience  Building on Fire  Blaze Inferno Wood Cracking Collapsing Loud Stressing_21_seg6.wav,Fire,FireDataset,5.0,test
X:\NEU\capstone\data\segments\wildfire\videoplayback_46_seg3.wav,Fire,FireDataset,5.0,train
X:\NEU\capstone\data\segments\wildfire\y2mate.com - DD Ambience  Building on Fire  Blaze Inferno Wood Cracking Collapsing Loud Stressing_1_66_seg7.wav,Fire,FireDataset,5.0,val
X:\NEU\capstone\data\segments\wildfire\y2mate.com - DD Ambience  Building on Fire  Blaze Inferno Wood Cracking Collapsing Loud Stressing_04_seg9.wav,Fire,FireDataset,5.0,train
X:\NEU\capstone\data\segments\wildfire\y2mate.com - DD Ambience  Building on Fire  Blaze Inferno Wood Cracking Collapsing Loud Stressing_1_18_seg6.wav,Fire,FireDataset,5.0,val
X:\NEU\capstone\data\segments\fsd50k\130787.wav,Fire,FSD50K,2.693125,train
X:\NEU\capstone\data\segments\wildfire\videoplayback_50_seg3.wav,Fire,FireDataset,5.0,train
X:\NEU\capstone\data\segments\wildfire\y2mate.com - DD Ambience  Building on Fire  Blaze Inferno Wood Cracking Collapsing Loud Stressing_13_seg4.wav,Fire,FireDataset,5.0,test
X:\NEU\capstone\data\segments\fsd50k\65338.wav,Water,FSD50K,23.604,train
X:\NEU\capstone\data\segments\wildfire\videoplayback_23_seg5.wav,Fire,FireDataset,5.0,train
X:\NEU\capstone\data\segments\fsd50k\152677.wav,Fire,FSD50K,9.8355,train
X:\NEU\capstone\data\segments\fsd50k\125849.wav,Train,FSD50K,14.053875,train
X:\NEU\capstone\data\segments\wildfire\y2mate.com - DD Ambience  Building on Fire  Blaze Inferno Wood Cracking Collapsing Loud Stressing_64_seg2.wav,Fire,FireDataset,5.0,train
X:\NEU\capstone\data\segments\wildfire\y2mate.com - DD Ambience  Building on Fire  Blaze Inferno Wood Cracking Collapsing Loud Stressing_1_67_seg8.wav,Fire,FireDataset,5.0,train
X:\NEU\capstone\data\segments\fsd50k\327771.wav,Wind,FSD50K,24.9208125,train
X:\NEU\capstone\data\segments\wildfire\y2mate.com - DD Ambience  Building on Fire  Blaze Inferno Wood Cracking Collapsing Loud Stressing_35_seg2.wav,Fire,FireDataset,5.0,test
X:\NEU\capstone\data\segments\fsd50k\148156.wav,Train,FSD50K,17.737125,train
X:\NEU\capstone\data\segments\fsd50k\414050.wav,Thunder,FSD50K,16.0,train
X:\NEU\capstone\data\segments\wildfire\y2mate.com - DD Ambience  Building on Fire  Blaze Inferno Wood Cracking Collapsing Loud Stressing_1_39_seg3.wav,Fire,FireDataset,5.0,train
X:\NEU\capstone\data\segments\wildfire\y2mate.com - DD Ambience  Building on Fire  Blaze Inferno Wood Cracking Collapsing Loud Stressing_1_16_seg9.wav,Fire,FireDataset,5.0,train
X:\NEU\capstone\data\segments\fsd50k\334932.wav,Fire,FSD50K,8.904375,train
X:\NEU\capstone\data\segments\fsd50k\340463.wav,Train,FSD50K,19.3491875,train
X:\NEU\capstone\data\segments\wildfire\y2mate.com - DD Ambience  Building on Fire  Blaze Inferno Wood Cracking Collapsing Loud Stressing_11_seg9.wav,Fire,FireDataset,5.0,val
X:\NEU\capstone\data\segments\fsd50k\386033.wav,Wind,FSD50K,8.31825,train
X:\NEU\capstone\data\segments\wildfire\y2mate.com - DD Ambience  Building on Fire  Blaze Inferno Wood Cracking Collapsing Loud Stressing_57_seg1.wav,Fire,FireDataset,5.0,val
X:\NEU\capstone\data\segments\wildfire\videoplayback_57_seg3.wav,Fire,FireDataset,5.0,train
X:\NEU\capstone\data\segments\wildfire\y2mate.com - DD Ambience  Building on Fire  Blaze Inferno Wood Cracking Collapsing Loud Stressing_72_seg2.wav,Fire,FireDataset,5.0,train
X:\NEU\capstone\data\segments\fsd50k\159692.wav,Thunder,FSD50K,5.375,train
X:\NEU\capstone\data\segments\fsd50k\321051.wav,Water,FSD50K,10.0,train
X:\NEU\capstone\data\segments\wildfire\y2mate.com - DD Ambience  Building on Fire  Blaze Inferno Wood Cracking Collapsing Loud Stressing_1_41_seg1.wav,Fire,FireDataset,5.0,val
X:\NEU\capstone\data\segments\fsd50k\332117.wav,Thunder,FSD50K,29.2571875,val
X:\NEU\capstone\data\segments\fsd50k\114479.wav,Train,FSD50K,26.3005625,train
X:\NEU\capstone\data\segments\fsd50k\114477.wav,Train,FSD50K,20.3725625,test
X:\NEU\capstone\data\segments\fsd50k\207251.wav,Wind,FSD50K,16.3923125,test
X:\NEU\capstone\data\segments\wildfire\y2mate.com - DD Ambience  Building on Fire  Blaze Inferno Wood Cracking Collapsing Loud Stressing_1_70_seg4.wav,Fire,FireDataset,5.0,train
X:\NEU\capstone\data\segments\fsd50k\422851.wav,Fire,FSD50K,1.334625,train
X:\NEU\capstone\data\segments\wildfire\y2mate.com - DD Ambience  Building on Fire  Blaze Inferno Wood Cracking Collapsing Loud Stressing_1_18_seg8.wav,Fire,FireDataset,5.0,train
X:\NEU\capstone\data\segments\fsd50k\112803.wav,Train,FSD50K,11.82075,train
X:\NEU\capstone\data\segments\wildfire\y2mate.com - DD Ambience  Building on Fire  Blaze Inferno Wood Cracking Collapsing Loud Stressing_63_seg7.wav,Fire,FireDataset,5.0,train
X:\NEU\capstone\data\segments\fsd50k\115108.wav,Water,FSD50K,29.728,test
X:\NEU\capstone\data\segments\wildfire\y2mate.com - DD Ambience  Building on Fire  Blaze Inferno Wood Cracking Collapsing Loud Stressing_51_seg1.wav,Fire,FireDataset,5.0,train
X:\NEU\capstone\data\segments\fsd50k\324669.wav,Fire,FSD50K,5.4203125,test
X:\NEU\capstone\data\segments\fsd50k\332184.wav,Train,FSD50K,17.444,train
X:\NEU\capstone\data\segments\fsd50k\214052.wav,Thunder,FSD50K,20.30775,train
X:\NEU\capstone\data\segments\fsd50k\329116.wav,Wind,FSD50K,11.6339375,train
X:\NEU\capstone\data\segments\fsd50k\433615.wav,Wind,FSD50K,10.0,val
X:\NEU\capstone\data\segments\fsd50k\85570.wav,Wind,FSD50K,12.9401875,train
X:\NEU\capstone\data\segments\fsd50k\16649.wav,Water,FSD50K,10.0,train
X:\NEU\capstone\data\segments\wildfire\y2mate.com - DD Ambience  Building on Fire  Blaze Inferno Wood Cracking Collapsing Loud Stressing_66_seg6.wav,Fire,FireDataset,5.0,train
X:\NEU\capstone\data\segments\fsd50k\77370.wav,Thunder,FSD50K,4.5553125,train
X:\NEU\capstone\data\segments\wildfire\y2mate.com - DD Ambience  Building on Fire  Blaze Inferno Wood Cracking Collapsing Loud Stressing_15_seg8.wav,Fire,FireDataset,5.0,train
X:\NEU\capstone\data\segments\wildfire\y2mate.com - DD Ambience  Building on Fire  Blaze Inferno Wood Cracking Collapsing Loud Stressing_1_07_seg1.wav,Fire,FireDataset,5.0,train
X:\NEU\capstone\data\segments\wildfire\y2mate.com - DD Ambience  Building on Fire  Blaze Inferno Wood Cracking Collapsing Loud Stressing_59_seg6.wav,Fire,FireDataset,5.0,train
X:\NEU\capstone\data\segments\fsd50k\340464.wav,Train,FSD50K,19.10325,train
X:\NEU\capstone\data\segments\fsd50k\381151.wav,Wind,FSD50K,1.9825,train
X:\NEU\capstone\data\segments\fsd50k\420321.wav,Wind,FSD50K,1.7698125,train
X:\NEU\capstone\data\segments\wildfire\y2mate.com - DD Ambience  Building on Fire  Blaze Inferno Wood Cracking Collapsing Loud Stressing_35_seg1.wav,Fire,FireDataset,5.0,train
X:\NEU\capstone\data\segments\fsd50k\50411.wav,Water,FSD50K,23.837375,train
X:\NEU\capstone\data\segments\wildfire\y2mate.com - DD Ambience  Building on Fire  Blaze Inferno Wood Cracking Collapsing Loud Stressing_07_seg2.wav,Fire,FireDataset,5.0,val
X:\NEU\capstone\data\segments\fsd50k\116175.wav,Train,FSD50K,10.5,train
X:\NEU\capstone\data\segments\fsd50k\37361.wav,Thunder,FSD50K,25.008,train
X:\NEU\capstone\data\segments\fsd50k\193470.wav,Fire,FSD50K,5.4069375,test
X:\NEU\capstone\data\segments\fsd50k\66974.wav,Train,FSD50K,14.6546875,test
X:\NEU\capstone\data\segments\fsd50k\18046.wav,Thunder,FSD50K,20.758375,train
X:\NEU\capstone\data\segments\wildfire\videoplayback_29_seg7.wav,Fire,FireDataset,5.0,train
X:\NEU\capstone\data\segments\fsd50k\182921.wav,Wind,FSD50K,12.6495625,test
X:\NEU\capstone\data\segments\fsd50k\196352.wav,Fire,FSD50K,28.1425625,train
X:\NEU\capstone\data\segments\fsd50k\372002.wav,Train,FSD50K,13.7265,train
X:\NEU\capstone\data\segments\fsd50k\178608.wav,Train,FSD50K,8.201625,train
X:\NEU\capstone\data\segments\wildfire\y2mate.com - DD Ambience  Building on Fire  Blaze Inferno Wood Cracking Collapsing Loud Stressing_71_seg6.wav,Fire,FireDataset,5.0,train
X:\NEU\capstone\data\segments\wildfire\y2mate.com - DD Ambience  Building on Fire  Blaze Inferno Wood Cracking Collapsing Loud Stressing_28_seg1.wav,Fire,FireDataset,5.0,train
X:\NEU\capstone\data\segments\wildfire\y2mate.com - DD Ambience  Building on Fire  Blaze Inferno Wood Cracking Collapsing Loud Stressing_54_seg3.wav,Fire,FireDataset,5.0,train
X:\NEU\capstone\data\segments\wildfire\y2mate.com - DD Ambience  Building on Fire  Blaze Inferno Wood Cracking Collapsing Loud Stressing_1_36_seg7.wav,Fire,FireDataset,5.0,train
X:\NEU\capstone\data\segments\wildfire\y2mate.com - DD Ambience  Building on Fire  Blaze Inferno Wood Cracking Collapsing Loud Stressing_68_seg9.wav,Fire,FireDataset,5.0,train
X:\NEU\capstone\data\segments\wildfire\y2mate.com - DD Ambience  Building on Fire  Blaze Inferno Wood Cracking Collapsing Loud Stressing_1_64_seg7.wav,Fire,FireDataset,5.0,train
X:\NEU\capstone\data\segments\wildfire\videoplayback_63_seg3.wav,Fire,FireDataset,5.0,train
X:\NEU\capstone\data\segments\wildfire\videoplayback_58_seg1.wav,Fire,FireDataset,5.0,train
X:\NEU\capstone\data\segments\wildfire\videoplayback_15_seg0.wav,Fire,FireDataset,5.0,train
X:\NEU\capstone\data\segments\wildfire\y2mate.com - DD Ambience  Building on Fire  Blaze Inferno Wood Cracking Collapsing Loud Stressing_62_seg5.wav,Fire,FireDataset,5.0,train
X:\NEU\capstone\data\segments\wildfire\y2mate.com - DD Ambience  Building on Fire  Blaze Inferno Wood Cracking Collapsing Loud Stressing_39_seg0.wav,Fire,FireDataset,5.0,train
X:\NEU\capstone\data\segments\fsd50k\189729.wav,Thunder,FSD50K,29.208,train
X:\NEU\capstone\data\segments\wildfire\y2mate.com - DD Ambience  Building on Fire  Blaze Inferno Wood Cracking Collapsing Loud Stressing_1_59_seg5.wav,Fire,FireDataset,5.0,train
X:\NEU\capstone\data\segments\wildfire\y2mate.com - DD Ambience  Building on Fire  Blaze Inferno Wood Cracking Collapsing Loud Stressing_18_seg0.wav,Fire,FireDataset,5.0,train
X:\NEU\capstone\data\segments\wildfire\videoplayback_25_seg9.wav,Fire,FireDataset,5.0,val
X:\NEU\capstone\data\segments\wildfire\y2mate.com - DD Ambience  Building on Fire  Blaze Inferno Wood Cracking Collapsing Loud Stressing_56_seg2.wav,Fire,FireDataset,5.0,train
X:\NEU\capstone\data\segments\wildfire\videoplayback_13_seg7.wav,Fire,FireDataset,5.0,train
X:\NEU\capstone\data\segments\wildfire\y2mate.com - DD Ambience  Building on Fire  Blaze Inferno Wood Cracking Collapsing Loud Stressing_1_24_seg2.wav,Fire,FireDataset,5.0,train
X:\NEU\capstone\data\segments\fsd50k\149830.wav,Fire,FSD50K,1.567375,train
X:\NEU\capstone\data\segments\wildfire\y2mate.com - DD Ambience  Building on Fire  Blaze Inferno Wood Cracking Collapsing Loud Stressing_1_33_seg9.wav,Fire,FireDataset,5.0,train
X:\NEU\capstone\data\segments\fsd50k\216255.wav,Thunder,FSD50K,7.0,train
X:\NEU\capstone\data\segments\wildfire\videoplayback_65_seg2.wav,Fire,FireDataset,5.0,val
X:\NEU\capstone\data\segments\wildfire\videoplayback_47_seg7.wav,Fire,FireDataset,5.0,test
X:\NEU\capstone\data\segments\wildfire\y2mate.com - DD Ambience  Building on Fire  Blaze Inferno Wood Cracking Collapsing Loud Stressing_42_seg1.wav,Fire,FireDataset,5.0,train
X:\NEU\capstone\data\segments\wildfire\videoplayback_11_seg3.wav,Fire,FireDataset,5.0,test
X:\NEU\capstone\data\segments\wildfire\y2mate.com - DD Ambience  Building on Fire  Blaze Inferno Wood Cracking Collapsing Loud Stressing_1_13_seg1.wav,Fire,FireDataset,5.0,train
X:\NEU\capstone\data\segments\fsd50k\17294.wav,Fire,FSD50K,10.187625,train
X:\NEU\capstone\data\segments\wildfire\y2mate.com - DD Ambience  Building on Fire  Blaze Inferno Wood Cracking Collapsing Loud Stressing_1_05_seg5.wav,Fire,FireDataset,5.0,train
X:\NEU\capstone\data\segments\wildfire\y2mate.com - DD Ambience  Building on Fire  Blaze Inferno Wood Cracking Collapsing Loud Stressing_1_37_seg5.wav,Fire,FireDataset,5.0,train
X:\NEU\capstone\data\segments\fsd50k\323638.wav,Water,FSD50K,19.295125,train
X:\NEU\capstone\data\segments\fsd50k\391690.wav,Water,FSD50K,8.685125,train
X:\NEU\capstone\data\segments\fsd50k\51032.wav,Wind,FSD50K,10.0,train
X:\NEU\capstone\data\segments\wildfire\y2mate.com - DD Ambience  Building on Fire  Blaze Inferno Wood Cracking Collapsing Loud Stressing_45_seg7.wav,Fire,FireDataset,5.0,train
X:\NEU\capstone\data\segments\wildfire\y2mate.com - DD Ambience  Building on Fire  Blaze Inferno Wood Cracking Collapsing Loud Stressing_1_69_seg7.wav,Fire,FireDataset,5.0,train
X:\NEU\capstone\data\segments\wildfire\y2mate.com - DD Ambience  Building on Fire  Blaze Inferno Wood Cracking Collapsing Loud Stressing_1_06_seg5.wav,Fire,FireDataset,5.0,test
X:\NEU\capstone\data\segments\wildfire\videoplayback_51_seg4.wav,Fire,FireDataset,5.0,train
X:\NEU\capstone\data\segments\wildfire\y2mate.com - DD Ambience  Building on Fire  Blaze Inferno Wood Cracking Collapsing Loud Stressing_18_seg8.wav,Fire,FireDataset,5.0,val
X:\NEU\capstone\data\segments\fsd50k\174036.wav,Train,FSD50K,29.7856875,test
X:\NEU\capstone\data\segments\wildfire\y2mate.com - DD Ambience  Building on Fire  Blaze Inferno Wood Cracking Collapsing Loud Stressing_1_26_seg2.wav,Fire,FireDataset,5.0,train
X:\NEU\capstone\data\segments\fsd50k\159684.wav,Thunder,FSD50K,9.6875,train
X:\NEU\capstone\data\segments\fsd50k\165935.wav,Water,FSD50K,20.43,train
X:\NEU\capstone\data\segments\fsd50k\50816.wav,Train,FSD50K,28.25975,train
X:\NEU\capstone\data\segments\wildfire\videoplayback_18_seg4.wav,Fire,FireDataset,5.0,train
X:\NEU\capstone\data\segments\wildfire\y2mate.com - DD Ambience  Building on Fire  Blaze Inferno Wood Cracking Collapsing Loud Stressing_1_52_seg9.wav,Fire,FireDataset,5.0,train
X:\NEU\capstone\data\segments\wildfire\y2mate.com - DD Ambience  Building on Fire  Blaze Inferno Wood Cracking Collapsing Loud Stressing_1_71_seg0.wav,Fire,FireDataset,5.0,train
X:\NEU\capstone\data\segments\fsd50k\149459.wav,Fire,FSD50K,17.741625,train
X:\NEU\capstone\data\segments\wildfire\videoplayback_19_seg3.wav,Fire,FireDataset,5.0,train
X:\NEU\capstone\data\segments\wildfire\videoplayback_48_seg2.wav,Fire,FireDataset,5.0,test
X:\NEU\capstone\data\segments\fsd50k\73538.wav,Fire,FSD50K,5.6881875,val
X:\NEU\capstone\data\segments\wildfire\videoplayback_36_seg9.wav,Fire,FireDataset,5.0,train
X:\NEU\capstone\data\segments\wildfire\y2mate.com - DD Ambience  Building on Fire  Blaze Inferno Wood Cracking Collapsing Loud Stressing_1_29_seg0.wav,Fire,FireDataset,5.0,train
X:\NEU\capstone\data\segments\fsd50k\434714.wav,Train,FSD50K,17.632125,train
X:\NEU\capstone\data\segments\wildfire\y2mate.com - DD Ambience  Building on Fire  Blaze Inferno Wood Cracking Collapsing Loud Stressing_1_27_seg7.wav,Fire,FireDataset,5.0,train
X:\NEU\capstone\data\segments\wildfire\y2mate.com - DD Ambience  Building on Fire  Blaze Inferno Wood Cracking Collapsing Loud Stressing_1_04_seg1.wav,Fire,FireDataset,5.0,train
X:\NEU\capstone\data\segments\fsd50k\149106.wav,Fire,FSD50K,1.53975,train
X:\NEU\capstone\data\segments\wildfire\videoplayback_69_seg6.wav,Fire,FireDataset,5.0,train
X:\NEU\capstone\data\segments\fsd50k\196318.wav,Fire,FSD50K,10.8669375,train
X:\NEU\capstone\data\segments\wildfire\videoplayback_01_seg6.wav,Fire,FireDataset,5.0,train
X:\NEU\capstone\data\segments\wildfire\y2mate.com - DD Ambience  Building on Fire  Blaze Inferno Wood Cracking Collapsing Loud Stressing_1_01_seg9.wav,Fire,FireDataset,5.0,train
X:\NEU\capstone\data\segments\wildfire\y2mate.com - DD Ambience  Building on Fire  Blaze Inferno Wood Cracking Collapsing Loud Stressing_66_seg3.wav,Fire,FireDataset,5.0,val
X:\NEU\capstone\data\segments\wildfire\y2mate.com - DD Ambience  Building on Fire  Blaze Inferno Wood Cracking Collapsing Loud Stressing_1_44_seg0.wav,Fire,FireDataset,5.0,train
X:\NEU\capstone\data\segments\wildfire\y2mate.com - DD Ambience  Building on Fire  Blaze Inferno Wood Cracking Collapsing Loud Stressing_1_70_seg2.wav,Fire,FireDataset,5.0,train
X:\NEU\capstone\data\segments\fsd50k\22929.wav,Thunder,FSD50K,10.057125,train
X:\NEU\capstone\data\segments\wildfire\y2mate.com - DD Ambience  Building on Fire  Blaze Inferno Wood Cracking Collapsing Loud Stressing_46_seg4.wav,Fire,FireDataset,5.0,train
X:\NEU\capstone\data\segments\fsd50k\333509.wav,Water,FSD50K,24.781,train
X:\NEU\capstone\data\segments\wildfire\y2mate.com - DD Ambience  Building on Fire  Blaze Inferno Wood Cracking Collapsing Loud Stressing_10_seg4.wav,Fire,FireDataset,5.0,train
X:\NEU\capstone\data\segments\fsd50k\275602.wav,Thunder,FSD50K,11.9945625,train
X:\NEU\capstone\data\segments\wildfire\y2mate.com - DD Ambience  Building on Fire  Blaze Inferno Wood Cracking Collapsing Loud Stressing_45_seg5.wav,Fire,FireDataset,5.0,train
X:\NEU\capstone\data\segments\wildfire\y2mate.com - DD Ambience  Building on Fire  Blaze Inferno Wood Cracking Collapsing Loud Stressing_1_36_seg2.wav,Fire,FireDataset,5.0,train
X:\NEU\capstone\data\segments\fsd50k\53294.wav,Fire,FSD50K,2.205875,train
X:\NEU\capstone\data\segments\fsd50k\423890.wav,Fire,FSD50K,10.4661875,train
X:\NEU\capstone\data\segments\wildfire\y2mate.com - DD Ambience  Building on Fire  Blaze Inferno Wood Cracking Collapsing Loud Stressing_1_32_seg1.wav,Fire,FireDataset,5.0,train
X:\NEU\capstone\data\segments\wildfire\y2mate.com - DD Ambience  Building on Fire  Blaze Inferno Wood Cracking Collapsing Loud Stressing_1_57_seg8.wav,Fire,FireDataset,5.0,train
X:\NEU\capstone\data\segments\wildfire\y2mate.com - DD Ambience  Building on Fire  Blaze Inferno Wood Cracking Collapsing Loud Stressing_1_05_seg6.wav,Fire,FireDataset,5.0,train
X:\NEU\capstone\data\segments\wildfire\y2mate.com - DD Ambience  Building on Fire  Blaze Inferno Wood Cracking Collapsing Loud Stressing_40_seg6.wav,Fire,FireDataset,5.0,train
X:\NEU\capstone\data\segments\fsd50k\209046.wav,Wind,FSD50K,12.2703125,train
X:\NEU\capstone\data\segments\wildfire\videoplayback_04_seg5.wav,Fire,FireDataset,5.0,train
X:\NEU\capstone\data\segments\wildfire\videoplayback_64_seg4.wav,Fire,FireDataset,5.0,test
X:\NEU\capstone\data\segments\wildfire\y2mate.com - DD Ambience  Building on Fire  Blaze Inferno Wood Cracking Collapsing Loud Stressing_16_seg4.wav,Fire,FireDataset,5.0,train
X:\NEU\capstone\data\segments\wildfire\videoplayback_48_seg5.wav,Fire,FireDataset,5.0,train
X:\NEU\capstone\data\segments\wildfire\videoplayback_05_seg9.wav,Fire,FireDataset,5.0,test
X:\NEU\capstone\data\segments\wildfire\y2mate.com - DD Ambience  Building on Fire  Blaze Inferno Wood Cracking Collapsing Loud Stressing_1_45_seg0.wav,Fire,FireDataset,5.0,train
X:\NEU\capstone\data\segments\fsd50k\156329.wav,Fire,FSD50K,1.8818125,train
X:\NEU\capstone\data\segments\wildfire\videoplayback_25_seg4.wav,Fire,FireDataset,5.0,train
X:\NEU\capstone\data\segments\fsd50k\240718.wav,Water,FSD50K,16.37875,train
X:\NEU\capstone\data\segments\wildfire\videoplayback_24_seg6.wav,Fire,FireDataset,5.0,val
X:\NEU\capstone\data\segments\wildfire\y2mate.com - DD Ambience  Building on Fire  Blaze Inferno Wood Cracking Collapsing Loud Stressing_62_seg0.wav,Fire,FireDataset,5.0,train
X:\NEU\capstone\data\segments\wildfire\y2mate.com - DD Ambience  Building on Fire  Blaze Inferno Wood Cracking Collapsing Loud Stressing_20_seg9.wav,Fire,FireDataset,5.0,train
X:\NEU\capstone\data\segments\fsd50k\199946.wav,Thunder,FSD50K,26.935125,train
X:\NEU\capstone\data\segments\fsd50k\327596.wav,Fire,FSD50K,19.0,train
X:\NEU\capstone\data\segments\wildfire\y2mate.com - DD Ambience  Building on Fire  Blaze Inferno Wood Cracking Collapsing Loud Stressing_40_seg7.wav,Fire,FireDataset,5.0,test
X:\NEU\capstone\data\segments\wildfire\videoplayback_55_seg8.wav,Fire,FireDataset,5.0,train
X:\NEU\capstone\data\segments\wildfire\y2mate.com - DD Ambience  Building on Fire  Blaze Inferno Wood Cracking Collapsing Loud Stressing_1_01_seg5.wav,Fire,FireDataset,5.0,train
X:\NEU\capstone\data\segments\wildfire\videoplayback_02_seg3.wav,Fire,FireDataset,5.0,train
X:\NEU\capstone\data\segments\wildfire\videoplayback_16_seg8.wav,Fire,FireDataset,5.0,train
X:\NEU\capstone\data\segments\fsd50k\274310.wav,Fire,FSD50K,12.2200625,train
X:\NEU\capstone\data\segments\fsd50k\132625.wav,Fire,FSD50K,10.3326875,train
X:\NEU\capstone\data\segments\wildfire\videoplayback_23_seg0.wav,Fire,FireDataset,5.0,val
X:\NEU\capstone\data\segments\wildfire\y2mate.com - DD Ambience  Building on Fire  Blaze Inferno Wood Cracking Collapsing Loud Stressing_05_seg0.wav,Fire,FireDataset,5.0,train
X:\NEU\capstone\data\segments\fsd50k\164471.wav,Fire,FSD50K,17.3439375,train
X:\NEU\capstone\data\segments\wildfire\videoplayback_61_seg7.wav,Fire,FireDataset,5.0,train
X:\NEU\capstone\data\segments\wildfire\y2mate.com - DD Ambience  Building on Fire  Blaze Inferno Wood Cracking Collapsing Loud Stressing_1_61_seg8.wav,Fire,FireDataset,5.0,val
X:\NEU\capstone\data\segments\wildfire\y2mate.com - DD Ambience  Building on Fire  Blaze Inferno Wood Cracking Collapsing Loud Stressing_1_55_seg0.wav,Fire,FireDataset,5.0,train
X:\NEU\capstone\data\segments\fsd50k\160682.wav,Train,FSD50K,1.133875,train
X:\NEU\capstone\data\segments\fsd50k\376841.wav,Fire,FSD50K,5.36,val
X:\NEU\capstone\data\segments\fsd50k\195981.wav,Train,FSD50K,19.86325,train
X:\NEU\capstone\data\segments\wildfire\y2mate.com - DD Ambience  Building on Fire  Blaze Inferno Wood Cracking Collapsing Loud Stressing_1_72_seg8.wav,Fire,FireDataset,5.0,train
X:\NEU\capstone\data\segments\wildfire\y2mate.com - DD Ambience  Building on Fire  Blaze Inferno Wood Cracking Collapsing Loud Stressing_27_seg5.wav,Fire,FireDataset,5.0,train
X:\NEU\capstone\data\segments\wildfire\y2mate.com - DD Ambience  Building on Fire  Blaze Inferno Wood Cracking Collapsing Loud Stressing_62_seg2.wav,Fire,FireDataset,5.0,train
X:\NEU\capstone\data\segments\wildfire\videoplayback_28_seg6.wav,Fire,FireDataset,5.0,train
X:\NEU\capstone\data\segments\wildfire\videoplayback_54_seg5.wav,Fire,FireDataset,5.0,train
X:\NEU\capstone\data\segments\wildfire\y2mate.com - DD Ambience  Building on Fire  Blaze Inferno Wood Cracking Collapsing Loud Stressing_27_seg9.wav,Fire,FireDataset,5.0,train
X:\NEU\capstone\data\segments\wildfire\y2mate.com - DD Ambience  Building on Fire  Blaze Inferno Wood Cracking Collapsing Loud Stressing_39_seg1.wav,Fire,FireDataset,5.0,train
X:\NEU\capstone\data\segments\fsd50k\68719.wav,Water,FSD50K,6.687375,train
X:\NEU\capstone\data\segments\wildfire\y2mate.com - DD Ambience  Building on Fire  Blaze Inferno Wood Cracking Collapsing Loud Stressing_70_seg3.wav,Fire,FireDataset,5.0,val
X:\NEU\capstone\data\segments\fsd50k\23741.wav,Wind,FSD50K,18.598,train
X:\NEU\capstone\data\segments\wildfire\y2mate.com - DD Ambience  Building on Fire  Blaze Inferno Wood Cracking Collapsing Loud Stressing_09_seg6.wav,Fire,FireDataset,5.0,train
X:\NEU\capstone\data\segments\wildfire\y2mate.com - DD Ambience  Building on Fire  Blaze Inferno Wood Cracking Collapsing Loud Stressing_28_seg6.wav,Fire,FireDataset,5.0,train
X:\NEU\capstone\data\segments\fsd50k\196353.wav,Fire,FSD50K,6.339,val
X:\NEU\capstone\data\segments\fsd50k\237974.wav,Aircraft,FSD50K,11.0466875,test
X:\NEU\capstone\data\segments\fsd50k\213015.wav,Thunder,FSD50K,11.5635625,train
X:\NEU\capstone\data\segments\wildfire\y2mate.com - DD Ambience  Building on Fire  Blaze Inferno Wood Cracking Collapsing Loud Stressing_38_seg4.wav,Fire,FireDataset,5.0,train
X:\NEU\capstone\data\segments\wildfire\y2mate.com - DD Ambience  Building on Fire  Blaze Inferno Wood Cracking Collapsing Loud Stressing_57_seg9.wav,Fire,FireDataset,5.0,val
X:\NEU\capstone\data\segments\fsd50k\283.wav,Train,FSD50K,17.3940625,train
X:\NEU\capstone\data\segments\fsd50k\212402.wav,Fire,FSD50K,4.025625,test
X:\NEU\capstone\data\segments\wildfire\videoplayback_66_seg7.wav,Fire,FireDataset,5.0,train
X:\NEU\capstone\data\segments\wildfire\y2mate.com - DD Ambience  Building on Fire  Blaze Inferno Wood Cracking Collapsing Loud Stressing_1_38_seg6.wav,Fire,FireDataset,5.0,train
X:\NEU\capstone\data\segments\wildfire\y2mate.com - DD Ambience  Building on Fire  Blaze Inferno Wood Cracking Collapsing Loud Stressing_1_02_seg5.wav,Fire,FireDataset,5.0,train
X:\NEU\capstone\data\segments\fsd50k\85843.wav,Fire,FSD50K,5.5,train
X:\NEU\capstone\data\segments\wildfire\y2mate.com - DD Ambience  Building on Fire  Blaze Inferno Wood Cracking Collapsing Loud Stressing_1_15_seg4.wav,Fire,FireDataset,5.0,train
X:\NEU\capstone\data\segments\fsd50k\141148.wav,Fire,FSD50K,4.1708125,train
X:\NEU\capstone\data\segments\wildfire\videoplayback_19_seg7.wav,Fire,FireDataset,5.0,train
X:\NEU\capstone\data\segments\wildfire\y2mate.com - DD Ambience  Building on Fire  Blaze Inferno Wood Cracking Collapsing Loud Stressing_1_34_seg7.wav,Fire,FireDataset,5.0,train
X:\NEU\capstone\data\segments\wildfire\y2mate.com - DD Ambience  Building on Fire  Blaze Inferno Wood Cracking Collapsing Loud Stressing_47_seg7.wav,Fire,FireDataset,5.0,val
X:\NEU\capstone\data\segments\wildfire\videoplayback_48_seg8.wav,Fire,FireDataset,5.0,train
X:\NEU\capstone\data\segments\fsd50k\377880.wav,Water,FSD50K,25.6453125,train
X:\NEU\capstone\data\segments\wildfire\y2mate.com - DD Ambience  Building on Fire  Blaze Inferno Wood Cracking Collapsing Loud Stressing_1_66_seg3.wav,Fire,FireDataset,5.0,train
X:\NEU\capstone\data\segments\fsd50k\24224.wav,Fire,FSD50K,13.8820625,train
X:\NEU\capstone\data\segments\wildfire\y2mate.com - DD Ambience  Building on Fire  Blaze Inferno Wood Cracking Collapsing Loud Stressing_1_09_seg8.wav,Fire,FireDataset,5.0,val
X:\NEU\capstone\data\segments\fsd50k\245399.wav,Train,FSD50K,21.1666875,test
X:\NEU\capstone\data\segments\wildfire\y2mate.com - DD Ambience  Building on Fire  Blaze Inferno Wood Cracking Collapsing Loud Stressing_01_seg5.wav,Fire,FireDataset,5.0,train
X:\NEU\capstone\data\segments\wildfire\y2mate.com - DD Ambience  Building on Fire  Blaze Inferno Wood Cracking Collapsing Loud Stressing_64_seg3.wav,Fire,FireDataset,5.0,test
X:\NEU\capstone\data\segments\wildfire\y2mate.com - DD Ambience  Building on Fire  Blaze Inferno Wood Cracking Collapsing Loud Stressing_1_58_seg1.wav,Fire,FireDataset,5.0,train
X:\NEU\capstone\data\segments\wildfire\videoplayback_06_seg4.wav,Fire,FireDataset,5.0,train
X:\NEU\capstone\data\segments\fsd50k\196321.wav,Fire,FSD50K,14.48925,train
X:\NEU\capstone\data\segments\wildfire\videoplayback_26_seg8.wav,Fire,FireDataset,5.0,train
X:\NEU\capstone\data\segments\wildfire\y2mate.com - DD Ambience  Building on Fire  Blaze Inferno Wood Cracking Collapsing Loud Stressing_20_seg4.wav,Fire,FireDataset,5.0,train
X:\NEU\capstone\data\segments\wildfire\y2mate.com - DD Ambience  Building on Fire  Blaze Inferno Wood Cracking Collapsing Loud Stressing_1_18_seg9.wav,Fire,FireDataset,5.0,train
X:\NEU\capstone\data\segments\wildfire\videoplayback_38_seg2.wav,Fire,FireDataset,5.0,train
X:\NEU\capstone\data\segments\wildfire\y2mate.com - DD Ambience  Building on Fire  Blaze Inferno Wood Cracking Collapsing Loud Stressing_11_seg3.wav,Fire,FireDataset,5.0,train
X:\NEU\capstone\data\segments\fsd50k\36899.wav,Train,FSD50K,12.5810625,train
X:\NEU\capstone\data\segments\fsd50k\37341.wav,Thunder,FSD50K,24.048,train
X:\NEU\capstone\data\segments\wildfire\videoplayback_40_seg2.wav,Fire,FireDataset,5.0,val
X:\NEU\capstone\data\segments\wildfire\videoplayback_36_seg0.wav,Fire,FireDataset,5.0,val
X:\NEU\capstone\data\segments\wildfire\y2mate.com - DD Ambience  Building on Fire  Blaze Inferno Wood Cracking Collapsing Loud Stressing_1_29_seg4.wav,Fire,FireDataset,5.0,test
X:\NEU\capstone\data\segments\wildfire\y2mate.com - DD Ambience  Building on Fire  Blaze Inferno Wood Cracking Collapsing Loud Stressing_27_seg3.wav,Fire,FireDataset,5.0,train
X:\NEU\capstone\data\segments\wildfire\y2mate.com - DD Ambience  Building on Fire  Blaze Inferno Wood Cracking Collapsing Loud Stressing_1_48_seg6.wav,Fire,FireDataset,5.0,val
X:\NEU\capstone\data\segments\wildfire\y2mate.com - DD Ambience  Building on Fire  Blaze Inferno Wood Cracking Collapsing Loud Stressing_1_25_seg3.wav,Fire,FireDataset,5.0,train
X:\NEU\capstone\data\segments\fsd50k\84669.wav,Water,FSD50K,7.913,train
X:\NEU\capstone\data\segments\fsd50k\68327.wav,Water,FSD50K,0.9410625,train
X:\NEU\capstone\data\segments\wildfire\videoplayback_70_seg1.wav,Fire,FireDataset,5.0,train
X:\NEU\capstone\data\segments\wildfire\y2mate.com - DD Ambience  Building on Fire  Blaze Inferno Wood Cracking Collapsing Loud Stressing_1_69_seg6.wav,Fire,FireDataset,5.0,train
X:\NEU\capstone\data\segments\fsd50k\344528.wav,Thunder,FSD50K,14.0,train
X:\NEU\capstone\data\segments\fsd50k\149831.wav,Fire,FSD50K,2.586125,train
X:\NEU\capstone\data\segments\wildfire\videoplayback_48_seg0.wav,Fire,FireDataset,5.0,test
X:\NEU\capstone\data\segments\fsd50k\108048.wav,Train,FSD50K,5.2056875,train
X:\NEU\capstone\data\segments\wildfire\y2mate.com - DD Ambience  Building on Fire  Blaze Inferno Wood Cracking Collapsing Loud Stressing_1_47_seg6.wav,Fire,FireDataset,5.0,train
X:\NEU\capstone\data\segments\wildfire\videoplayback_29_seg0.wav,Fire,FireDataset,5.0,train
X:\NEU\capstone\data\segments\fsd50k\327595.wav,Fire,FSD50K,15.9315625,train
X:\NEU\capstone\data\segments\wildfire\videoplayback_27_seg4.wav,Fire,FireDataset,5.0,train
X:\NEU\capstone\data\segments\fsd50k\416844.wav,Water,FSD50K,21.14175,val
X:\NEU\capstone\data\segments\fsd50k\60127.wav,Water,FSD50K,28.61575,test
X:\NEU\capstone\data\segments\fsd50k\324319.wav,Aircraft,FSD50K,18.4898125,train
X:\NEU\capstone\data\segments\wildfire\y2mate.com - DD Ambience  Building on Fire  Blaze Inferno Wood Cracking Collapsing Loud Stressing_60_seg7.wav,Fire,FireDataset,5.0,val
X:\NEU\capstone\data\segments\wildfire\videoplayback_18_seg8.wav,Fire,FireDataset,5.0,train
X:\NEU\capstone\data\segments\wildfire\videoplayback_11_seg2.wav,Fire,FireDataset,5.0,test
X:\NEU\capstone\data\segments\fsd50k\171089.wav,Fire,FSD50K,4.208,train
X:\NEU\capstone\data\segments\fsd50k\18998.wav,Train,FSD50K,4.0421875,train
X:\NEU\capstone\data\segments\wildfire\y2mate.com - DD Ambience  Building on Fire  Blaze Inferno Wood Cracking Collapsing Loud Stressing_17_seg2.wav,Fire,FireDataset,5.0,train
X:\NEU\capstone\data\segments\wildfire\y2mate.com - DD Ambience  Building on Fire  Blaze Inferno Wood Cracking Collapsing Loud Stressing_48_seg3.wav,Fire,FireDataset,5.0,train
X:\NEU\capstone\data\segments\wildfire\y2mate.com - DD Ambience  Building on Fire  Blaze Inferno Wood Cracking Collapsing Loud Stressing_03_seg4.wav,Fire,FireDataset,5.0,train
X:\NEU\capstone\data\segments\wildfire\y2mate.com - DD Ambience  Building on Fire  Blaze Inferno Wood Cracking Collapsing Loud Stressing_33_seg6.wav,Fire,FireDataset,5.0,train
X:\NEU\capstone\data\segments\fsd50k\332114.wav,Thunder,FSD50K,21.3159375,train
X:\NEU\capstone\data\segments\fsd50k\193732.wav,Train,FSD50K,27.504,val
X:\NEU\capstone\data\segments\wildfire\y2mate.com - DD Ambience  Building on Fire  Blaze Inferno Wood Cracking Collapsing Loud Stressing_1_07_seg6.wav,Fire,FireDataset,5.0,train
X:\NEU\capstone\data\segments\wildfire\y2mate.com - DD Ambience  Building on Fire  Blaze Inferno Wood Cracking Collapsing Loud Stressing_72_seg6.wav,Fire,FireDataset,5.0,test
X:\NEU\capstone\data\segments\fsd50k\379340.wav,Water,FSD50K,24.0199375,train
X:\NEU\capstone\data\segments\wildfire\y2mate.com - DD Ambience  Building on Fire  Blaze Inferno Wood Cracking Collapsing Loud Stressing_33_seg0.wav,Fire,FireDataset,5.0,train
X:\NEU\capstone\data\segments\wildfire\videoplayback_66_seg8.wav,Fire,FireDataset,5.0,train
X:\NEU\capstone\data\segments\fsd50k\265034.wav,Fire,FSD50K,10.0,train
X:\NEU\capstone\data\segments\fsd50k\50373.wav,Thunder,FSD50K,11.3,test
X:\NEU\capstone\data\segments\wildfire\videoplayback_16_seg7.wav,Fire,FireDataset,5.0,train
X:\NEU\capstone\data\segments\wildfire\y2mate.com - DD Ambience  Building on Fire  Blaze Inferno Wood Cracking Collapsing Loud Stressing_11_seg2.wav,Fire,FireDataset,5.0,train
X:\NEU\capstone\data\segments\wildfire\y2mate.com - DD Ambience  Building on Fire  Blaze Inferno Wood Cracking Collapsing Loud Stressing_50_seg2.wav,Fire,FireDataset,5.0,test
X:\NEU\capstone\data\segments\fsd50k\243778.wav,Thunder,FSD50K,28.7608125,train
X:\NEU\capstone\data\segments\fsd50k\66391.wav,Fire,FSD50K,14.90075,train
X:\NEU\capstone\data\segments\wildfire\y2mate.com - DD Ambience  Building on Fire  Blaze Inferno Wood Cracking Collapsing Loud Stressing_43_seg1.wav,Fire,FireDataset,5.0,train
X:\NEU\capstone\data\segments\wildfire\y2mate.com - DD Ambience  Building on Fire  Blaze Inferno Wood Cracking Collapsing Loud Stressing_55_seg2.wav,Fire,FireDataset,5.0,train
X:\NEU\capstone\data\segments\wildfire\y2mate.com - DD Ambience  Building on Fire  Blaze Inferno Wood Cracking Collapsing Loud Stressing_65_seg4.wav,Fire,FireDataset,5.0,train
X:\NEU\capstone\data\segments\wildfire\y2mate.com - DD Ambience  Building on Fire  Blaze Inferno Wood Cracking Collapsing Loud Stressing_1_21_seg0.wav,Fire,FireDataset,5.0,train
X:\NEU\capstone\data\segments\wildfire\y2mate.com - DD Ambience  Building on Fire  Blaze Inferno Wood Cracking Collapsing Loud Stressing_1_19_seg4.wav,Fire,FireDataset,5.0,train
X:\NEU\capstone\data\segments\wildfire\y2mate.com - DD Ambience  Building on Fire  Blaze Inferno Wood Cracking Collapsing Loud Stressing_07_seg6.wav,Fire,FireDataset,5.0,train
X:\NEU\capstone\data\segments\wildfire\y2mate.com - DD Ambience  Building on Fire  Blaze Inferno Wood Cracking Collapsing Loud Stressing_1_31_seg5.wav,Fire,FireDataset,5.0,test
X:\NEU\capstone\data\segments\wildfire\videoplayback_61_seg9.wav,Fire,FireDataset,5.0,train
X:\NEU\capstone\data\segments\fsd50k\106130.wav,Wind,FSD50K,1.165375,train
X:\NEU\capstone\data\segments\wildfire\y2mate.com - DD Ambience  Building on Fire  Blaze Inferno Wood Cracking Collapsing Loud Stressing_1_11_seg9.wav,Fire,FireDataset,5.0,train
X:\NEU\capstone\data\segments\wildfire\videoplayback_49_seg5.wav,Fire,FireDataset,5.0,val
X:\NEU\capstone\data\segments\wildfire\y2mate.com - DD Ambience  Building on Fire  Blaze Inferno Wood Cracking Collapsing Loud Stressing_52_seg9.wav,Fire,FireDataset,5.0,train
X:\NEU\capstone\data\segments\fsd50k\182910.wav,Wind,FSD50K,11.008375,val
X:\NEU\capstone\data\segments\wildfire\y2mate.com - DD Ambience  Building on Fire  Blaze Inferno Wood Cracking Collapsing Loud Stressing_1_34_seg0.wav,Fire,FireDataset,5.0,train
X:\NEU\capstone\data\segments\fsd50k\50043.wav,Fire,FSD50K,1.0301875,test
X:\NEU\capstone\data\segments\fsd50k\36271.wav,Fire,FSD50K,16.8576875,train
X:\NEU\capstone\data\segments\fsd50k\274877.wav,Water,FSD50K,21.893625,test
X:\NEU\capstone\data\segments\wildfire\videoplayback_46_seg1.wav,Fire,FireDataset,5.0,train
X:\NEU\capstone\data\segments\fsd50k\68329.wav,Water,FSD50K,6.2461875,train
X:\NEU\capstone\data\segments\wildfire\y2mate.com - DD Ambience  Building on Fire  Blaze Inferno Wood Cracking Collapsing Loud Stressing_17_seg5.wav,Fire,FireDataset,5.0,train
X:\NEU\capstone\data\segments\wildfire\y2mate.com - DD Ambience  Building on Fire  Blaze Inferno Wood Cracking Collapsing Loud Stressing_1_53_seg6.wav,Fire,FireDataset,5.0,train
X:\NEU\capstone\data\segments\wildfire\videoplayback_12_seg1.wav,Fire,FireDataset,5.0,train
X:\NEU\capstone\data\segments\wildfire\y2mate.com - DD Ambience  Building on Fire  Blaze Inferno Wood Cracking Collapsing Loud Stressing_1_27_seg1.wav,Fire,FireDataset,5.0,val
X:\NEU\capstone\data\segments\wildfire\y2mate.com - DD Ambience  Building on Fire  Blaze Inferno Wood Cracking Collapsing Loud Stressing_14_seg1.wav,Fire,FireDataset,5.0,test
X:\NEU\capstone\data\segments\wildfire\y2mate.com - DD Ambience  Building on Fire  Blaze Inferno Wood Cracking Collapsing Loud Stressing_1_62_seg8.wav,Fire,FireDataset,5.0,train
X:\NEU\capstone\data\segments\wildfire\videoplayback_59_seg3.wav,Fire,FireDataset,5.0,train
X:\NEU\capstone\data\segments\wildfire\videoplayback_45_seg3.wav,Fire,FireDataset,5.0,train
X:\NEU\capstone\data\segments\wildfire\videoplayback_54_seg1.wav,Fire,FireDataset,5.0,train
X:\NEU\capstone\data\segments\wildfire\videoplayback_67_seg6.wav,Fire,FireDataset,5.0,train
X:\NEU\capstone\data\segments\fsd50k\45650.wav,Fire,FSD50K,8.1010625,val
X:\NEU\capstone\data\segments\wildfire\y2mate.com - DD Ambience  Building on Fire  Blaze Inferno Wood Cracking Collapsing Loud Stressing_11_seg6.wav,Fire,FireDataset,5.0,train
X:\NEU\capstone\data\segments\wildfire\videoplayback_11_seg9.wav,Fire,FireDataset,5.0,train
X:\NEU\capstone\data\segments\wildfire\videoplayback_37_seg1.wav,Fire,FireDataset,5.0,test
X:\NEU\capstone\data\segments\fsd50k\151192.wav,Thunder,FSD50K,10.3968125,train
X:\NEU\capstone\data\segments\fsd50k\422865.wav,Wind,FSD50K,4.5069375,val
X:\NEU\capstone\data\segments\wildfire\videoplayback_21_seg1.wav,Fire,FireDataset,5.0,train
X:\NEU\capstone\data\segments\wildfire\videoplayback_62_seg0.wav,Fire,FireDataset,5.0,train
X:\NEU\capstone\data\segments\wildfire\y2mate.com - DD Ambience  Building on Fire  Blaze Inferno Wood Cracking Collapsing Loud Stressing_65_seg2.wav,Fire,FireDataset,5.0,train
X:\NEU\capstone\data\segments\wildfire\y2mate.com - DD Ambience  Building on Fire  Blaze Inferno Wood Cracking Collapsing Loud Stressing_42_seg5.wav,Fire,FireDataset,5.0,train
X:\NEU\capstone\data\segments\fsd50k\48507.wav,Thunder,FSD50K,22.6626875,train
X:\NEU\capstone\data\segments\wildfire\y2mate.com - DD Ambience  Building on Fire  Blaze Inferno Wood Cracking Collapsing Loud Stressing_1_70_seg9.wav,Fire,FireDataset,5.0,test
X:\NEU\capstone\data\segments\wildfire\videoplayback_44_seg2.wav,Fire,FireDataset,5.0,val
X:\NEU\capstone\data\segments\wildfire\videoplayback_06_seg9.wav,Fire,FireDataset,5.0,train
X:\NEU\capstone\data\segments\fsd50k\234550.wav,Fire,FSD50K,14.405375,train
X:\NEU\capstone\data\segments\wildfire\y2mate.com - DD Ambience  Building on Fire  Blaze Inferno Wood Cracking Collapsing Loud Stressing_56_seg7.wav,Fire,FireDataset,5.0,train
X:\NEU\capstone\data\segments\wildfire\videoplayback_04_seg2.wav,Fire,FireDataset,5.0,train
X:\NEU\capstone\data\segments\wildfire\y2mate.com - DD Ambience  Building on Fire  Blaze Inferno Wood Cracking Collapsing Loud Stressing_25_seg7.wav,Fire,FireDataset,5.0,val
X:\NEU\capstone\data\segments\fsd50k\121132.wav,Thunder,FSD50K,9.281,train
X:\NEU\capstone\data\segments\fsd50k\98489.wav,Water,FSD50K,12.5630625,train
X:\NEU\capstone\data\segments\wildfire\y2mate.com - DD Ambience  Building on Fire  Blaze Inferno Wood Cracking Collapsing Loud Stressing_59_seg5.wav,Fire,FireDataset,5.0,test
X:\NEU\capstone\data\segments\wildfire\y2mate.com - DD Ambience  Building on Fire  Blaze Inferno Wood Cracking Collapsing Loud Stressing_1_07_seg0.wav,Fire,FireDataset,5.0,train
X:\NEU\capstone\data\segments\fsd50k\55136.wav,Thunder,FSD50K,10.8200625,train
X:\NEU\capstone\data\segments\wildfire\y2mate.com - DD Ambience  Building on Fire  Blaze Inferno Wood Cracking Collapsing Loud Stressing_64_seg7.wav,Fire,FireDataset,5.0,train
X:\NEU\capstone\data\segments\wildfire\videoplayback_03_seg0.wav,Fire,FireDataset,5.0,train
X:\NEU\capstone\data\segments\fsd50k\352841.wav,Wind,FSD50K,8.36,train
X:\NEU\capstone\data\segments\fsd50k\145622.wav,Train,FSD50K,18.667875,train
X:\NEU\capstone\data\segments\fsd50k\173304.wav,Fire,FSD50K,6.0604375,train
X:\NEU\capstone\data\segments\fsd50k\422963.wav,Wind,FSD50K,6.4975625,train
X:\NEU\capstone\data\segments\wildfire\y2mate.com - DD Ambience  Building on Fire  Blaze Inferno Wood Cracking Collapsing Loud Stressing_1_24_seg4.wav,Fire,FireDataset,5.0,train
X:\NEU\capstone\data\segments\fsd50k\237324.wav,Wind,FSD50K,21.3866875,train
X:\NEU\capstone\data\segments\wildfire\videoplayback_12_seg0.wav,Fire,FireDataset,5.0,train
X:\NEU\capstone\data\segments\wildfire\y2mate.com - DD Ambience  Building on Fire  Blaze Inferno Wood Cracking Collapsing Loud Stressing_1_52_seg3.wav,Fire,FireDataset,5.0,train
X:\NEU\capstone\data\segments\fsd50k\69496.wav,Train,FSD50K,19.9055,val
X:\NEU\capstone\data\segments\fsd50k\181582.wav,Fire,FSD50K,7.9989375,train
X:\NEU\capstone\data\segments\wildfire\y2mate.com - DD Ambience  Building on Fire  Blaze Inferno Wood Cracking Collapsing Loud Stressing_28_seg9.wav,Fire,FireDataset,5.0,train
X:\NEU\capstone\data\segments\wildfire\videoplayback_38_seg0.wav,Fire,FireDataset,5.0,train
X:\NEU\capstone\data\segments\wildfire\y2mate.com - DD Ambience  Building on Fire  Blaze Inferno Wood Cracking Collapsing Loud Stressing_08_seg5.wav,Fire,FireDataset,5.0,train
X:\NEU\capstone\data\segments\wildfire\y2mate.com - DD Ambience  Building on Fire  Blaze Inferno Wood Cracking Collapsing Loud Stressing_28_seg0.wav,Fire,FireDataset,5.0,train
X:\NEU\capstone\data\segments\wildfire\y2mate.com - DD Ambience  Building on Fire  Blaze Inferno Wood Cracking Collapsing Loud Stressing_1_11_seg1.wav,Fire,FireDataset,5.0,test
X:\NEU\capstone\data\segments\fsd50k\260243.wav,Water,FSD50K,5.82675,train
X:\NEU\capstone\data\segments\wildfire\y2mate.com - DD Ambience  Building on Fire  Blaze Inferno Wood Cracking Collapsing Loud Stressing_58_seg2.wav,Fire,FireDataset,5.0,train
X:\NEU\capstone\data\segments\wildfire\y2mate.com - DD Ambience  Building on Fire  Blaze Inferno Wood Cracking Collapsing Loud Stressing_62_seg4.wav,Fire,FireDataset,5.0,train
X:\NEU\capstone\data\segments\fsd50k\431776.wav,Fire,FSD50K,15.015,test
X:\NEU\capstone\data\segments\fsd50k\118514.wav,Water,FSD50K,14.7853125,train
X:\NEU\capstone\data\segments\wildfire\y2mate.com - DD Ambience  Building on Fire  Blaze Inferno Wood Cracking Collapsing Loud Stressing_05_seg7.wav,Fire,FireDataset,5.0,train
X:\NEU\capstone\data\segments\fsd50k\232442.wav,Train,FSD50K,8.6,train
X:\NEU\capstone\data\segments\wildfire\y2mate.com - DD Ambience  Building on Fire  Blaze Inferno Wood Cracking Collapsing Loud Stressing_1_06_seg6.wav,Fire,FireDataset,5.0,train
X:\NEU\capstone\data\segments\wildfire\videoplayback_42_seg0.wav,Fire,FireDataset,5.0,train
X:\NEU\capstone\data\segments\wildfire\y2mate.com - DD Ambience  Building on Fire  Blaze Inferno Wood Cracking Collapsing Loud Stressing_58_seg6.wav,Fire,FireDataset,5.0,train
X:\NEU\capstone\data\segments\fsd50k\127978.wav,Thunder,FSD50K,27.9256875,train
X:\NEU\capstone\data\segments\wildfire\y2mate.com - DD Ambience  Building on Fire  Blaze Inferno Wood Cracking Collapsing Loud Stressing_68_seg5.wav,Fire,FireDataset,5.0,train
X:\NEU\capstone\data\segments\fsd50k\323629.wav,Wind,FSD50K,8.408,train
X:\NEU\capstone\data\segments\wildfire\videoplayback_53_seg9.wav,Fire,FireDataset,5.0,train
X:\NEU\capstone\data\segments\fsd50k\351183.wav,Aircraft,FSD50K,14.2289375,train
X:\NEU\capstone\data\segments\fsd50k\9330.wav,Water,FSD50K,19.117625,train
X:\NEU\capstone\data\segments\fsd50k\199948.wav,Thunder,FSD50K,24.52025,val
X:\NEU\capstone\data\segments\wildfire\y2mate.com - DD Ambience  Building on Fire  Blaze Inferno Wood Cracking Collapsing Loud Stressing_33_seg4.wav,Fire,FireDataset,5.0,val
X:\NEU\capstone\data\segments\fsd50k\73733.wav,Thunder,FSD50K,26.114625,train
X:\NEU\capstone\data\segments\fsd50k\187816.wav,Wind,FSD50K,3.4481875,train
X:\NEU\capstone\data\segments\fsd50k\422864.wav,Wind,FSD50K,5.3459375,train
X:\NEU\capstone\data\segments\wildfire\y2mate.com - DD Ambience  Building on Fire  Blaze Inferno Wood Cracking Collapsing Loud Stressing_12_seg1.wav,Fire,FireDataset,5.0,val
X:\NEU\capstone\data\segments\wildfire\y2mate.com - DD Ambience  Building on Fire  Blaze Inferno Wood Cracking Collapsing Loud Stressing_49_seg2.wav,Fire,FireDataset,5.0,val
X:\NEU\capstone\data\segments\wildfire\videoplayback_54_seg7.wav,Fire,FireDataset,5.0,test
X:\NEU\capstone\data\segments\fsd50k\43361.wav,Train,FSD50K,0.786125,train
X:\NEU\capstone\data\segments\wildfire\videoplayback_47_seg0.wav,Fire,FireDataset,5.0,train
X:\NEU\capstone\data\segments\fsd50k\193401.wav,Fire,FSD50K,22.149,train
X:\NEU\capstone\data\segments\wildfire\y2mate.com - DD Ambience  Building on Fire  Blaze Inferno Wood Cracking Collapsing Loud Stressing_18_seg2.wav,Fire,FireDataset,5.0,train
X:\NEU\capstone\data\segments\fsd50k\156309.wav,Fire,FSD50K,3.2195,test
X:\NEU\capstone\data\segments\wildfire\videoplayback_61_seg8.wav,Fire,FireDataset,5.0,train
X:\NEU\capstone\data\segments\wildfire\y2mate.com - DD Ambience  Building on Fire  Blaze Inferno Wood Cracking Collapsing Loud Stressing_1_60_seg3.wav,Fire,FireDataset,5.0,train
X:\NEU\capstone\data\segments\fsd50k\251323.wav,Aircraft,FSD50K,23.354875,train
X:\NEU\capstone\data\segments\wildfire\videoplayback_03_seg7.wav,Fire,FireDataset,5.0,train
X:\NEU\capstone\data\segments\wildfire\y2mate.com - DD Ambience  Building on Fire  Blaze Inferno Wood Cracking Collapsing Loud Stressing_31_seg0.wav,Fire,FireDataset,5.0,train
X:\NEU\capstone\data\segments\wildfire\y2mate.com - DD Ambience  Building on Fire  Blaze Inferno Wood Cracking Collapsing Loud Stressing_1_65_seg5.wav,Fire,FireDataset,5.0,test
X:\NEU\capstone\data\segments\wildfire\y2mate.com - DD Ambience  Building on Fire  Blaze Inferno Wood Cracking Collapsing Loud Stressing_1_49_seg5.wav,Fire,FireDataset,5.0,train
X:\NEU\capstone\data\segments\fsd50k\346372.wav,Aircraft,FSD50K,29.184,train
X:\NEU\capstone\data\segments\wildfire\y2mate.com - DD Ambience  Building on Fire  Blaze Inferno Wood Cracking Collapsing Loud Stressing_32_seg8.wav,Fire,FireDataset,5.0,train
X:\NEU\capstone\data\segments\wildfire\videoplayback_24_seg1.wav,Fire,FireDataset,5.0,train
X:\NEU\capstone\data\segments\fsd50k\35107.wav,Fire,FSD50K,6.0353125,train
X:\NEU\capstone\data\segments\wildfire\y2mate.com - DD Ambience  Building on Fire  Blaze Inferno Wood Cracking Collapsing Loud Stressing_19_seg8.wav,Fire,FireDataset,5.0,train
X:\NEU\capstone\data\segments\wildfire\y2mate.com - DD Ambience  Building on Fire  Blaze Inferno Wood Cracking Collapsing Loud Stressing_55_seg1.wav,Fire,FireDataset,5.0,train
X:\NEU\capstone\data\segments\fsd50k\333003.wav,Train,FSD50K,20.79825,train
X:\NEU\capstone\data\segments\wildfire\y2mate.com - DD Ambience  Building on Fire  Blaze Inferno Wood Cracking Collapsing Loud Stressing_1_45_seg2.wav,Fire,FireDataset,5.0,train
X:\NEU\capstone\data\segments\wildfire\y2mate.com - DD Ambience  Building on Fire  Blaze Inferno Wood Cracking Collapsing Loud Stressing_1_68_seg5.wav,Fire,FireDataset,5.0,train
X:\NEU\capstone\data\segments\fsd50k\430523.wav,Fire,FSD50K,1.9235,train
X:\NEU\capstone\data\segments\fsd50k\256510.wav,Fire,FSD50K,4.0,train
X:\NEU\capstone\data\segments\fsd50k\110323.wav,Water,FSD50K,17.058,train
X:\NEU\capstone\data\segments\fsd50k\193170.wav,Thunder,FSD50K,6.1990625,train
X:\NEU\capstone\data\segments\fsd50k\416418.wav,Aircraft,FSD50K,12.479125,test
X:\NEU\capstone\data\segments\fsd50k\28132.wav,Train,FSD50K,23.7956875,train
X:\NEU\capstone\data\segments\wildfire\y2mate.com - DD Ambience  Building on Fire  Blaze Inferno Wood Cracking Collapsing Loud Stressing_1_71_seg2.wav,Fire,FireDataset,5.0,train
X:\NEU\capstone\data\segments\fsd50k\420301.wav,Wind,FSD50K,1.5310625,test
X:\NEU\capstone\data\segments\fsd50k\32544.wav,Thunder,FSD50K,5.5450625,train
X:\NEU\capstone\data\segments\wildfire\y2mate.com - DD Ambience  Building on Fire  Blaze Inferno Wood Cracking Collapsing Loud Stressing_46_seg1.wav,Fire,FireDataset,5.0,train
X:\NEU\capstone\data\segments\fsd50k\55380.wav,Train,FSD50K,7.8388125,train
X:\NEU\capstone\data\segments\wildfire\y2mate.com - DD Ambience  Building on Fire  Blaze Inferno Wood Cracking Collapsing Loud Stressing_28_seg3.wav,Fire,FireDataset,5.0,test
X:\NEU\capstone\data\segments\fsd50k\403316.wav,Aircraft,FSD50K,22.8864375,train
X:\NEU\capstone\data\segments\fsd50k\422974.wav,Wind,FSD50K,5.5358125,train
X:\NEU\capstone\data\segments\fsd50k\201105.wav,Water,FSD50K,25.848,train
X:\NEU\capstone\data\segments\wildfire\y2mate.com - DD Ambience  Building on Fire  Blaze Inferno Wood Cracking Collapsing Loud Stressing_67_seg2.wav,Fire,FireDataset,5.0,test
X:\NEU\capstone\data\segments\fsd50k\156328.wav,Fire,FSD50K,3.348,train
X:\NEU\capstone\data\segments\fsd50k\409727.wav,Wind,FSD50K,1.3773125,train
X:\NEU\capstone\data\segments\wildfire\videoplayback_32_seg0.wav,Fire,FireDataset,5.0,train
X:\NEU\capstone\data\segments\wildfire\y2mate.com - DD Ambience  Building on Fire  Blaze Inferno Wood Cracking Collapsing Loud Stressing_46_seg2.wav,Fire,FireDataset,5.0,test
X:\NEU\capstone\data\segments\wildfire\y2mate.com - DD Ambience  Building on Fire  Blaze Inferno Wood Cracking Collapsing Loud Stressing_1_46_seg8.wav,Fire,FireDataset,5.0,train
X:\NEU\capstone\data\segments\wildfire\y2mate.com - DD Ambience  Building on Fire  Blaze Inferno Wood Cracking Collapsing Loud Stressing_03_seg3.wav,Fire,FireDataset,5.0,test
X:\NEU\capstone\data\segments\fsd50k\381702.wav,Train,FSD50K,10.475125,train
X:\NEU\capstone\data\segments\wildfire\y2mate.com - DD Ambience  Building on Fire  Blaze Inferno Wood Cracking Collapsing Loud Stressing_35_seg7.wav,Fire,FireDataset,5.0,train
X:\NEU\capstone\data\segments\wildfire\y2mate.com - DD Ambience  Building on Fire  Blaze Inferno Wood Cracking Collapsing Loud Stressing_1_28_seg2.wav,Fire,FireDataset,5.0,train
X:\NEU\capstone\data\segments\fsd50k\420296.wav,Wind,FSD50K,1.484,train
X:\NEU\capstone\data\segments\fsd50k\248237.wav,Fire,FSD50K,7.5458125,val
X:\NEU\capstone\data\segments\fsd50k\242014.wav,Thunder,FSD50K,16.0914375,train
X:\NEU\capstone\data\segments\fsd50k\400874.wav,Fire,FSD50K,14.48,train
X:\NEU\capstone\data\segments\fsd50k\85836.wav,Fire,FSD50K,4.0,train
X:\NEU\capstone\data\segments\wildfire\y2mate.com - DD Ambience  Building on Fire  Blaze Inferno Wood Cracking Collapsing Loud Stressing_07_seg7.wav,Fire,FireDataset,5.0,train
X:\NEU\capstone\data\segments\wildfire\videoplayback_44_seg6.wav,Fire,FireDataset,5.0,test
X:\NEU\capstone\data\segments\fsd50k\22732.wav,Train,FSD50K,6.0604375,train
X:\NEU\capstone\data\segments\wildfire\y2mate.com - DD Ambience  Building on Fire  Blaze Inferno Wood Cracking Collapsing Loud Stressing_1_37_seg8.wav,Fire,FireDataset,5.0,test
X:\NEU\capstone\data\segments\wildfire\y2mate.com - DD Ambience  Building on Fire  Blaze Inferno Wood Cracking Collapsing Loud Stressing_59_seg4.wav,Fire,FireDataset,5.0,train
X:\NEU\capstone\data\segments\wildfire\y2mate.com - DD Ambience  Building on Fire  Blaze Inferno Wood Cracking Collapsing Loud Stressing_1_17_seg2.wav,Fire,FireDataset,5.0,train
X:\NEU\capstone\data\segments\wildfire\videoplayback_25_seg8.wav,Fire,FireDataset,5.0,train
X:\NEU\capstone\data\segments\fsd50k\193469.wav,Fire,FSD50K,5.5131875,train
X:\NEU\capstone\data\segments\wildfire\y2mate.com - DD Ambience  Building on Fire  Blaze Inferno Wood Cracking Collapsing Loud Stressing_59_seg0.wav,Fire,FireDataset,5.0,train
X:\NEU\capstone\data\segments\fsd50k\34069.wav,Water,FSD50K,8.0456875,train
X:\NEU\capstone\data\segments\wildfire\y2mate.com - DD Ambience  Building on Fire  Blaze Inferno Wood Cracking Collapsing Loud Stressing_55_seg8.wav,Fire,FireDataset,5.0,train
X:\NEU\capstone\data\segments\wildfire\videoplayback_42_seg9.wav,Fire,FireDataset,5.0,train
X:\NEU\capstone\data\segments\wildfire\y2mate.com - DD Ambience  Building on Fire  Blaze Inferno Wood Cracking Collapsing Loud Stressing_15_seg7.wav,Fire,FireDataset,5.0,train
X:\NEU\capstone\data\segments\wildfire\y2mate.com - DD Ambience  Building on Fire  Blaze Inferno Wood Cracking Collapsing Loud Stressing_19_seg6.wav,Fire,FireDataset,5.0,train
X:\NEU\capstone\data\segments\fsd50k\140720.wav,Fire,FSD50K,15.6433125,train
X:\NEU\capstone\data\segments\wildfire\videoplayback_41_seg8.wav,Fire,FireDataset,5.0,train
X:\NEU\capstone\data\segments\fsd50k\159693.wav,Thunder,FSD50K,19.75,train
X:\NEU\capstone\data\segments\wildfire\y2mate.com - DD Ambience  Building on Fire  Blaze Inferno Wood Cracking Collapsing Loud Stressing_07_seg9.wav,Fire,FireDataset,5.0,train
X:\NEU\capstone\data\segments\wildfire\videoplayback_39_seg8.wav,Fire,FireDataset,5.0,train
X:\NEU\capstone\data\segments\wildfire\y2mate.com - DD Ambience  Building on Fire  Blaze Inferno Wood Cracking Collapsing Loud Stressing_24_seg2.wav,Fire,FireDataset,5.0,train
X:\NEU\capstone\data\segments\fsd50k\174461.wav,Fire,FSD50K,2.291125,train
X:\NEU\capstone\data\segments\fsd50k\341874.wav,Wind,FSD50K,9.392875,train
X:\NEU\capstone\data\segments\wildfire\y2mate.com - DD Ambience  Building on Fire  Blaze Inferno Wood Cracking Collapsing Loud Stressing_1_15_seg3.wav,Fire,FireDataset,5.0,train
X:\NEU\capstone\data\segments\fsd50k\72061.wav,Fire,FSD50K,4.3095625,train
X:\NEU\capstone\data\segments\fsd50k\250653.wav,Wind,FSD50K,13.138125,train
X:\NEU\capstone\data\segments\fsd50k\398809.wav,Fire,FSD50K,2.6790625,train
X:\NEU\capstone\data\segments\fsd50k\196348.wav,Fire,FSD50K,10.832125,val
X:\NEU\capstone\data\segments\wildfire\y2mate.com - DD Ambience  Building on Fire  Blaze Inferno Wood Cracking Collapsing Loud Stressing_36_seg3.wav,Fire,FireDataset,5.0,train
X:\NEU\capstone\data\segments\wildfire\videoplayback_55_seg5.wav,Fire,FireDataset,5.0,train
X:\NEU\capstone\data\segments\wildfire\y2mate.com - DD Ambience  Building on Fire  Blaze Inferno Wood Cracking Collapsing Loud Stressing_1_18_seg3.wav,Fire,FireDataset,5.0,train
X:\NEU\capstone\data\segments\fsd50k\244028.wav,Water,FSD50K,6.712,train
X:\NEU\capstone\data\segments\fsd50k\339058.wav,Fire,FSD50K,0.4296875,train
X:\NEU\capstone\data\segments\fsd50k\58255.wav,Thunder,FSD50K,24.6856875,val
X:\NEU\capstone\data\segments\fsd50k\182900.wav,Wind,FSD50K,8.1245,train
X:\NEU\capstone\data\segments\wildfire\videoplayback_72_seg3.wav,Fire,FireDataset,5.0,train
X:\NEU\capstone\data\segments\wildfire\y2mate.com - DD Ambience  Building on Fire  Blaze Inferno Wood Cracking Collapsing Loud Stressing_1_62_seg4.wav,Fire,FireDataset,5.0,train
X:\NEU\capstone\data\segments\wildfire\y2mate.com - DD Ambience  Building on Fire  Blaze Inferno Wood Cracking Collapsing Loud Stressing_1_42_seg5.wav,Fire,FireDataset,5.0,train
X:\NEU\capstone\data\segments\wildfire\y2mate.com - DD Ambience  Building on Fire  Blaze Inferno Wood Cracking Collapsing Loud Stressing_1_69_seg0.wav,Fire,FireDataset,5.0,train
X:\NEU\capstone\data\segments\wildfire\y2mate.com - DD Ambience  Building on Fire  Blaze Inferno Wood Cracking Collapsing Loud Stressing_11_seg4.wav,Fire,FireDataset,5.0,train
X:\NEU\capstone\data\segments\fsd50k\27244.wav,Thunder,FSD50K,16.2533125,train
X:\NEU\capstone\data\segments\fsd50k\147378.wav,Fire,FSD50K,4.1375,train
X:\NEU\capstone\data\segments\fsd50k\112674.wav,Train,FSD50K,15.0235,train
X:\NEU\capstone\data\segments\wildfire\y2mate.com - DD Ambience  Building on Fire  Blaze Inferno Wood Cracking Collapsing Loud Stressing_1_19_seg7.wav,Fire,FireDataset,5.0,val
X:\NEU\capstone\data\segments\wildfire\y2mate.com - DD Ambience  Building on Fire  Blaze Inferno Wood Cracking Collapsing Loud Stressing_63_seg2.wav,Fire,FireDataset,5.0,train
X:\NEU\capstone\data\segments\fsd50k\12501.wav,Train,FSD50K,21.5945625,train
X:\NEU\capstone\data\segments\wildfire\y2mate.com - DD Ambience  Building on Fire  Blaze Inferno Wood Cracking Collapsing Loud Stressing_43_seg6.wav,Fire,FireDataset,5.0,train
X:\NEU\capstone\data\segments\wildfire\y2mate.com - DD Ambience  Building on Fire  Blaze Inferno Wood Cracking Collapsing Loud Stressing_1_06_seg9.wav,Fire,FireDataset,5.0,train
X:\NEU\capstone\data\segments\wildfire\y2mate.com - DD Ambience  Building on Fire  Blaze Inferno Wood Cracking Collapsing Loud Stressing_1_41_seg0.wav,Fire,FireDataset,5.0,train
X:\NEU\capstone\data\segments\wildfire\videoplayback_28_seg2.wav,Fire,FireDataset,5.0,train
X:\NEU\capstone\data\segments\fsd50k\193468.wav,Fire,FSD50K,5.2091875,train
X:\NEU\capstone\data\segments\wildfire\y2mate.com - DD Ambience  Building on Fire  Blaze Inferno Wood Cracking Collapsing Loud Stressing_68_seg1.wav,Fire,FireDataset,5.0,train
X:\NEU\capstone\data\segments\fsd50k\378284.wav,Fire,FSD50K,11.12,train
X:\NEU\capstone\data\segments\wildfire\videoplayback_09_seg8.wav,Fire,FireDataset,5.0,train
X:\NEU\capstone\data\segments\wildfire\videoplayback_10_seg8.wav,Fire,FireDataset,5.0,train
X:\NEU\capstone\data\segments\wildfire\videoplayback_63_seg0.wav,Fire,FireDataset,5.0,train
X:\NEU\capstone\data\segments\wildfire\y2mate.com - DD Ambience  Building on Fire  Blaze Inferno Wood Cracking Collapsing Loud Stressing_1_43_seg0.wav,Fire,FireDataset,5.0,train
X:\NEU\capstone\data\segments\fsd50k\322176.wav,Fire,FSD50K,10.0,test
X:\NEU\capstone\data\segments\fsd50k\152983.wav,Wind,FSD50K,7.9191875,train
X:\NEU\capstone\data\segments\wildfire\videoplayback_53_seg7.wav,Fire,FireDataset,5.0,test
X:\NEU\capstone\data\segments\wildfire\y2mate.com - DD Ambience  Building on Fire  Blaze Inferno Wood Cracking Collapsing Loud Stressing_1_38_seg8.wav,Fire,FireDataset,5.0,train
X:\NEU\capstone\data\segments\fsd50k\379994.wav,Train,FSD50K,15.4645,test
X:\NEU\capstone\data\segments\wildfire\y2mate.com - DD Ambience  Building on Fire  Blaze Inferno Wood Cracking Collapsing Loud Stressing_58_seg8.wav,Fire,FireDataset,5.0,train
X:\NEU\capstone\data\segments\wildfire\y2mate.com - DD Ambience  Building on Fire  Blaze Inferno Wood Cracking Collapsing Loud Stressing_44_seg7.wav,Fire,FireDataset,5.0,train
X:\NEU\capstone\data\segments\wildfire\y2mate.com - DD Ambience  Building on Fire  Blaze Inferno Wood Cracking Collapsing Loud Stressing_1_33_seg4.wav,Fire,FireDataset,5.0,train
X:\NEU\capstone\data\segments\wildfire\y2mate.com - DD Ambience  Building on Fire  Blaze Inferno Wood Cracking Collapsing Loud Stressing_42_seg9.wav,Fire,FireDataset,5.0,train
X:\NEU\capstone\data\segments\fsd50k\326947.wav,Fire,FSD50K,8.5,train
X:\NEU\capstone\data\segments\fsd50k\325156.wav,Thunder,FSD50K,16.7446875,train
X:\NEU\capstone\data\segments\fsd50k\407012.wav,Wind,FSD50K,13.7566875,train
X:\NEU\capstone\data\segments\wildfire\y2mate.com - DD Ambience  Building on Fire  Blaze Inferno Wood Cracking Collapsing Loud Stressing_09_seg8.wav,Fire,FireDataset,5.0,train
X:\NEU\capstone\data\segments\fsd50k\18686.wav,Train,FSD50K,29.999,train
X:\NEU\capstone\data\segments\fsd50k\112683.wav,Train,FSD50K,13.6709375,test
X:\NEU\capstone\data\segments\wildfire\y2mate.com - DD Ambience  Building on Fire  Blaze Inferno Wood Cracking Collapsing Loud Stressing_1_12_seg7.wav,Fire,FireDataset,5.0,train
X:\NEU\capstone\data\segments\fsd50k\253953.wav,Thunder,FSD50K,19.7026875,train
X:\NEU\capstone\data\segments\fsd50k\409742.wav,Fire,FSD50K,2.2154375,train
X:\NEU\capstone\data\segments\wildfire\videoplayback_17_seg1.wav,Fire,FireDataset,5.0,train
X:\NEU\capstone\data\segments\fsd50k\73271.wav,Thunder,FSD50K,14.06175,train
X:\NEU\capstone\data\segments\wildfire\y2mate.com - DD Ambience  Building on Fire  Blaze Inferno Wood Cracking Collapsing Loud Stressing_09_seg1.wav,Fire,FireDataset,5.0,val
X:\NEU\capstone\data\segments\wildfire\videoplayback_17_seg8.wav,Fire,FireDataset,5.0,train
X:\NEU\capstone\data\segments\wildfire\y2mate.com - DD Ambience  Building on Fire  Blaze Inferno Wood Cracking Collapsing Loud Stressing_36_seg1.wav,Fire,FireDataset,5.0,train
X:\NEU\capstone\data\segments\fsd50k\90344.wav,Train,FSD50K,18.4746875,train
X:\NEU\capstone\data\segments\wildfire\y2mate.com - DD Ambience  Building on Fire  Blaze Inferno Wood Cracking Collapsing Loud Stressing_1_30_seg4.wav,Fire,FireDataset,5.0,train
X:\NEU\capstone\data\segments\wildfire\y2mate.com - DD Ambience  Building on Fire  Blaze Inferno Wood Cracking Collapsing Loud Stressing_37_seg9.wav,Fire,FireDataset,5.0,train
X:\NEU\capstone\data\segments\wildfire\y2mate.com - DD Ambience  Building on Fire  Blaze Inferno Wood Cracking Collapsing Loud Stressing_57_seg4.wav,Fire,FireDataset,5.0,train
X:\NEU\capstone\data\segments\wildfire\y2mate.com - DD Ambience  Building on Fire  Blaze Inferno Wood Cracking Collapsing Loud Stressing_1_56_seg0.wav,Fire,FireDataset,5.0,train
X:\NEU\capstone\data\segments\wildfire\videoplayback_23_seg6.wav,Fire,FireDataset,5.0,train
X:\NEU\capstone\data\segments\wildfire\y2mate.com - DD Ambience  Building on Fire  Blaze Inferno Wood Cracking Collapsing Loud Stressing_1_30_seg7.wav,Fire,FireDataset,5.0,train
X:\NEU\capstone\data\segments\wildfire\y2mate.com - DD Ambience  Building on Fire  Blaze Inferno Wood Cracking Collapsing Loud Stressing_55_seg3.wav,Fire,FireDataset,5.0,train
X:\NEU\capstone\data\segments\wildfire\videoplayback_07_seg6.wav,Fire,FireDataset,5.0,train
X:\NEU\capstone\data\segments\wildfire\videoplayback_29_seg1.wav,Fire,FireDataset,5.0,train
X:\NEU\capstone\data\segments\wildfire\videoplayback_71_seg3.wav,Fire,FireDataset,5.0,val
X:\NEU\capstone\data\segments\wildfire\videoplayback_06_seg7.wav,Fire,FireDataset,5.0,train
X:\NEU\capstone\data\segments\wildfire\videoplayback_55_seg4.wav,Fire,FireDataset,5.0,train
X:\NEU\capstone\data\segments\fsd50k\258182.wav,Train,FSD50K,16.0058125,train
X:\NEU\capstone\data\segments\wildfire\y2mate.com - DD Ambience  Building on Fire  Blaze Inferno Wood Cracking Collapsing Loud Stressing_32_seg5.wav,Fire,FireDataset,5.0,train
X:\NEU\capstone\data\segments\fsd50k\4211.wav,Fire,FSD50K,9.4824375,train
X:\NEU\capstone\data\segments\fsd50k\68718.wav,Water,FSD50K,4.82975,train
X:\NEU\capstone\data\segments\wildfire\y2mate.com - DD Ambience  Building on Fire  Blaze Inferno Wood Cracking Collapsing Loud Stressing_1_08_seg2.wav,Fire,FireDataset,5.0,train
X:\NEU\capstone\data\segments\wildfire\videoplayback_31_seg3.wav,Fire,FireDataset,5.0,train
X:\NEU\capstone\data\segments\wildfire\y2mate.com - DD Ambience  Building on Fire  Blaze Inferno Wood Cracking Collapsing Loud Stressing_1_51_seg5.wav,Fire,FireDataset,5.0,val
X:\NEU\capstone\data\segments\wildfire\y2mate.com - DD Ambience  Building on Fire  Blaze Inferno Wood Cracking Collapsing Loud Stressing_1_28_seg8.wav,Fire,FireDataset,5.0,train
X:\NEU\capstone\data\segments\wildfire\videoplayback_13_seg2.wav,Fire,FireDataset,5.0,train
X:\NEU\capstone\data\segments\wildfire\y2mate.com - DD Ambience  Building on Fire  Blaze Inferno Wood Cracking Collapsing Loud Stressing_02_seg0.wav,Fire,FireDataset,5.0,train
X:\NEU\capstone\data\segments\fsd50k\166171.wav,Wind,FSD50K,7.5226875,train
X:\NEU\capstone\data\segments\wildfire\y2mate.com - DD Ambience  Building on Fire  Blaze Inferno Wood Cracking Collapsing Loud Stressing_09_seg4.wav,Fire,FireDataset,5.0,train
X:\NEU\capstone\data\segments\fsd50k\172722.wav,Fire,FSD50K,7.465625,test
X:\NEU\capstone\data\segments\fsd50k\125841.wav,Train,FSD50K,3.918375,test
X:\NEU\capstone\data\segments\wildfire\videoplayback_24_seg9.wav,Fire,FireDataset,5.0,train
X:\NEU\capstone\data\segments\fsd50k\237411.wav,Thunder,FSD50K,16.99975,train
X:\NEU\capstone\data\segments\wildfire\y2mate.com - DD Ambience  Building on Fire  Blaze Inferno Wood Cracking Collapsing Loud Stressing_43_seg5.wav,Fire,FireDataset,5.0,train
X:\NEU\capstone\data\segments\fsd50k\130247.wav,Fire,FSD50K,27.8345625,train
X:\NEU\capstone\data\segments\wildfire\y2mate.com - DD Ambience  Building on Fire  Blaze Inferno Wood Cracking Collapsing Loud Stressing_1_35_seg2.wav,Fire,FireDataset,5.0,train
X:\NEU\capstone\data\segments\fsd50k\336652.wav,Wind,FSD50K,10.2225,test
X:\NEU\capstone\data\segments\fsd50k\84683.wav,Water,FSD50K,15.0610625,train
X:\NEU\capstone\data\segments\fsd50k\322493.wav,Fire,FSD50K,7.039,train
X:\NEU\capstone\data\segments\wildfire\videoplayback_66_seg1.wav,Fire,FireDataset,5.0,train
X:\NEU\capstone\data\segments\fsd50k\424383.wav,Fire,FSD50K,10.0,train
X:\NEU\capstone\data\segments\wildfire\y2mate.com - DD Ambience  Building on Fire  Blaze Inferno Wood Cracking Collapsing Loud Stressing_1_68_seg4.wav,Fire,FireDataset,5.0,train
X:\NEU\capstone\data\segments\wildfire\y2mate.com - DD Ambience  Building on Fire  Blaze Inferno Wood Cracking Collapsing Loud Stressing_19_seg1.wav,Fire,FireDataset,5.0,train
X:\NEU\capstone\data\segments\wildfire\y2mate.com - DD Ambience  Building on Fire  Blaze Inferno Wood Cracking Collapsing Loud Stressing_1_01_seg2.wav,Fire,FireDataset,5.0,train
X:\NEU\capstone\data\segments\fsd50k\156311.wav,Fire,FSD50K,5.1541875,train
X:\NEU\capstone\data\segments\fsd50k\405343.wav,Train,FSD50K,22.4615625,train
X:\NEU\capstone\data\segments\wildfire\y2mate.com - DD Ambience  Building on Fire  Blaze Inferno Wood Cracking Collapsing Loud Stressing_1_43_seg3.wav,Fire,FireDataset,5.0,test
X:\NEU\capstone\data\segments\wildfire\y2mate.com - DD Ambience  Building on Fire  Blaze Inferno Wood Cracking Collapsing Loud Stressing_39_seg8.wav,Fire,FireDataset,5.0,train
X:\NEU\capstone\data\segments\wildfire\y2mate.com - DD Ambience  Building on Fire  Blaze Inferno Wood Cracking Collapsing Loud Stressing_1_37_seg3.wav,Fire,FireDataset,5.0,train
X:\NEU\capstone\data\segments\fsd50k\59277.wav,Aircraft,FSD50K,20.63675,train
X:\NEU\capstone\data\segments\wildfire\y2mate.com - DD Ambience  Building on Fire  Blaze Inferno Wood Cracking Collapsing Loud Stressing_1_19_seg9.wav,Fire,FireDataset,5.0,train
X:\NEU\capstone\data\segments\wildfire\y2mate.com - DD Ambience  Building on Fire  Blaze Inferno Wood Cracking Collapsing Loud Stressing_69_seg0.wav,Fire,FireDataset,5.0,train
X:\NEU\capstone\data\segments\fsd50k\112697.wav,Train,FSD50K,15.098125,train
X:\NEU\capstone\data\segments\wildfire\y2mate.com - DD Ambience  Building on Fire  Blaze Inferno Wood Cracking Collapsing Loud Stressing_1_66_seg2.wav,Fire,FireDataset,5.0,train
X:\NEU\capstone\data\segments\fsd50k\102695.wav,Fire,FSD50K,22.1866875,train
X:\NEU\capstone\data\segments\fsd50k\423356.wav,Train,FSD50K,2.0,test
X:\NEU\capstone\data\segments\fsd50k\420324.wav,Wind,FSD50K,1.461375,val
X:\NEU\capstone\data\segments\wildfire\videoplayback_64_seg6.wav,Fire,FireDataset,5.0,train
X:\NEU\capstone\data\segments\wildfire\y2mate.com - DD Ambience  Building on Fire  Blaze Inferno Wood Cracking Collapsing Loud Stressing_55_seg7.wav,Fire,FireDataset,5.0,train
X:\NEU\capstone\data\segments\wildfire\y2mate.com - DD Ambience  Building on Fire  Blaze Inferno Wood Cracking Collapsing Loud Stressing_1_32_seg0.wav,Fire,FireDataset,5.0,train
X:\NEU\capstone\data\segments\wildfire\y2mate.com - DD Ambience  Building on Fire  Blaze Inferno Wood Cracking Collapsing Loud Stressing_32_seg3.wav,Fire,FireDataset,5.0,val
X:\NEU\capstone\data\segments\wildfire\videoplayback_06_seg1.wav,Fire,FireDataset,5.0,val
X:\NEU\capstone\data\segments\fsd50k\2217.wav,Train,FSD50K,3.99675,train
X:\NEU\capstone\data\segments\wildfire\videoplayback_71_seg4.wav,Fire,FireDataset,5.0,train
X:\NEU\capstone\data\segments\wildfire\videoplayback_67_seg9.wav,Fire,FireDataset,5.0,train
X:\NEU\capstone\data\segments\fsd50k\17514.wav,Fire,FSD50K,9.3340625,test
X:\NEU\capstone\data\segments\wildfire\videoplayback_06_seg0.wav,Fire,FireDataset,5.0,train
X:\NEU\capstone\data\segments\fsd50k\391259.wav,Wind,FSD50K,3.00025,train
X:\NEU\capstone\data\segments\wildfire\y2mate.com - DD Ambience  Building on Fire  Blaze Inferno Wood Cracking Collapsing Loud Stressing_1_61_seg0.wav,Fire,FireDataset,5.0,train
X:\NEU\capstone\data\segments\fsd50k\256308.wav,Fire,FSD50K,1.54275,train
X:\NEU\capstone\data\segments\fsd50k\379017.wav,Wind,FSD50K,5.32875,train
X:\NEU\capstone\data\segments\wildfire\y2mate.com - DD Ambience  Building on Fire  Blaze Inferno Wood Cracking Collapsing Loud Stressing_1_71_seg7.wav,Fire,FireDataset,5.0,train
X:\NEU\capstone\data\segments\wildfire\y2mate.com - DD Ambience  Building on Fire  Blaze Inferno Wood Cracking Collapsing Loud Stressing_1_15_seg9.wav,Fire,FireDataset,5.0,train
X:\NEU\capstone\data\segments\wildfire\y2mate.com - DD Ambience  Building on Fire  Blaze Inferno Wood Cracking Collapsing Loud Stressing_21_seg1.wav,Fire,FireDataset,5.0,train
X:\NEU\capstone\data\segments\fsd50k\391694.wav,Water,FSD50K,4.586875,train
X:\NEU\capstone\data\segments\fsd50k\420318.wav,Wind,FSD50K,2.345375,train
X:\NEU\capstone\data\segments\fsd50k\164469.wav,Fire,FSD50K,6.664375,test
X:\NEU\capstone\data\segments\wildfire\y2mate.com - DD Ambience  Building on Fire  Blaze Inferno Wood Cracking Collapsing Loud Stressing_1_52_seg1.wav,Fire,FireDataset,5.0,train
X:\NEU\capstone\data\segments\wildfire\videoplayback_58_seg6.wav,Fire,FireDataset,5.0,train
X:\NEU\capstone\data\segments\fsd50k\187772.wav,Thunder,FSD50K,21.7963125,train
X:\NEU\capstone\data\segments\fsd50k\348935.wav,Fire,FSD50K,0.64675,train
X:\NEU\capstone\data\segments\fsd50k\17513.wav,Fire,FSD50K,4.513,val
X:\NEU\capstone\data\segments\wildfire\videoplayback_70_seg8.wav,Fire,FireDataset,5.0,train
X:\NEU\capstone\data\segments\fsd50k\349136.wav,Train,FSD50K,14.4041875,train
X:\NEU\capstone\data\segments\fsd50k\340462.wav,Train,FSD50K,11.14375,test
X:\NEU\capstone\data\segments\fsd50k\37346.wav,Thunder,FSD50K,10.056,train
X:\NEU\capstone\data\segments\wildfire\y2mate.com - DD Ambience  Building on Fire  Blaze Inferno Wood Cracking Collapsing Loud Stressing_70_seg6.wav,Fire,FireDataset,5.0,train
X:\NEU\capstone\data\segments\wildfire\y2mate.com - DD Ambience  Building on Fire  Blaze Inferno Wood Cracking Collapsing Loud Stressing_45_seg6.wav,Fire,FireDataset,5.0,train
X:\NEU\capstone\data\segments\fsd50k\151195.wav,Thunder,FSD50K,12.5244375,train
X:\NEU\capstone\data\segments\wildfire\y2mate.com - DD Ambience  Building on Fire  Blaze Inferno Wood Cracking Collapsing Loud Stressing_20_seg0.wav,Fire,FireDataset,5.0,train
X:\NEU\capstone\data\segments\wildfire\videoplayback_06_seg2.wav,Fire,FireDataset,5.0,test
X:\NEU\capstone\data\segments\wildfire\y2mate.com - DD Ambience  Building on Fire  Blaze Inferno Wood Cracking Collapsing Loud Stressing_01_seg0.wav,Fire,FireDataset,5.0,train
X:\NEU\capstone\data\segments\fsd50k\182121.wav,Fire,FSD50K,6.2229375,train
X:\NEU\capstone\data\segments\wildfire\y2mate.com - DD Ambience  Building on Fire  Blaze Inferno Wood Cracking Collapsing Loud Stressing_21_seg9.wav,Fire,FireDataset,5.0,train
X:\NEU\capstone\data\segments\wildfire\y2mate.com - DD Ambience  Building on Fire  Blaze Inferno Wood Cracking Collapsing Loud Stressing_32_seg2.wav,Fire,FireDataset,5.0,test
X:\NEU\capstone\data\segments\wildfire\y2mate.com - DD Ambience  Building on Fire  Blaze Inferno Wood Cracking Collapsing Loud Stressing_29_seg4.wav,Fire,FireDataset,5.0,train
X:\NEU\capstone\data\segments\fsd50k\394934.wav,Water,FSD50K,13.742375,train
X:\NEU\capstone\data\segments\fsd50k\243968.wav,Thunder,FSD50K,3.483,train
X:\NEU\capstone\data\segments\wildfire\y2mate.com - DD Ambience  Building on Fire  Blaze Inferno Wood Cracking Collapsing Loud Stressing_1_06_seg4.wav,Fire,FireDataset,5.0,train
X:\NEU\capstone\data\segments\fsd50k\160154.wav,Thunder,FSD50K,16.487875,train
X:\NEU\capstone\data\segments\wildfire\y2mate.com - DD Ambience  Building on Fire  Blaze Inferno Wood Cracking Collapsing Loud Stressing_71_seg1.wav,Fire,FireDataset,5.0,val
X:\NEU\capstone\data\segments\fsd50k\182911.wav,Wind,FSD50K,10.2861875,train
X:\NEU\capstone\data\segments\wildfire\videoplayback_01_seg4.wav,Fire,FireDataset,5.0,train
X:\NEU\capstone\data\segments\wildfire\videoplayback_72_seg8.wav,Fire,FireDataset,5.0,train
X:\NEU\capstone\data\segments\wildfire\y2mate.com - DD Ambience  Building on Fire  Blaze Inferno Wood Cracking Collapsing Loud Stressing_27_seg7.wav,Fire,FireDataset,5.0,test
X:\NEU\capstone\data\segments\fsd50k\218179.wav,Train,FSD50K,19.79,train
X:\NEU\capstone\data\segments\fsd50k\216269.wav,Thunder,FSD50K,6.0,train
X:\NEU\capstone\data\segments\fsd50k\17921.wav,Water,FSD50K,17.5803125,train
X:\NEU\capstone\data\segments\fsd50k\202898.wav,Water,FSD50K,18.6813125,train
X:\NEU\capstone\data\segments\wildfire\videoplayback_66_seg9.wav,Fire,FireDataset,5.0,train
X:\NEU\capstone\data\segments\fsd50k\433614.wav,Water,FSD50K,23.0,train
X:\NEU\capstone\data\segments\fsd50k\182908.wav,Wind,FSD50K,9.9620625,train
X:\NEU\capstone\data\segments\fsd50k\55169.wav,Thunder,FSD50K,29.1874375,train
X:\NEU\capstone\data\segments\wildfire\y2mate.com - DD Ambience  Building on Fire  Blaze Inferno Wood Cracking Collapsing Loud Stressing_67_seg8.wav,Fire,FireDataset,5.0,train
X:\NEU\capstone\data\segments\wildfire\videoplayback_32_seg9.wav,Fire,FireDataset,5.0,train
X:\NEU\capstone\data\segments\fsd50k\325277.wav,Fire,FSD50K,6.817625,train
X:\NEU\capstone\data\segments\fsd50k\156330.wav,Fire,FSD50K,1.8440625,train
X:\NEU\capstone\data\segments\fsd50k\211604.wav,Wind,FSD50K,10.0,train
X:\NEU\capstone\data\segments\wildfire\y2mate.com - DD Ambience  Building on Fire  Blaze Inferno Wood Cracking Collapsing Loud Stressing_57_seg8.wav,Fire,FireDataset,5.0,test
X:\NEU\capstone\data\segments\wildfire\y2mate.com - DD Ambience  Building on Fire  Blaze Inferno Wood Cracking Collapsing Loud Stressing_40_seg1.wav,Fire,FireDataset,5.0,val
X:\NEU\capstone\data\segments\fsd50k\223550.wav,Fire,FSD50K,9.4506875,train
X:\NEU\capstone\data\segments\wildfire\videoplayback_55_seg0.wav,Fire,FireDataset,5.0,train
X:\NEU\capstone\data\segments\wildfire\y2mate.com - DD Ambience  Building on Fire  Blaze Inferno Wood Cracking Collapsing Loud Stressing_1_23_seg7.wav,Fire,FireDataset,5.0,train
X:\NEU\capstone\data\segments\wildfire\videoplayback_40_seg7.wav,Fire,FireDataset,5.0,val
X:\NEU\capstone\data\segments\wildfire\y2mate.com - DD Ambience  Building on Fire  Blaze Inferno Wood Cracking Collapsing Loud Stressing_03_seg9.wav,Fire,FireDataset,5.0,train
X:\NEU\capstone\data\segments\fsd50k\99080.wav,Thunder,FSD50K,19.226125,test
X:\NEU\capstone\data\segments\wildfire\y2mate.com - DD Ambience  Building on Fire  Blaze Inferno Wood Cracking Collapsing Loud Stressing_1_19_seg0.wav,Fire,FireDataset,5.0,train
X:\NEU\capstone\data\segments\wildfire\y2mate.com - DD Ambience  Building on Fire  Blaze Inferno Wood Cracking Collapsing Loud Stressing_09_seg2.wav,Fire,FireDataset,5.0,train
X:\NEU\capstone\data\segments\wildfire\videoplayback_03_seg3.wav,Fire,FireDataset,5.0,train
X:\NEU\capstone\data\segments\fsd50k\182920.wav,Wind,FSD50K,10.1193125,train
X:\NEU\capstone\data\segments\wildfire\y2mate.com - DD Ambience  Building on Fire  Blaze Inferno Wood Cracking Collapsing Loud Stressing_40_seg4.wav,Fire,FireDataset,5.0,train
X:\NEU\capstone\data\segments\fsd50k\218162.wav,Train,FSD50K,21.0449375,train
X:\NEU\capstone\data\segments\fsd50k\199771.wav,Thunder,FSD50K,13.064,train
X:\NEU\capstone\data\segments\fsd50k\195982.wav,Train,FSD50K,21.2245,train
X:\NEU\capstone\data\segments\fsd50k\172717.wav,Fire,FSD50K,6.933875,train
X:\NEU\capstone\data\segments\wildfire\y2mate.com - DD Ambience  Building on Fire  Blaze Inferno Wood Cracking Collapsing Loud Stressing_61_seg0.wav,Fire,FireDataset,5.0,train
X:\NEU\capstone\data\segments\wildfire\y2mate.com - DD Ambience  Building on Fire  Blaze Inferno Wood Cracking Collapsing Loud Stressing_34_seg8.wav,Fire,FireDataset,5.0,val
X:\NEU\capstone\data\segments\wildfire\videoplayback_15_seg8.wav,Fire,FireDataset,5.0,train
X:\NEU\capstone\data\segments\wildfire\y2mate.com - DD Ambience  Building on Fire  Blaze Inferno Wood Cracking Collapsing Loud Stressing_33_seg5.wav,Fire,FireDataset,5.0,train
X:\NEU\capstone\data\segments\fsd50k\322494.wav,Fire,FSD50K,2.0981875,train
X:\NEU\capstone\data\segments\fsd50k\58250.wav,Thunder,FSD50K,26.0440625,train
X:\NEU\capstone\data\segments\fsd50k\50056.wav,Water,FSD50K,10.1958125,val
X:\NEU\capstone\data\segments\wildfire\y2mate.com - DD Ambience  Building on Fire  Blaze Inferno Wood Cracking Collapsing Loud Stressing_1_66_seg4.wav,Fire,FireDataset,5.0,train
X:\NEU\capstone\data\segments\fsd50k\321232.wav,Train,FSD50K,2.9951875,train
X:\NEU\capstone\data\segments\fsd50k\182915.wav,Wind,FSD50K,7.347625,train
X:\NEU\capstone\data\segments\wildfire\y2mate.com - DD Ambience  Building on Fire  Blaze Inferno Wood Cracking Collapsing Loud Stressing_1_31_seg3.wav,Fire,FireDataset,5.0,train
X:\NEU\capstone\data\segments\wildfire\y2mate.com - DD Ambience  Building on Fire  Blaze Inferno Wood Cracking Collapsing Loud Stressing_08_seg3.wav,Fire,FireDataset,5.0,test
X:\NEU\capstone\data\segments\wildfire\videoplayback_14_seg2.wav,Fire,FireDataset,5.0,train
X:\NEU\capstone\data\segments\wildfire\videoplayback_11_seg1.wav,Fire,FireDataset,5.0,train
X:\NEU\capstone\data\segments\fsd50k\277368.wav,Train,FSD50K,19.92225,train
X:\NEU\capstone\data\segments\wildfire\y2mate.com - DD Ambience  Building on Fire  Blaze Inferno Wood Cracking Collapsing Loud Stressing_1_26_seg1.wav,Fire,FireDataset,5.0,train
X:\NEU\capstone\data\segments\wildfire\videoplayback_32_seg4.wav,Fire,FireDataset,5.0,train
X:\NEU\capstone\data\segments\wildfire\y2mate.com - DD Ambience  Building on Fire  Blaze Inferno Wood Cracking Collapsing Loud Stressing_67_seg4.wav,Fire,FireDataset,5.0,test
X:\NEU\capstone\data\segments\wildfire\y2mate.com - DD Ambience  Building on Fire  Blaze Inferno Wood Cracking Collapsing Loud Stressing_1_49_seg3.wav,Fire,FireDataset,5.0,train
X:\NEU\capstone\data\segments\fsd50k\85834.wav,Fire,FSD50K,17.5,train
X:\NEU\capstone\data\segments\wildfire\videoplayback_31_seg0.wav,Fire,FireDataset,5.0,train
X:\NEU\capstone\data\segments\fsd50k\18045.wav,Thunder,FSD50K,15.30225,train
X:\NEU\capstone\data\segments\wildfire\y2mate.com - DD Ambience  Building on Fire  Blaze Inferno Wood Cracking Collapsing Loud Stressing_1_29_seg7.wav,Fire,FireDataset,5.0,train
X:\NEU\capstone\data\segments\wildfire\y2mate.com - DD Ambience  Building on Fire  Blaze Inferno Wood Cracking Collapsing Loud Stressing_1_44_seg8.wav,Fire,FireDataset,5.0,train
X:\NEU\capstone\data\segments\wildfire\y2mate.com - DD Ambience  Building on Fire  Blaze Inferno Wood Cracking Collapsing Loud Stressing_1_67_seg5.wav,Fire,FireDataset,5.0,train
X:\NEU\capstone\data\segments\wildfire\videoplayback_51_seg5.wav,Fire,FireDataset,5.0,train
X:\NEU\capstone\data\segments\wildfire\y2mate.com - DD Ambience  Building on Fire  Blaze Inferno Wood Cracking Collapsing Loud Stressing_1_68_seg0.wav,Fire,FireDataset,5.0,val
X:\NEU\capstone\data\segments\wildfire\videoplayback_35_seg9.wav,Fire,FireDataset,5.0,train
X:\NEU\capstone\data\segments\wildfire\y2mate.com - DD Ambience  Building on Fire  Blaze Inferno Wood Cracking Collapsing Loud Stressing_1_24_seg6.wav,Fire,FireDataset,5.0,val
X:\NEU\capstone\data\segments\wildfire\y2mate.com - DD Ambience  Building on Fire  Blaze Inferno Wood Cracking Collapsing Loud Stressing_1_57_seg1.wav,Fire,FireDataset,5.0,train
X:\NEU\capstone\data\segments\wildfire\y2mate.com - DD Ambience  Building on Fire  Blaze Inferno Wood Cracking Collapsing Loud Stressing_51_seg5.wav,Fire,FireDataset,5.0,train
X:\NEU\capstone\data\segments\fsd50k\121573.wav,Thunder,FSD50K,23.5933125,train
X:\NEU\capstone\data\segments\fsd50k\22724.wav,Train,FSD50K,25.0514375,train
X:\NEU\capstone\data\segments\wildfire\y2mate.com - DD Ambience  Building on Fire  Blaze Inferno Wood Cracking Collapsing Loud Stressing_30_seg6.wav,Fire,FireDataset,5.0,train
X:\NEU\capstone\data\segments\wildfire\y2mate.com - DD Ambience  Building on Fire  Blaze Inferno Wood Cracking Collapsing Loud Stressing_61_seg2.wav,Fire,FireDataset,5.0,train
X:\NEU\capstone\data\segments\wildfire\y2mate.com - DD Ambience  Building on Fire  Blaze Inferno Wood Cracking Collapsing Loud Stressing_1_69_seg8.wav,Fire,FireDataset,5.0,val
X:\NEU\capstone\data\segments\wildfire\y2mate.com - DD Ambience  Building on Fire  Blaze Inferno Wood Cracking Collapsing Loud Stressing_68_seg7.wav,Fire,FireDataset,5.0,train
X:\NEU\capstone\data\segments\wildfire\y2mate.com - DD Ambience  Building on Fire  Blaze Inferno Wood Cracking Collapsing Loud Stressing_69_seg9.wav,Fire,FireDataset,5.0,train
X:\NEU\capstone\data\segments\wildfire\y2mate.com - DD Ambience  Building on Fire  Blaze Inferno Wood Cracking Collapsing Loud Stressing_1_37_seg9.wav,Fire,FireDataset,5.0,test
X:\NEU\capstone\data\segments\wildfire\videoplayback_34_seg3.wav,Fire,FireDataset,5.0,val
X:\NEU\capstone\data\segments\fsd50k\386385.wav,Fire,FSD50K,0.75,val
X:\NEU\capstone\data\segments\wildfire\y2mate.com - DD Ambience  Building on Fire  Blaze Inferno Wood Cracking Collapsing Loud Stressing_1_12_seg9.wav,Fire,FireDataset,5.0,train
X:\NEU\capstone\data\segments\wildfire\videoplayback_67_seg2.wav,Fire,FireDataset,5.0,train
X:\NEU\capstone\data\segments\fsd50k\16750.wav,Water,FSD50K,0.3286875,train
X:\NEU\capstone\data\segments\fsd50k\410404.wav,Fire,FSD50K,16.652875,train
X:\NEU\capstone\data\segments\fsd50k\34068.wav,Water,FSD50K,29.3355,val
X:\NEU\capstone\data\segments\fsd50k\94867.wav,Aircraft,FSD50K,18.7918125,train
X:\NEU\capstone\data\segments\fsd50k\112695.wav,Train,FSD50K,10.9989375,train
X:\NEU\capstone\data\segments\wildfire\videoplayback_32_seg6.wav,Fire,FireDataset,5.0,train
X:\NEU\capstone\data\segments\fsd50k\178733.wav,Fire,FSD50K,11.75,val
X:\NEU\capstone\data\segments\wildfire\y2mate.com - DD Ambience  Building on Fire  Blaze Inferno Wood Cracking Collapsing Loud Stressing_15_seg6.wav,Fire,FireDataset,5.0,train
X:\NEU\capstone\data\segments\fsd50k\423887.wav,Fire,FSD50K,9.653375,train
X:\NEU\capstone\data\segments\fsd50k\77032.wav,Fire,FSD50K,7.7845,train
X:\NEU\capstone\data\segments\wildfire\y2mate.com - DD Ambience  Building on Fire  Blaze Inferno Wood Cracking Collapsing Loud Stressing_02_seg2.wav,Fire,FireDataset,5.0,train
X:\NEU\capstone\data\segments\wildfire\videoplayback_48_seg1.wav,Fire,FireDataset,5.0,train
X:\NEU\capstone\data\segments\wildfire\videoplayback_65_seg8.wav,Fire,FireDataset,5.0,train
X:\NEU\capstone\data\segments\wildfire\y2mate.com - DD Ambience  Building on Fire  Blaze Inferno Wood Cracking Collapsing Loud Stressing_57_seg3.wav,Fire,FireDataset,5.0,train
X:\NEU\capstone\data\segments\wildfire\y2mate.com - DD Ambience  Building on Fire  Blaze Inferno Wood Cracking Collapsing Loud Stressing_1_46_seg7.wav,Fire,FireDataset,5.0,test
X:\NEU\capstone\data\segments\fsd50k\238853.wav,Fire,FSD50K,2.93875,train
X:\NEU\capstone\data\segments\fsd50k\140715.wav,Fire,FSD50K,3.691875,train
X:\NEU\capstone\data\segments\wildfire\videoplayback_10_seg9.wav,Fire,FireDataset,5.0,test
X:\NEU\capstone\data\segments\wildfire\y2mate.com - DD Ambience  Building on Fire  Blaze Inferno Wood Cracking Collapsing Loud Stressing_1_61_seg1.wav,Fire,FireDataset,5.0,train
X:\NEU\capstone\data\segments\wildfire\videoplayback_40_seg1.wav,Fire,FireDataset,5.0,train
X:\NEU\capstone\data\segments\wildfire\y2mate.com - DD Ambience  Building on Fire  Blaze Inferno Wood Cracking Collapsing Loud Stressing_23_seg2.wav,Fire,FireDataset,5.0,train
X:\NEU\capstone\data\segments\wildfire\videoplayback_54_seg9.wav,Fire,FireDataset,5.0,val
X:\NEU\capstone\data\segments\wildfire\videoplayback_39_seg9.wav,Fire,FireDataset,5.0,train
X:\NEU\capstone\data\segments\fsd50k\409741.wav,Fire,FSD50K,2.2415625,test
X:\NEU\capstone\data\segments\wildfire\videoplayback_39_seg1.wav,Fire,FireDataset,5.0,val
X:\NEU\capstone\data\segments\fsd50k\145230.wav,Wind,FSD50K,28.7850625,train
X:\NEU\capstone\data\segments\fsd50k\317833.wav,Fire,FSD50K,6.0,test
X:\NEU\capstone\data\segments\fsd50k\68326.wav,Water,FSD50K,0.7141875,train
X:\NEU\capstone\data\segments\fsd50k\47531.wav,Train,FSD50K,18.06375,test
X:\NEU\capstone\data\segments\wildfire\y2mate.com - DD Ambience  Building on Fire  Blaze Inferno Wood Cracking Collapsing Loud Stressing_1_28_seg3.wav,Fire,FireDataset,5.0,train
X:\NEU\capstone\data\segments\wildfire\y2mate.com - DD Ambience  Building on Fire  Blaze Inferno Wood Cracking Collapsing Loud Stressing_34_seg7.wav,Fire,FireDataset,5.0,train
X:\NEU\capstone\data\segments\wildfire\y2mate.com - DD Ambience  Building on Fire  Blaze Inferno Wood Cracking Collapsing Loud Stressing_21_seg2.wav,Fire,FireDataset,5.0,train
X:\NEU\capstone\data\segments\fsd50k\160770.wav,Thunder,FSD50K,22.66175,test
X:\NEU\capstone\data\segments\wildfire\videoplayback_49_seg0.wav,Fire,FireDataset,5.0,train
X:\NEU\capstone\data\segments\wildfire\y2mate.com - DD Ambience  Building on Fire  Blaze Inferno Wood Cracking Collapsing Loud Stressing_13_seg0.wav,Fire,FireDataset,5.0,train
X:\NEU\capstone\data\segments\fsd50k\150864.wav,Fire,FSD50K,21.6508125,test
X:\NEU\capstone\data\segments\fsd50k\216257.wav,Thunder,FSD50K,6.0,train
X:\NEU\capstone\data\segments\wildfire\y2mate.com - DD Ambience  Building on Fire  Blaze Inferno Wood Cracking Collapsing Loud Stressing_1_22_seg7.wav,Fire,FireDataset,5.0,train
X:\NEU\capstone\data\segments\wildfire\videoplayback_14_seg6.wav,Fire,FireDataset,5.0,train
X:\NEU\capstone\data\segments\wildfire\y2mate.com - DD Ambience  Building on Fire  Blaze Inferno Wood Cracking Collapsing Loud Stressing_1_54_seg5.wav,Fire,FireDataset,5.0,train
X:\NEU\capstone\data\segments\fsd50k\333441.wav,Water,FSD50K,3.5061875,train
X:\NEU\capstone\data\segments\wildfire\videoplayback_53_seg0.wav,Fire,FireDataset,5.0,train
X:\NEU\capstone\data\segments\wildfire\y2mate.com - DD Ambience  Building on Fire  Blaze Inferno Wood Cracking Collapsing Loud Stressing_12_seg7.wav,Fire,FireDataset,5.0,train
X:\NEU\capstone\data\segments\fsd50k\94708.wav,Fire,FSD50K,5.002625,train
X:\NEU\capstone\data\segments\wildfire\y2mate.com - DD Ambience  Building on Fire  Blaze Inferno Wood Cracking Collapsing Loud Stressing_1_58_seg8.wav,Fire,FireDataset,5.0,train
X:\NEU\capstone\data\segments\wildfire\y2mate.com - DD Ambience  Building on Fire  Blaze Inferno Wood Cracking Collapsing Loud Stressing_1_35_seg1.wav,Fire,FireDataset,5.0,train
X:\NEU\capstone\data\segments\wildfire\y2mate.com - DD Ambience  Building on Fire  Blaze Inferno Wood Cracking Collapsing Loud Stressing_1_03_seg5.wav,Fire,FireDataset,5.0,train
X:\NEU\capstone\data\segments\fsd50k\190664.wav,Wind,FSD50K,18.956125,train
X:\NEU\capstone\data\segments\wildfire\videoplayback_28_seg9.wav,Fire,FireDataset,5.0,train
X:\NEU\capstone\data\segments\fsd50k\273580.wav,Fire,FSD50K,0.3951875,train
X:\NEU\capstone\data\segments\wildfire\y2mate.com - DD Ambience  Building on Fire  Blaze Inferno Wood Cracking Collapsing Loud Stressing_1_47_seg4.wav,Fire,FireDataset,5.0,train
X:\NEU\capstone\data\segments\fsd50k\400409.wav,Fire,FSD50K,12.4495,train
X:\NEU\capstone\data\segments\fsd50k\244926.wav,Fire,FSD50K,3.857125,train
X:\NEU\capstone\data\segments\wildfire\y2mate.com - DD Ambience  Building on Fire  Blaze Inferno Wood Cracking Collapsing Loud Stressing_1_27_seg9.wav,Fire,FireDataset,5.0,train
X:\NEU\capstone\data\segments\fsd50k\149012.wav,Fire,FSD50K,6.809,train
X:\NEU\capstone\data\segments\wildfire\y2mate.com - DD Ambience  Building on Fire  Blaze Inferno Wood Cracking Collapsing Loud Stressing_42_seg8.wav,Fire,FireDataset,5.0,train
X:\NEU\capstone\data\segments\fsd50k\238797.wav,Wind,FSD50K,3.058375,train
X:\NEU\capstone\data\segments\wildfire\videoplayback_18_seg1.wav,Fire,FireDataset,5.0,train
X:\NEU\capstone\data\segments\fsd50k\350812.wav,Water,FSD50K,1.19575,val
X:\NEU\capstone\data\segments\fsd50k\321423.wav,Thunder,FSD50K,13.6500625,train
X:\NEU\capstone\data\segments\wildfire\y2mate.com - DD Ambience  Building on Fire  Blaze Inferno Wood Cracking Collapsing Loud Stressing_1_55_seg5.wav,Fire,FireDataset,5.0,train
X:\NEU\capstone\data\segments\wildfire\y2mate.com - DD Ambience  Building on Fire  Blaze Inferno Wood Cracking Collapsing Loud Stressing_47_seg9.wav,Fire,FireDataset,5.0,train
X:\NEU\capstone\data\segments\wildfire\y2mate.com - DD Ambience  Building on Fire  Blaze Inferno Wood Cracking Collapsing Loud Stressing_64_seg4.wav,Fire,FireDataset,5.0,val
X:\NEU\capstone\data\segments\wildfire\videoplayback_14_seg3.wav,Fire,FireDataset,5.0,test
X:\NEU\capstone\data\segments\wildfire\y2mate.com - DD Ambience  Building on Fire  Blaze Inferno Wood Cracking Collapsing Loud Stressing_1_40_seg6.wav,Fire,FireDataset,5.0,train
X:\NEU\capstone\data\segments\wildfire\videoplayback_33_seg3.wav,Fire,FireDataset,5.0,train
X:\NEU\capstone\data\segments\wildfire\y2mate.com - DD Ambience  Building on Fire  Blaze Inferno Wood Cracking Collapsing Loud Stressing_64_seg1.wav,Fire,FireDataset,5.0,val
X:\NEU\capstone\data\segments\wildfire\videoplayback_13_seg8.wav,Fire,FireDataset,5.0,train
X:\NEU\capstone\data\segments\fsd50k\193473.wav,Fire,FSD50K,24.0,train
X:\NEU\capstone\data\segments\wildfire\y2mate.com - DD Ambience  Building on Fire  Blaze Inferno Wood Cracking Collapsing Loud Stressing_38_seg2.wav,Fire,FireDataset,5.0,test
X:\NEU\capstone\data\segments\wildfire\videoplayback_26_seg7.wav,Fire,FireDataset,5.0,train
X:\NEU\capstone\data\segments\wildfire\y2mate.com - DD Ambience  Building on Fire  Blaze Inferno Wood Cracking Collapsing Loud Stressing_1_32_seg9.wav,Fire,FireDataset,5.0,train
X:\NEU\capstone\data\segments\wildfire\y2mate.com - DD Ambience  Building on Fire  Blaze Inferno Wood Cracking Collapsing Loud Stressing_1_15_seg6.wav,Fire,FireDataset,5.0,train
X:\NEU\capstone\data\segments\wildfire\y2mate.com - DD Ambience  Building on Fire  Blaze Inferno Wood Cracking Collapsing Loud Stressing_61_seg4.wav,Fire,FireDataset,5.0,train
X:\NEU\capstone\data\segments\wildfire\videoplayback_56_seg7.wav,Fire,FireDataset,5.0,train
X:\NEU\capstone\data\segments\fsd50k\203232.wav,Water,FSD50K,27.897,train
X:\NEU\capstone\data\segments\wildfire\y2mate.com - DD Ambience  Building on Fire  Blaze Inferno Wood Cracking Collapsing Loud Stressing_1_37_seg0.wav,Fire,FireDataset,5.0,train
X:\NEU\capstone\data\segments\wildfire\y2mate.com - DD Ambience  Building on Fire  Blaze Inferno Wood Cracking Collapsing Loud Stressing_1_71_seg8.wav,Fire,FireDataset,5.0,train
X:\NEU\capstone\data\segments\wildfire\videoplayback_06_seg6.wav,Fire,FireDataset,5.0,val
X:\NEU\capstone\data\segments\fsd50k\420313.wav,Wind,FSD50K,1.3685,train
X:\NEU\capstone\data\segments\fsd50k\423896.wav,Fire,FSD50K,11.896125,train
X:\NEU\capstone\data\segments\fsd50k\112671.wav,Train,FSD50K,14.6005,val
X:\NEU\capstone\data\segments\wildfire\videoplayback_05_seg2.wav,Fire,FireDataset,5.0,train
X:\NEU\capstone\data\segments\fsd50k\407029.wav,Wind,FSD50K,9.4500625,test
X:\NEU\capstone\data\segments\fsd50k\420304.wav,Wind,FSD50K,1.001625,val
X:\NEU\capstone\data\segments\fsd50k\78966.wav,Wind,FSD50K,6.752875,train
X:\NEU\capstone\data\segments\fsd50k\402723.wav,Fire,FSD50K,20.891875,train
X:\NEU\capstone\data\segments\wildfire\y2mate.com - DD Ambience  Building on Fire  Blaze Inferno Wood Cracking Collapsing Loud Stressing_26_seg5.wav,Fire,FireDataset,5.0,train
X:\NEU\capstone\data\segments\wildfire\y2mate.com - DD Ambience  Building on Fire  Blaze Inferno Wood Cracking Collapsing Loud Stressing_31_seg4.wav,Fire,FireDataset,5.0,train
X:\NEU\capstone\data\segments\wildfire\videoplayback_60_seg3.wav,Fire,FireDataset,5.0,train
X:\NEU\capstone\data\segments\wildfire\videoplayback_35_seg2.wav,Fire,FireDataset,5.0,train
X:\NEU\capstone\data\segments\wildfire\y2mate.com - DD Ambience  Building on Fire  Blaze Inferno Wood Cracking Collapsing Loud Stressing_1_42_seg0.wav,Fire,FireDataset,5.0,train
X:\NEU\capstone\data\segments\fsd50k\102679.wav,Train,FSD50K,10.695625,train
X:\NEU\capstone\data\segments\wildfire\videoplayback_50_seg7.wav,Fire,FireDataset,5.0,val
X:\NEU\capstone\data\segments\wildfire\y2mate.com - DD Ambience  Building on Fire  Blaze Inferno Wood Cracking Collapsing Loud Stressing_65_seg6.wav,Fire,FireDataset,5.0,train
X:\NEU\capstone\data\segments\wildfire\videoplayback_10_seg7.wav,Fire,FireDataset,5.0,train
X:\NEU\capstone\data\segments\wildfire\y2mate.com - DD Ambience  Building on Fire  Blaze Inferno Wood Cracking Collapsing Loud Stressing_1_31_seg1.wav,Fire,FireDataset,5.0,train
X:\NEU\capstone\data\segments\wildfire\y2mate.com - DD Ambience  Building on Fire  Blaze Inferno Wood Cracking Collapsing Loud Stressing_1_52_seg5.wav,Fire,FireDataset,5.0,train
X:\NEU\capstone\data\segments\wildfire\y2mate.com - DD Ambience  Building on Fire  Blaze Inferno Wood Cracking Collapsing Loud Stressing_1_02_seg4.wav,Fire,FireDataset,5.0,train
X:\NEU\capstone\data\segments\wildfire\videoplayback_22_seg8.wav,Fire,FireDataset,5.0,train
X:\NEU\capstone\data\segments\wildfire\y2mate.com - DD Ambience  Building on Fire  Blaze Inferno Wood Cracking Collapsing Loud Stressing_1_44_seg9.wav,Fire,FireDataset,5.0,train
X:\NEU\capstone\data\segments\wildfire\videoplayback_49_seg3.wav,Fire,FireDataset,5.0,train
X:\NEU\capstone\data\segments\fsd50k\241290.wav,Fire,FSD50K,9.696,train
X:\NEU\capstone\data\segments\wildfire\y2mate.com - DD Ambience  Building on Fire  Blaze Inferno Wood Cracking Collapsing Loud Stressing_1_60_seg0.wav,Fire,FireDataset,5.0,train
X:\NEU\capstone\data\segments\wildfire\videoplayback_07_seg7.wav,Fire,FireDataset,5.0,test
X:\NEU\capstone\data\segments\wildfire\y2mate.com - DD Ambience  Building on Fire  Blaze Inferno Wood Cracking Collapsing Loud Stressing_67_seg9.wav,Fire,FireDataset,5.0,train
X:\NEU\capstone\data\segments\wildfire\y2mate.com - DD Ambience  Building on Fire  Blaze Inferno Wood Cracking Collapsing Loud Stressing_64_seg8.wav,Fire,FireDataset,5.0,train
X:\NEU\capstone\data\segments\wildfire\videoplayback_13_seg9.wav,Fire,FireDataset,5.0,train
X:\NEU\capstone\data\segments\wildfire\y2mate.com - DD Ambience  Building on Fire  Blaze Inferno Wood Cracking Collapsing Loud Stressing_1_30_seg9.wav,Fire,FireDataset,5.0,train
X:\NEU\capstone\data\segments\fsd50k\386201.wav,Fire,FSD50K,6.0,train
X:\NEU\capstone\data\segments\wildfire\y2mate.com - DD Ambience  Building on Fire  Blaze Inferno Wood Cracking Collapsing Loud Stressing_24_seg1.wav,Fire,FireDataset,5.0,train
X:\NEU\capstone\data\segments\wildfire\videoplayback_54_seg0.wav,Fire,FireDataset,5.0,train
X:\NEU\capstone\data\segments\wildfire\y2mate.com - DD Ambience  Building on Fire  Blaze Inferno Wood Cracking Collapsing Loud Stressing_10_seg2.wav,Fire,FireDataset,5.0,test
X:\NEU\capstone\data\segments\fsd50k\362253.wav,Wind,FSD50K,11.256,test
X:\NEU\capstone\data\segments\wildfire\y2mate.com - DD Ambience  Building on Fire  Blaze Inferno Wood Cracking Collapsing Loud Stressing_45_seg4.wav,Fire,FireDataset,5.0,train
X:\NEU\capstone\data\segments\wildfire\y2mate.com - DD Ambience  Building on Fire  Blaze Inferno Wood Cracking Collapsing Loud Stressing_1_28_seg6.wav,Fire,FireDataset,5.0,val
X:\NEU\capstone\data\segments\fsd50k\151853.wav,Wind,FSD50K,8.6333125,train
X:\NEU\capstone\data\segments\fsd50k\125848.wav,Train,FSD50K,14.053875,train
X:\NEU\capstone\data\segments\fsd50k\193297.wav,Fire,FSD50K,6.6186875,train
X:\NEU\capstone\data\segments\fsd50k\182119.wav,Fire,FSD50K,6.25775,train
X:\NEU\capstone\data\segments\wildfire\y2mate.com - DD Ambience  Building on Fire  Blaze Inferno Wood Cracking Collapsing Loud Stressing_1_20_seg9.wav,Fire,FireDataset,5.0,val
X:\NEU\capstone\data\segments\fsd50k\330660.wav,Train,FSD50K,27.73925,train
X:\NEU\capstone\data\segments\wildfire\y2mate.com - DD Ambience  Building on Fire  Blaze Inferno Wood Cracking Collapsing Loud Stressing_1_63_seg1.wav,Fire,FireDataset,5.0,train
X:\NEU\capstone\data\segments\wildfire\videoplayback_46_seg6.wav,Fire,FireDataset,5.0,train
X:\NEU\capstone\data\segments\fsd50k\137022.wav,Water,FSD50K,7.173125,train
X:\NEU\capstone\data\segments\wildfire\y2mate.com - DD Ambience  Building on Fire  Blaze Inferno Wood Cracking Collapsing Loud Stressing_1_64_seg0.wav,Fire,FireDataset,5.0,train
X:\NEU\capstone\data\segments\wildfire\videoplayback_43_seg0.wav,Fire,FireDataset,5.0,val
X:\NEU\capstone\data\segments\wildfire\y2mate.com - DD Ambience  Building on Fire  Blaze Inferno Wood Cracking Collapsing Loud Stressing_03_seg2.wav,Fire,FireDataset,5.0,test
X:\NEU\capstone\data\segments\wildfire\y2mate.com - DD Ambience  Building on Fire  Blaze Inferno Wood Cracking Collapsing Loud Stressing_60_seg6.wav,Fire,FireDataset,5.0,train
X:\NEU\capstone\data\segments\fsd50k\415236.wav,Water,FSD50K,10.0000625,val
X:\NEU\capstone\data\segments\wildfire\videoplayback_62_seg1.wav,Fire,FireDataset,5.0,train
X:\NEU\capstone\data\segments\wildfire\y2mate.com - DD Ambience  Building on Fire  Blaze Inferno Wood Cracking Collapsing Loud Stressing_71_seg5.wav,Fire,FireDataset,5.0,train
X:\NEU\capstone\data\segments\fsd50k\81260.wav,Wind,FSD50K,7.801875,train
X:\NEU\capstone\data\segments\wildfire\videoplayback_39_seg3.wav,Fire,FireDataset,5.0,train
X:\NEU\capstone\data\segments\wildfire\y2mate.com - DD Ambience  Building on Fire  Blaze Inferno Wood Cracking Collapsing Loud Stressing_1_60_seg7.wav,Fire,FireDataset,5.0,train
X:\NEU\capstone\data\segments\wildfire\y2mate.com - DD Ambience  Building on Fire  Blaze Inferno Wood Cracking Collapsing Loud Stressing_1_29_seg9.wav,Fire,FireDataset,5.0,train
X:\NEU\capstone\data\segments\wildfire\videoplayback_49_seg2.wav,Fire,FireDataset,5.0,train
X:\NEU\capstone\data\segments\wildfire\videoplayback_38_seg7.wav,Fire,FireDataset,5.0,test
X:\NEU\capstone\data\segments\wildfire\videoplayback_08_seg8.wav,Fire,FireDataset,5.0,train
X:\NEU\capstone\data\segments\fsd50k\209443.wav,Wind,FSD50K,12.732375,train
X:\NEU\capstone\data\segments\fsd50k\341960.wav,Thunder,FSD50K,3.697125,train
X:\NEU\capstone\data\segments\fsd50k\172721.wav,Fire,FSD50K,9.3023125,train
X:\NEU\capstone\data\segments\fsd50k\64945.wav,Water,FSD50K,12.7974375,train
X:\NEU\capstone\data\segments\fsd50k\420323.wav,Wind,FSD50K,2.843875,val
X:\NEU\capstone\data\segments\wildfire\y2mate.com - DD Ambience  Building on Fire  Blaze Inferno Wood Cracking Collapsing Loud Stressing_34_seg2.wav,Fire,FireDataset,5.0,train
X:\NEU\capstone\data\segments\fsd50k\199943.wav,Thunder,FSD50K,22.2679375,test
X:\NEU\capstone\data\segments\wildfire\y2mate.com - DD Ambience  Building on Fire  Blaze Inferno Wood Cracking Collapsing Loud Stressing_01_seg4.wav,Fire,FireDataset,5.0,train
X:\NEU\capstone\data\segments\fsd50k\213028.wav,Thunder,FSD50K,25.68,train
X:\NEU\capstone\data\segments\wildfire\y2mate.com - DD Ambience  Building on Fire  Blaze Inferno Wood Cracking Collapsing Loud Stressing_47_seg3.wav,Fire,FireDataset,5.0,val
X:\NEU\capstone\data\segments\wildfire\y2mate.com - DD Ambience  Building on Fire  Blaze Inferno Wood Cracking Collapsing Loud Stressing_1_23_seg0.wav,Fire,FireDataset,5.0,train
X:\NEU\capstone\data\segments\wildfire\y2mate.com - DD Ambience  Building on Fire  Blaze Inferno Wood Cracking Collapsing Loud Stressing_22_seg7.wav,Fire,FireDataset,5.0,train
X:\NEU\capstone\data\segments\wildfire\videoplayback_17_seg3.wav,Fire,FireDataset,5.0,train
X:\NEU\capstone\data\segments\fsd50k\97194.wav,Train,FSD50K,22.7265,train
X:\NEU\capstone\data\segments\wildfire\videoplayback_28_seg1.wav,Fire,FireDataset,5.0,val
X:\NEU\capstone\data\segments\wildfire\y2mate.com - DD Ambience  Building on Fire  Blaze Inferno Wood Cracking Collapsing Loud Stressing_02_seg1.wav,Fire,FireDataset,5.0,train
X:\NEU\capstone\data\segments\wildfire\videoplayback_09_seg5.wav,Fire,FireDataset,5.0,train
X:\NEU\capstone\data\segments\fsd50k\338090.wav,Thunder,FSD50K,9.6914375,train
X:\NEU\capstone\data\segments\fsd50k\238059.wav,Fire,FSD50K,1.5895625,train
X:\NEU\capstone\data\segments\fsd50k\274307.wav,Fire,FSD50K,1.6949375,train
X:\NEU\capstone\data\segments\wildfire\y2mate.com - DD Ambience  Building on Fire  Blaze Inferno Wood Cracking Collapsing Loud Stressing_24_seg4.wav,Fire,FireDataset,5.0,train
X:\NEU\capstone\data\segments\fsd50k\131173.wav,Train,FSD50K,24.7379375,test
X:\NEU\capstone\data\segments\wildfire\y2mate.com - DD Ambience  Building on Fire  Blaze Inferno Wood Cracking Collapsing Loud Stressing_1_65_seg7.wav,Fire,FireDataset,5.0,train
X:\NEU\capstone\data\segments\wildfire\videoplayback_70_seg2.wav,Fire,FireDataset,5.0,train
X:\NEU\capstone\data\segments\fsd50k\30322.wav,Fire,FSD50K,26.893,train
X:\NEU\capstone\data\segments\wildfire\videoplayback_64_seg1.wav,Fire,FireDataset,5.0,train
X:\NEU\capstone\data\segments\wildfire\videoplayback_08_seg2.wav,Fire,FireDataset,5.0,test
X:\NEU\capstone\data\segments\fsd50k\256862.wav,Wind,FSD50K,25.4735,train
X:\NEU\capstone\data\segments\fsd50k\193472.wav,Fire,FSD50K,16.6741875,train
X:\NEU\capstone\data\segments\wildfire\y2mate.com - DD Ambience  Building on Fire  Blaze Inferno Wood Cracking Collapsing Loud Stressing_30_seg5.wav,Fire,FireDataset,5.0,train
X:\NEU\capstone\data\segments\wildfire\y2mate.com - DD Ambience  Building on Fire  Blaze Inferno Wood Cracking Collapsing Loud Stressing_07_seg5.wav,Fire,FireDataset,5.0,train
X:\NEU\capstone\data\segments\wildfire\y2mate.com - DD Ambience  Building on Fire  Blaze Inferno Wood Cracking Collapsing Loud Stressing_36_seg7.wav,Fire,FireDataset,5.0,train
X:\NEU\capstone\data\segments\wildfire\y2mate.com - DD Ambience  Building on Fire  Blaze Inferno Wood Cracking Collapsing Loud Stressing_1_16_seg0.wav,Fire,FireDataset,5.0,train
X:\NEU\capstone\data\segments\wildfire\videoplayback_18_seg5.wav,Fire,FireDataset,5.0,train
X:\NEU\capstone\data\segments\fsd50k\156316.wav,Fire,FSD50K,6.8698125,test
X:\NEU\capstone\data\segments\fsd50k\18999.wav,Train,FSD50K,11.9456875,val
X:\NEU\capstone\data\segments\wildfire\videoplayback_37_seg4.wav,Fire,FireDataset,5.0,train
X:\NEU\capstone\data\segments\fsd50k\199828.wav,Train,FSD50K,19.076375,train
X:\NEU\capstone\data\segments\fsd50k\212458.wav,Fire,FSD50K,14.111,train
X:\NEU\capstone\data\segments\fsd50k\350979.wav,Wind,FSD50K,18.51175,val
X:\NEU\capstone\data\segments\fsd50k\332416.wav,Train,FSD50K,14.153625,train
X:\NEU\capstone\data\segments\wildfire\y2mate.com - DD Ambience  Building on Fire  Blaze Inferno Wood Cracking Collapsing Loud Stressing_1_65_seg0.wav,Fire,FireDataset,5.0,train
X:\NEU\capstone\data\segments\wildfire\videoplayback_63_seg4.wav,Fire,FireDataset,5.0,train
X:\NEU\capstone\data\segments\fsd50k\16747.wav,Water,FSD50K,0.5678125,test
X:\NEU\capstone\data\segments\fsd50k\399220.wav,Fire,FSD50K,1.8715,train
X:\NEU\capstone\data\segments\wildfire\y2mate.com - DD Ambience  Building on Fire  Blaze Inferno Wood Cracking Collapsing Loud Stressing_1_01_seg4.wav,Fire,FireDataset,5.0,train
X:\NEU\capstone\data\segments\wildfire\videoplayback_37_seg6.wav,Fire,FireDataset,5.0,train
X:\NEU\capstone\data\segments\fsd50k\423810.wav,Fire,FSD50K,2.121375,train
X:\NEU\capstone\data\segments\wildfire\y2mate.com - DD Ambience  Building on Fire  Blaze Inferno Wood Cracking Collapsing Loud Stressing_12_seg9.wav,Fire,FireDataset,5.0,test
X:\NEU\capstone\data\segments\wildfire\y2mate.com - DD Ambience  Building on Fire  Blaze Inferno Wood Cracking Collapsing Loud Stressing_48_seg6.wav,Fire,FireDataset,5.0,test
X:\NEU\capstone\data\segments\fsd50k\337692.wav,Wind,FSD50K,8.986125,train
X:\NEU\capstone\data\segments\fsd50k\122091.wav,Thunder,FSD50K,24.5920625,val
X:\NEU\capstone\data\segments\wildfire\y2mate.com - DD Ambience  Building on Fire  Blaze Inferno Wood Cracking Collapsing Loud Stressing_1_69_seg1.wav,Fire,FireDataset,5.0,train
X:\NEU\capstone\data\segments\wildfire\y2mate.com - DD Ambience  Building on Fire  Blaze Inferno Wood Cracking Collapsing Loud Stressing_64_seg5.wav,Fire,FireDataset,5.0,val
X:\NEU\capstone\data\segments\fsd50k\199752.wav,Water,FSD50K,13.4008125,train
X:\NEU\capstone\data\segments\wildfire\y2mate.com - DD Ambience  Building on Fire  Blaze Inferno Wood Cracking Collapsing Loud Stressing_1_70_seg3.wav,Fire,FireDataset,5.0,test
X:\NEU\capstone\data\segments\wildfire\videoplayback_36_seg2.wav,Fire,FireDataset,5.0,train
X:\NEU\capstone\data\segments\fsd50k\398741.wav,Water,FSD50K,23.0023125,train
X:\NEU\capstone\data\segments\fsd50k\105296.wav,Thunder,FSD50K,1.5430625,val
X:\NEU\capstone\data\segments\fsd50k\115759.wav,Wind,FSD50K,1.46825,train
X:\NEU\capstone\data\segments\fsd50k\376843.wav,Fire,FSD50K,12.0,train
X:\NEU\capstone\data\segments\wildfire\y2mate.com - DD Ambience  Building on Fire  Blaze Inferno Wood Cracking Collapsing Loud Stressing_1_23_seg1.wav,Fire,FireDataset,5.0,train
X:\NEU\capstone\data\segments\fsd50k\30936.wav,Water,FSD50K,13.235375,train
X:\NEU\capstone\data\segments\fsd50k\23087.wav,Water,FSD50K,28.2901875,train
X:\NEU\capstone\data\segments\wildfire\y2mate.com - DD Ambience  Building on Fire  Blaze Inferno Wood Cracking Collapsing Loud Stressing_55_seg5.wav,Fire,FireDataset,5.0,test
X:\NEU\capstone\data\segments\wildfire\videoplayback_31_seg2.wav,Fire,FireDataset,5.0,train
X:\NEU\capstone\data\segments\wildfire\y2mate.com - DD Ambience  Building on Fire  Blaze Inferno Wood Cracking Collapsing Loud Stressing_1_72_seg9.wav,Fire,FireDataset,5.0,test
X:\NEU\capstone\data\segments\wildfire\y2mate.com - DD Ambience  Building on Fire  Blaze Inferno Wood Cracking Collapsing Loud Stressing_1_62_seg1.wav,Fire,FireDataset,5.0,val
X:\NEU\capstone\data\segments\fsd50k\151193.wav,Thunder,FSD50K,5.458375,train
X:\NEU\capstone\data\segments\wildfire\y2mate.com - DD Ambience  Building on Fire  Blaze Inferno Wood Cracking Collapsing Loud Stressing_37_seg5.wav,Fire,FireDataset,5.0,train
X:\NEU\capstone\data\segments\wildfire\videoplayback_55_seg9.wav,Fire,FireDataset,5.0,train
X:\NEU\capstone\data\segments\fsd50k\21050.wav,Wind,FSD50K,8.5823125,test
X:\NEU\capstone\data\segments\wildfire\y2mate.com - DD Ambience  Building on Fire  Blaze Inferno Wood Cracking Collapsing Loud Stressing_07_seg0.wav,Fire,FireDataset,5.0,train
X:\NEU\capstone\data\segments\fsd50k\189556.wav,Water,FSD50K,16.5498125,val
X:\NEU\capstone\data\segments\wildfire\y2mate.com - DD Ambience  Building on Fire  Blaze Inferno Wood Cracking Collapsing Loud Stressing_1_50_seg3.wav,Fire,FireDataset,5.0,train
X:\NEU\capstone\data\segments\wildfire\videoplayback_60_seg6.wav,Fire,FireDataset,5.0,test
X:\NEU\capstone\data\segments\wildfire\y2mate.com - DD Ambience  Building on Fire  Blaze Inferno Wood Cracking Collapsing Loud Stressing_19_seg9.wav,Fire,FireDataset,5.0,train
X:\NEU\capstone\data\segments\fsd50k\249872.wav,Water,FSD50K,11.6446875,train
X:\NEU\capstone\data\segments\fsd50k\425044.wav,Wind,FSD50K,5.524,train
X:\NEU\capstone\data\segments\fsd50k\381154.wav,Wind,FSD50K,1.314875,train
X:\NEU\capstone\data\segments\wildfire\videoplayback_56_seg2.wav,Fire,FireDataset,5.0,train
X:\NEU\capstone\data\segments\fsd50k\275608.wav,Fire,FSD50K,6.4285625,train
X:\NEU\capstone\data\segments\fsd50k\386221.wav,Fire,FSD50K,1.4790625,train
X:\NEU\capstone\data\segments\fsd50k\182912.wav,Wind,FSD50K,15.1681875,train
X:\NEU\capstone\data\segments\fsd50k\22932.wav,Thunder,FSD50K,25.0514375,train
X:\NEU\capstone\data\segments\wildfire\videoplayback_19_seg9.wav,Fire,FireDataset,5.0,train
X:\NEU\capstone\data\segments\wildfire\y2mate.com - DD Ambience  Building on Fire  Blaze Inferno Wood Cracking Collapsing Loud Stressing_13_seg2.wav,Fire,FireDataset,5.0,train
X:\NEU\capstone\data\segments\fsd50k\125325.wav,Fire,FSD50K,6.8068125,train
X:\NEU\capstone\data\segments\wildfire\videoplayback_31_seg8.wav,Fire,FireDataset,5.0,val
X:\NEU\capstone\data\segments\wildfire\videoplayback_69_seg4.wav,Fire,FireDataset,5.0,train
X:\NEU\capstone\data\segments\fsd50k\386140.wav,Aircraft,FSD50K,3.0,val
X:\NEU\capstone\data\segments\fsd50k\164473.wav,Fire,FSD50K,21.08,train
X:\NEU\capstone\data\segments\fsd50k\22934.wav,Thunder,FSD50K,12.0424375,train
X:\NEU\capstone\data\segments\wildfire\y2mate.com - DD Ambience  Building on Fire  Blaze Inferno Wood Cracking Collapsing Loud Stressing_1_11_seg8.wav,Fire,FireDataset,5.0,train
X:\NEU\capstone\data\segments\wildfire\videoplayback_02_seg7.wav,Fire,FireDataset,5.0,train
X:\NEU\capstone\data\segments\fsd50k\37542.wav,Water,FSD50K,17.489,train
X:\NEU\capstone\data\segments\fsd50k\116176.wav,Train,FSD50K,11.3004375,test
X:\NEU\capstone\data\segments\wildfire\videoplayback_70_seg3.wav,Fire,FireDataset,5.0,train
X:\NEU\capstone\data\segments\wildfire\y2mate.com - DD Ambience  Building on Fire  Blaze Inferno Wood Cracking Collapsing Loud Stressing_1_67_seg6.wav,Fire,FireDataset,5.0,test
X:\NEU\capstone\data\segments\fsd50k\49163.wav,Fire,FSD50K,2.25,train
X:\NEU\capstone\data\segments\wildfire\videoplayback_27_seg8.wav,Fire,FireDataset,5.0,train
X:\NEU\capstone\data\segments\fsd50k\50058.wav,Water,FSD50K,13.5059375,train
X:\NEU\capstone\data\segments\wildfire\y2mate.com - DD Ambience  Building on Fire  Blaze Inferno Wood Cracking Collapsing Loud Stressing_1_23_seg9.wav,Fire,FireDataset,5.0,train
X:\NEU\capstone\data\segments\fsd50k\36900.wav,Train,FSD50K,23.6310625,train
X:\NEU\capstone\data\segments\fsd50k\32481.wav,Train,FSD50K,26.2530625,train
X:\NEU\capstone\data\segments\fsd50k\196295.wav,Fire,FSD50K,15.975375,train
X:\NEU\capstone\data\segments\wildfire\videoplayback_23_seg7.wav,Fire,FireDataset,5.0,train
X:\NEU\capstone\data\segments\wildfire\videoplayback_21_seg8.wav,Fire,FireDataset,5.0,test
X:\NEU\capstone\data\segments\fsd50k\426797.wav,Fire,FSD50K,2.6470625,train
X:\NEU\capstone\data\segments\wildfire\y2mate.com - DD Ambience  Building on Fire  Blaze Inferno Wood Cracking Collapsing Loud Stressing_1_12_seg0.wav,Fire,FireDataset,5.0,train
X:\NEU\capstone\data\segments\fsd50k\323673.wav,Thunder,FSD50K,21.68775,train
X:\NEU\capstone\data\segments\fsd50k\250080.wav,Train,FSD50K,1.002125,train
X:\NEU\capstone\data\segments\wildfire\videoplayback_50_seg0.wav,Fire,FireDataset,5.0,train
X:\NEU\capstone\data\segments\wildfire\videoplayback_05_seg4.wav,Fire,FireDataset,5.0,train
X:\NEU\capstone\data\segments\wildfire\videoplayback_04_seg7.wav,Fire,FireDataset,5.0,train
X:\NEU\capstone\data\segments\fsd50k\73268.wav,Thunder,FSD50K,21.844625,train
X:\NEU\capstone\data\segments\fsd50k\96727.wav,Water,FSD50K,22.2795,train
X:\NEU\capstone\data\segments\wildfire\videoplayback_27_seg0.wav,Fire,FireDataset,5.0,train
X:\NEU\capstone\data\segments\fsd50k\176871.wav,Train,FSD50K,2.294625,train
X:\NEU\capstone\data\segments\wildfire\y2mate.com - DD Ambience  Building on Fire  Blaze Inferno Wood Cracking Collapsing Loud Stressing_31_seg9.wav,Fire,FireDataset,5.0,train
X:\NEU\capstone\data\segments\fsd50k\190076.wav,Fire,FSD50K,4.613,train
X:\NEU\capstone\data\segments\fsd50k\250725.wav,Wind,FSD50K,5.61925,train
X:\NEU\capstone\data\segments\fsd50k\36898.wav,Train,FSD50K,11.548,train
X:\NEU\capstone\data\segments\fsd50k\157187.wav,Fire,FSD50K,2.0008125,train
X:\NEU\capstone\data\segments\wildfire\y2mate.com - DD Ambience  Building on Fire  Blaze Inferno Wood Cracking Collapsing Loud Stressing_26_seg1.wav,Fire,FireDataset,5.0,train
X:\NEU\capstone\data\segments\wildfire\videoplayback_15_seg6.wav,Fire,FireDataset,5.0,train
X:\NEU\capstone\data\segments\fsd50k\195410.wav,Aircraft,FSD50K,24.032625,train
X:\NEU\capstone\data\segments\wildfire\y2mate.com - DD Ambience  Building on Fire  Blaze Inferno Wood Cracking Collapsing Loud Stressing_1_25_seg8.wav,Fire,FireDataset,5.0,train
X:\NEU\capstone\data\segments\fsd50k\122089.wav,Thunder,FSD50K,27.457125,train
X:\NEU\capstone\data\segments\fsd50k\105301.wav,Thunder,FSD50K,2.4668125,train
X:\NEU\capstone\data\segments\wildfire\videoplayback_21_seg6.wav,Fire,FireDataset,5.0,train
X:\NEU\capstone\data\segments\wildfire\videoplayback_53_seg6.wav,Fire,FireDataset,5.0,train
X:\NEU\capstone\data\segments\fsd50k\367318.wav,Fire,FSD50K,11.0866875,train
X:\NEU\capstone\data\segments\wildfire\videoplayback_63_seg5.wav,Fire,FireDataset,5.0,train
X:\NEU\capstone\data\segments\fsd50k\404163.wav,Train,FSD50K,12.6655625,train
X:\NEU\capstone\data\segments\wildfire\y2mate.com - DD Ambience  Building on Fire  Blaze Inferno Wood Cracking Collapsing Loud Stressing_51_seg6.wav,Fire,FireDataset,5.0,train
X:\NEU\capstone\data\segments\wildfire\y2mate.com - DD Ambience  Building on Fire  Blaze Inferno Wood Cracking Collapsing Loud Stressing_1_63_seg9.wav,Fire,FireDataset,5.0,train
X:\NEU\capstone\data\segments\wildfire\y2mate.com - DD Ambience  Building on Fire  Blaze Inferno Wood Cracking Collapsing Loud Stressing_05_seg1.wav,Fire,FireDataset,5.0,train
X:\NEU\capstone\data\segments\wildfire\y2mate.com - DD Ambience  Building on Fire  Blaze Inferno Wood Cracking Collapsing Loud Stressing_1_25_seg7.wav,Fire,FireDataset,5.0,train
X:\NEU\capstone\data\segments\wildfire\y2mate.com - DD Ambience  Building on Fire  Blaze Inferno Wood Cracking Collapsing Loud Stressing_30_seg1.wav,Fire,FireDataset,5.0,train
X:\NEU\capstone\data\segments\fsd50k\339451.wav,Fire,FSD50K,5.75,val
X:\NEU\capstone\data\segments\wildfire\y2mate.com - DD Ambience  Building on Fire  Blaze Inferno Wood Cracking Collapsing Loud Stressing_05_seg5.wav,Fire,FireDataset,5.0,train
X:\NEU\capstone\data\segments\fsd50k\388568.wav,Train,FSD50K,3.70775,test
X:\NEU\capstone\data\segments\fsd50k\322497.wav,Fire,FSD50K,1.1981875,test
X:\NEU\capstone\data\segments\fsd50k\407010.wav,Wind,FSD50K,14.65725,train
X:\NEU\capstone\data\segments\wildfire\y2mate.com - DD Ambience  Building on Fire  Blaze Inferno Wood Cracking Collapsing Loud Stressing_01_seg9.wav,Fire,FireDataset,5.0,train
X:\NEU\capstone\data\segments\wildfire\y2mate.com - DD Ambience  Building on Fire  Blaze Inferno Wood Cracking Collapsing Loud Stressing_55_seg4.wav,Fire,FireDataset,5.0,train
X:\NEU\capstone\data\segments\wildfire\y2mate.com - DD Ambience  Building on Fire  Blaze Inferno Wood Cracking Collapsing Loud Stressing_1_42_seg3.wav,Fire,FireDataset,5.0,train
X:\NEU\capstone\data\segments\wildfire\videoplayback_33_seg5.wav,Fire,FireDataset,5.0,train
X:\NEU\capstone\data\segments\wildfire\y2mate.com - DD Ambience  Building on Fire  Blaze Inferno Wood Cracking Collapsing Loud Stressing_1_66_seg9.wav,Fire,FireDataset,5.0,train
X:\NEU\capstone\data\segments\wildfire\videoplayback_68_seg0.wav,Fire,FireDataset,5.0,train
X:\NEU\capstone\data\segments\wildfire\y2mate.com - DD Ambience  Building on Fire  Blaze Inferno Wood Cracking Collapsing Loud Stressing_51_seg9.wav,Fire,FireDataset,5.0,train
X:\NEU\capstone\data\segments\wildfire\y2mate.com - DD Ambience  Building on Fire  Blaze Inferno Wood Cracking Collapsing Loud Stressing_66_seg9.wav,Fire,FireDataset,5.0,val
X:\NEU\capstone\data\segments\wildfire\videoplayback_32_seg3.wav,Fire,FireDataset,5.0,train
X:\NEU\capstone\data\segments\wildfire\y2mate.com - DD Ambience  Building on Fire  Blaze Inferno Wood Cracking Collapsing Loud Stressing_38_seg7.wav,Fire,FireDataset,5.0,train
X:\NEU\capstone\data\segments\fsd50k\156306.wav,Fire,FSD50K,6.8925,test
X:\NEU\capstone\data\segments\wildfire\videoplayback_10_seg0.wav,Fire,FireDataset,5.0,train
X:\NEU\capstone\data\segments\fsd50k\22591.wav,Train,FSD50K,26.286625,train
X:\NEU\capstone\data\segments\fsd50k\219471.wav,Aircraft,FSD50K,21.604375,val
X:\NEU\capstone\data\segments\fsd50k\321654.wav,Thunder,FSD50K,7.7158125,test
X:\NEU\capstone\data\segments\fsd50k\165812.wav,Thunder,FSD50K,20.572875,train
X:\NEU\capstone\data\segments\fsd50k\422742.wav,Fire,FSD50K,2.442875,test
X:\NEU\capstone\data\segments\wildfire\y2mate.com - DD Ambience  Building on Fire  Blaze Inferno Wood Cracking Collapsing Loud Stressing_49_seg7.wav,Fire,FireDataset,5.0,test
X:\NEU\capstone\data\segments\fsd50k\385821.wav,Train,FSD50K,6.46875,train
X:\NEU\capstone\data\segments\fsd50k\120698.wav,Water,FSD50K,22.3914375,train
X:\NEU\capstone\data\segments\wildfire\y2mate.com - DD Ambience  Building on Fire  Blaze Inferno Wood Cracking Collapsing Loud Stressing_1_47_seg3.wav,Fire,FireDataset,5.0,train
X:\NEU\capstone\data\segments\wildfire\videoplayback_53_seg5.wav,Fire,FireDataset,5.0,train
X:\NEU\capstone\data\segments\fsd50k\74337.wav,Fire,FSD50K,8.0830625,train
X:\NEU\capstone\data\segments\wildfire\videoplayback_65_seg0.wav,Fire,FireDataset,5.0,train
X:\NEU\capstone\data\segments\wildfire\y2mate.com - DD Ambience  Building on Fire  Blaze Inferno Wood Cracking Collapsing Loud Stressing_1_28_seg9.wav,Fire,FireDataset,5.0,train
X:\NEU\capstone\data\segments\fsd50k\196334.wav,Fire,FSD50K,8.0805625,train
X:\NEU\capstone\data\segments\fsd50k\77585.wav,Thunder,FSD50K,15.7081875,train
X:\NEU\capstone\data\segments\fsd50k\321164.wav,Thunder,FSD50K,21.76875,train
X:\NEU\capstone\data\segments\fsd50k\47522.wav,Train,FSD50K,16.8679375,train
X:\NEU\capstone\data\segments\wildfire\y2mate.com - DD Ambience  Building on Fire  Blaze Inferno Wood Cracking Collapsing Loud Stressing_61_seg5.wav,Fire,FireDataset,5.0,train
X:\NEU\capstone\data\segments\wildfire\y2mate.com - DD Ambience  Building on Fire  Blaze Inferno Wood Cracking Collapsing Loud Stressing_37_seg0.wav,Fire,FireDataset,5.0,val
X:\NEU\capstone\data\segments\wildfire\y2mate.com - DD Ambience  Building on Fire  Blaze Inferno Wood Cracking Collapsing Loud Stressing_03_seg7.wav,Fire,FireDataset,5.0,train
X:\NEU\capstone\data\segments\wildfire\videoplayback_54_seg6.wav,Fire,FireDataset,5.0,train
X:\NEU\capstone\data\segments\fsd50k\199957.wav,Thunder,FSD50K,13.3746875,train
X:\NEU\capstone\data\segments\fsd50k\173305.wav,Fire,FSD50K,6.0604375,train
X:\NEU\capstone\data\segments\fsd50k\112806.wav,Train,FSD50K,15.7446875,train
X:\NEU\capstone\data\segments\wildfire\y2mate.com - DD Ambience  Building on Fire  Blaze Inferno Wood Cracking Collapsing Loud Stressing_1_23_seg8.wav,Fire,FireDataset,5.0,train
X:\NEU\capstone\data\segments\wildfire\videoplayback_36_seg6.wav,Fire,FireDataset,5.0,train
X:\NEU\capstone\data\segments\fsd50k\189025.wav,Fire,FSD50K,15.712,train
X:\NEU\capstone\data\segments\fsd50k\172605.wav,Water,FSD50K,15.9419375,train
X:\NEU\capstone\data\segments\wildfire\y2mate.com - DD Ambience  Building on Fire  Blaze Inferno Wood Cracking Collapsing Loud Stressing_1_50_seg1.wav,Fire,FireDataset,5.0,train
X:\NEU\capstone\data\segments\fsd50k\160910.wav,Thunder,FSD50K,25.097625,train
X:\NEU\capstone\data\segments\wildfire\y2mate.com - DD Ambience  Building on Fire  Blaze Inferno Wood Cracking Collapsing Loud Stressing_1_57_seg2.wav,Fire,FireDataset,5.0,train
X:\NEU\capstone\data\segments\wildfire\videoplayback_26_seg0.wav,Fire,FireDataset,5.0,val
X:\NEU\capstone\data\segments\fsd50k\156312.wav,Fire,FSD50K,3.24975,train
X:\NEU\capstone\data\segments\wildfire\videoplayback_11_seg6.wav,Fire,FireDataset,5.0,train
X:\NEU\capstone\data\segments\fsd50k\360296.wav,Water,FSD50K,29.6209375,train
X:\NEU\capstone\data\segments\wildfire\y2mate.com - DD Ambience  Building on Fire  Blaze Inferno Wood Cracking Collapsing Loud Stressing_1_21_seg2.wav,Fire,FireDataset,5.0,train
X:\NEU\capstone\data\segments\wildfire\videoplayback_33_seg8.wav,Fire,FireDataset,5.0,train
X:\NEU\capstone\data\segments\wildfire\videoplayback_70_seg6.wav,Fire,FireDataset,5.0,train
X:\NEU\capstone\data\segments\wildfire\y2mate.com - DD Ambience  Building on Fire  Blaze Inferno Wood Cracking Collapsing Loud Stressing_01_seg8.wav,Fire,FireDataset,5.0,train
X:\NEU\capstone\data\segments\fsd50k\275597.wav,Water,FSD50K,13.9813125,train
X:\NEU\capstone\data\segments\fsd50k\55177.wav,Thunder,FSD50K,29.093875,train
X:\NEU\capstone\data\segments\wildfire\videoplayback_45_seg1.wav,Fire,FireDataset,5.0,test
X:\NEU\capstone\data\segments\fsd50k\37343.wav,Thunder,FSD50K,25.032,train
X:\NEU\capstone\data\segments\wildfire\videoplayback_53_seg1.wav,Fire,FireDataset,5.0,test
X:\NEU\capstone\data\segments\fsd50k\388572.wav,Fire,FSD50K,6.5213125,train
X:\NEU\capstone\data\segments\wildfire\y2mate.com - DD Ambience  Building on Fire  Blaze Inferno Wood Cracking Collapsing Loud Stressing_1_12_seg2.wav,Fire,FireDataset,5.0,train
X:\NEU\capstone\data\segments\wildfire\videoplayback_71_seg6.wav,Fire,FireDataset,5.0,train
X:\NEU\capstone\data\segments\fsd50k\406770.wav,Water,FSD50K,0.672375,train
X:\NEU\capstone\data\segments\wildfire\y2mate.com - DD Ambience  Building on Fire  Blaze Inferno Wood Cracking Collapsing Loud Stressing_60_seg0.wav,Fire,FireDataset,5.0,train
X:\NEU\capstone\data\segments\wildfire\y2mate.com - DD Ambience  Building on Fire  Blaze Inferno Wood Cracking Collapsing Loud Stressing_06_seg6.wav,Fire,FireDataset,5.0,val
X:\NEU\capstone\data\segments\fsd50k\38246.wav,Thunder,FSD50K,12.0,train
X:\NEU\capstone\data\segments\wildfire\y2mate.com - DD Ambience  Building on Fire  Blaze Inferno Wood Cracking Collapsing Loud Stressing_1_09_seg9.wav,Fire,FireDataset,5.0,val
X:\NEU\capstone\data\segments\fsd50k\341802.wav,Water,FSD50K,23.0,train
X:\NEU\capstone\data\segments\wildfire\y2mate.com - DD Ambience  Building on Fire  Blaze Inferno Wood Cracking Collapsing Loud Stressing_1_08_seg8.wav,Fire,FireDataset,5.0,train
X:\NEU\capstone\data\segments\fsd50k\57196.wav,Train,FSD50K,6.15,train
X:\NEU\capstone\data\segments\wildfire\y2mate.com - DD Ambience  Building on Fire  Blaze Inferno Wood Cracking Collapsing Loud Stressing_54_seg9.wav,Fire,FireDataset,5.0,train
X:\NEU\capstone\data\segments\wildfire\y2mate.com - DD Ambience  Building on Fire  Blaze Inferno Wood Cracking Collapsing Loud Stressing_06_seg2.wav,Fire,FireDataset,5.0,train
X:\NEU\capstone\data\segments\wildfire\y2mate.com - DD Ambience  Building on Fire  Blaze Inferno Wood Cracking Collapsing Loud Stressing_1_14_seg9.wav,Fire,FireDataset,5.0,train
X:\NEU\capstone\data\segments\wildfire\y2mate.com - DD Ambience  Building on Fire  Blaze Inferno Wood Cracking Collapsing Loud Stressing_55_seg9.wav,Fire,FireDataset,5.0,train
X:\NEU\capstone\data\segments\fsd50k\144906.wav,Fire,FSD50K,4.075125,train
X:\NEU\capstone\data\segments\wildfire\y2mate.com - DD Ambience  Building on Fire  Blaze Inferno Wood Cracking Collapsing Loud Stressing_40_seg8.wav,Fire,FireDataset,5.0,train
X:\NEU\capstone\data\segments\wildfire\y2mate.com - DD Ambience  Building on Fire  Blaze Inferno Wood Cracking Collapsing Loud Stressing_24_seg5.wav,Fire,FireDataset,5.0,train
X:\NEU\capstone\data\segments\wildfire\y2mate.com - DD Ambience  Building on Fire  Blaze Inferno Wood Cracking Collapsing Loud Stressing_38_seg9.wav,Fire,FireDataset,5.0,train
X:\NEU\capstone\data\segments\wildfire\y2mate.com - DD Ambience  Building on Fire  Blaze Inferno Wood Cracking Collapsing Loud Stressing_1_47_seg1.wav,Fire,FireDataset,5.0,train
X:\NEU\capstone\data\segments\wildfire\videoplayback_39_seg0.wav,Fire,FireDataset,5.0,train
X:\NEU\capstone\data\segments\wildfire\y2mate.com - DD Ambience  Building on Fire  Blaze Inferno Wood Cracking Collapsing Loud Stressing_1_19_seg5.wav,Fire,FireDataset,5.0,val
X:\NEU\capstone\data\segments\wildfire\y2mate.com - DD Ambience  Building on Fire  Blaze Inferno Wood Cracking Collapsing Loud Stressing_1_36_seg4.wav,Fire,FireDataset,5.0,train
X:\NEU\capstone\data\segments\wildfire\y2mate.com - DD Ambience  Building on Fire  Blaze Inferno Wood Cracking Collapsing Loud Stressing_62_seg8.wav,Fire,FireDataset,5.0,train
X:\NEU\capstone\data\segments\fsd50k\176724.wav,Fire,FSD50K,6.9999375,train
X:\NEU\capstone\data\segments\wildfire\y2mate.com - DD Ambience  Building on Fire  Blaze Inferno Wood Cracking Collapsing Loud Stressing_64_seg6.wav,Fire,FireDataset,5.0,train
X:\NEU\capstone\data\segments\wildfire\y2mate.com - DD Ambience  Building on Fire  Blaze Inferno Wood Cracking Collapsing Loud Stressing_09_seg7.wav,Fire,FireDataset,5.0,train
X:\NEU\capstone\data\segments\wildfire\y2mate.com - DD Ambience  Building on Fire  Blaze Inferno Wood Cracking Collapsing Loud Stressing_1_19_seg2.wav,Fire,FireDataset,5.0,train
X:\NEU\capstone\data\segments\fsd50k\156340.wav,Fire,FSD50K,1.7985,test
X:\NEU\capstone\data\segments\wildfire\videoplayback_25_seg7.wav,Fire,FireDataset,5.0,val
X:\NEU\capstone\data\segments\fsd50k\126555.wav,Train,FSD50K,22.835875,val
X:\NEU\capstone\data\segments\fsd50k\201810.wav,Water,FSD50K,20.7935,train
X:\NEU\capstone\data\segments\fsd50k\432163.wav,Thunder,FSD50K,9.9503125,train
X:\NEU\capstone\data\segments\wildfire\y2mate.com - DD Ambience  Building on Fire  Blaze Inferno Wood Cracking Collapsing Loud Stressing_10_seg8.wav,Fire,FireDataset,5.0,train
X:\NEU\capstone\data\segments\fsd50k\423893.wav,Fire,FSD50K,11.49575,train
X:\NEU\capstone\data\segments\wildfire\y2mate.com - DD Ambience  Building on Fire  Blaze Inferno Wood Cracking Collapsing Loud Stressing_1_65_seg3.wav,Fire,FireDataset,5.0,train
X:\NEU\capstone\data\segments\wildfire\y2mate.com - DD Ambience  Building on Fire  Blaze Inferno Wood Cracking Collapsing Loud Stressing_26_seg4.wav,Fire,FireDataset,5.0,val
X:\NEU\capstone\data\segments\wildfire\y2mate.com - DD Ambience  Building on Fire  Blaze Inferno Wood Cracking Collapsing Loud Stressing_15_seg2.wav,Fire,FireDataset,5.0,train
X:\NEU\capstone\data\segments\fsd50k\431769.wav,Fire,FSD50K,8.2340625,test
X:\NEU\capstone\data\segments\fsd50k\424678.wav,Fire,FSD50K,11.86,val
X:\NEU\capstone\data\segments\fsd50k\371717.wav,Wind,FSD50K,13.2,test
X:\NEU\capstone\data\segments\wildfire\y2mate.com - DD Ambience  Building on Fire  Blaze Inferno Wood Cracking Collapsing Loud Stressing_70_seg0.wav,Fire,FireDataset,5.0,train
X:\NEU\capstone\data\segments\fsd50k\332415.wav,Train,FSD50K,27.0143125,train
X:\NEU\capstone\data\segments\wildfire\videoplayback_48_seg6.wav,Fire,FireDataset,5.0,train
X:\NEU\capstone\data\segments\wildfire\y2mate.com - DD Ambience  Building on Fire  Blaze Inferno Wood Cracking Collapsing Loud Stressing_1_24_seg3.wav,Fire,FireDataset,5.0,train
X:\NEU\capstone\data\segments\wildfire\y2mate.com - DD Ambience  Building on Fire  Blaze Inferno Wood Cracking Collapsing Loud Stressing_1_15_seg5.wav,Fire,FireDataset,5.0,train
X:\NEU\capstone\data\segments\wildfire\y2mate.com - DD Ambience  Building on Fire  Blaze Inferno Wood Cracking Collapsing Loud Stressing_30_seg0.wav,Fire,FireDataset,5.0,train
X:\NEU\capstone\data\segments\fsd50k\376834.wav,Fire,FSD50K,5.72,train
X:\NEU\capstone\data\segments\wildfire\y2mate.com - DD Ambience  Building on Fire  Blaze Inferno Wood Cracking Collapsing Loud Stressing_1_17_seg8.wav,Fire,FireDataset,5.0,train
X:\NEU\capstone\data\segments\fsd50k\94102.wav,Fire,FSD50K,5.179625,test
X:\NEU\capstone\data\segments\fsd50k\347372.wav,Thunder,FSD50K,26.738125,test
X:\NEU\capstone\data\segments\fsd50k\112685.wav,Train,FSD50K,19.6411875,train
X:\NEU\capstone\data\segments\wildfire\videoplayback_42_seg8.wav,Fire,FireDataset,5.0,test
X:\NEU\capstone\data\segments\wildfire\y2mate.com - DD Ambience  Building on Fire  Blaze Inferno Wood Cracking Collapsing Loud Stressing_66_seg7.wav,Fire,FireDataset,5.0,train
X:\NEU\capstone\data\segments\wildfire\videoplayback_16_seg3.wav,Fire,FireDataset,5.0,train
X:\NEU\capstone\data\segments\wildfire\y2mate.com - DD Ambience  Building on Fire  Blaze Inferno Wood Cracking Collapsing Loud Stressing_1_68_seg2.wav,Fire,FireDataset,5.0,train
X:\NEU\capstone\data\segments\wildfire\videoplayback_69_seg9.wav,Fire,FireDataset,5.0,train
X:\NEU\capstone\data\segments\wildfire\y2mate.com - DD Ambience  Building on Fire  Blaze Inferno Wood Cracking Collapsing Loud Stressing_62_seg9.wav,Fire,FireDataset,5.0,train
X:\NEU\capstone\data\segments\wildfire\y2mate.com - DD Ambience  Building on Fire  Blaze Inferno Wood Cracking Collapsing Loud Stressing_60_seg1.wav,Fire,FireDataset,5.0,test
X:\NEU\capstone\data\segments\wildfire\y2mate.com - DD Ambience  Building on Fire  Blaze Inferno Wood Cracking Collapsing Loud Stressing_52_seg0.wav,Fire,FireDataset,5.0,train
X:\NEU\capstone\data\segments\wildfire\y2mate.com - DD Ambience  Building on Fire  Blaze Inferno Wood Cracking Collapsing Loud Stressing_65_seg7.wav,Fire,FireDataset,5.0,train
X:\NEU\capstone\data\segments\wildfire\videoplayback_03_seg4.wav,Fire,FireDataset,5.0,train
X:\NEU\capstone\data\segments\fsd50k\382752.wav,Water,FSD50K,14.1409375,train
X:\NEU\capstone\data\segments\wildfire\y2mate.com - DD Ambience  Building on Fire  Blaze Inferno Wood Cracking Collapsing Loud Stressing_1_63_seg2.wav,Fire,FireDataset,5.0,val
X:\NEU\capstone\data\segments\wildfire\y2mate.com - DD Ambience  Building on Fire  Blaze Inferno Wood Cracking Collapsing Loud Stressing_1_27_seg2.wav,Fire,FireDataset,5.0,train
X:\NEU\capstone\data\segments\wildfire\videoplayback_01_seg5.wav,Fire,FireDataset,5.0,train
X:\NEU\capstone\data\segments\fsd50k\112028.wav,Train,FSD50K,6.6398125,train
X:\NEU\capstone\data\segments\fsd50k\112800.wav,Train,FSD50K,10.5,train
X:\NEU\capstone\data\segments\wildfire\videoplayback_52_seg1.wav,Fire,FireDataset,5.0,test
X:\NEU\capstone\data\segments\wildfire\videoplayback_16_seg6.wav,Fire,FireDataset,5.0,train
X:\NEU\capstone\data\segments\fsd50k\156318.wav,Fire,FSD50K,7.9505,train
X:\NEU\capstone\data\segments\wildfire\y2mate.com - DD Ambience  Building on Fire  Blaze Inferno Wood Cracking Collapsing Loud Stressing_53_seg1.wav,Fire,FireDataset,5.0,train
X:\NEU\capstone\data\segments\fsd50k\323427.wav,Water,FSD50K,11.4785,train
X:\NEU\capstone\data\segments\wildfire\videoplayback_37_seg2.wav,Fire,FireDataset,5.0,train
X:\NEU\capstone\data\segments\fsd50k\45359.wav,Train,FSD50K,19.017125,train
X:\NEU\capstone\data\segments\fsd50k\343685.wav,Aircraft,FSD50K,13.44,train
X:\NEU\capstone\data\segments\fsd50k\278887.wav,Train,FSD50K,28.75,train
X:\NEU\capstone\data\segments\wildfire\y2mate.com - DD Ambience  Building on Fire  Blaze Inferno Wood Cracking Collapsing Loud Stressing_29_seg1.wav,Fire,FireDataset,5.0,train
X:\NEU\capstone\data\segments\wildfire\videoplayback_16_seg9.wav,Fire,FireDataset,5.0,train
X:\NEU\capstone\data\segments\fsd50k\108954.wav,Fire,FSD50K,8.868625,train
X:\NEU\capstone\data\segments\wildfire\y2mate.com - DD Ambience  Building on Fire  Blaze Inferno Wood Cracking Collapsing Loud Stressing_1_41_seg2.wav,Fire,FireDataset,5.0,train
X:\NEU\capstone\data\segments\fsd50k\349139.wav,Train,FSD50K,4.424125,train
X:\NEU\capstone\data\segments\wildfire\y2mate.com - DD Ambience  Building on Fire  Blaze Inferno Wood Cracking Collapsing Loud Stressing_70_seg4.wav,Fire,FireDataset,5.0,train
X:\NEU\capstone\data\segments\wildfire\y2mate.com - DD Ambience  Building on Fire  Blaze Inferno Wood Cracking Collapsing Loud Stressing_1_26_seg3.wav,Fire,FireDataset,5.0,val
X:\NEU\capstone\data\segments\wildfire\y2mate.com - DD Ambience  Building on Fire  Blaze Inferno Wood Cracking Collapsing Loud Stressing_1_20_seg8.wav,Fire,FireDataset,5.0,train
X:\NEU\capstone\data\segments\wildfire\y2mate.com - DD Ambience  Building on Fire  Blaze Inferno Wood Cracking Collapsing Loud Stressing_1_21_seg5.wav,Fire,FireDataset,5.0,train
X:\NEU\capstone\data\segments\fsd50k\328995.wav,Water,FSD50K,28.6301875,train
X:\NEU\capstone\data\segments\fsd50k\36044.wav,Thunder,FSD50K,24.517,train
X:\NEU\capstone\data\segments\wildfire\y2mate.com - DD Ambience  Building on Fire  Blaze Inferno Wood Cracking Collapsing Loud Stressing_25_seg9.wav,Fire,FireDataset,5.0,val
X:\NEU\capstone\data\segments\wildfire\videoplayback_58_seg7.wav,Fire,FireDataset,5.0,train
X:\NEU\capstone\data\segments\fsd50k\199960.wav,Thunder,FSD50K,8.7306875,train
X:\NEU\capstone\data\segments\fsd50k\219468.wav,Aircraft,FSD50K,20.0,test
X:\NEU\capstone\data\segments\fsd50k\26840.wav,Train,FSD50K,10.0085625,train
X:\NEU\capstone\data\segments\wildfire\videoplayback_04_seg1.wav,Fire,FireDataset,5.0,train
X:\NEU\capstone\data\segments\fsd50k\28138.wav,Train,FSD50K,25.3190625,train
X:\NEU\capstone\data\segments\fsd50k\85835.wav,Fire,FSD50K,17.5,train
X:\NEU\capstone\data\segments\fsd50k\109719.wav,Water,FSD50K,4.88725,train
X:\NEU\capstone\data\segments\wildfire\y2mate.com - DD Ambience  Building on Fire  Blaze Inferno Wood Cracking Collapsing Loud Stressing_1_67_seg3.wav,Fire,FireDataset,5.0,train
X:\NEU\capstone\data\segments\wildfire\y2mate.com - DD Ambience  Building on Fire  Blaze Inferno Wood Cracking Collapsing Loud Stressing_1_44_seg1.wav,Fire,FireDataset,5.0,train
X:\NEU\capstone\data\segments\wildfire\videoplayback_26_seg3.wav,Fire,FireDataset,5.0,train
X:\NEU\capstone\data\segments\wildfire\videoplayback_20_seg1.wav,Fire,FireDataset,5.0,test
X:\NEU\capstone\data\segments\wildfire\videoplayback_17_seg0.wav,Fire,FireDataset,5.0,train
X:\NEU\capstone\data\segments\fsd50k\386515.wav,Wind,FSD50K,10.0,train
X:\NEU\capstone\data\segments\fsd50k\160155.wav,Thunder,FSD50K,6.408,val
X:\NEU\capstone\data\segments\fsd50k\380494.wav,Fire,FSD50K,7.758375,train
X:\NEU\capstone\data\segments\wildfire\y2mate.com - DD Ambience  Building on Fire  Blaze Inferno Wood Cracking Collapsing Loud Stressing_1_14_seg1.wav,Fire,FireDataset,5.0,train
X:\NEU\capstone\data\segments\wildfire\y2mate.com - DD Ambience  Building on Fire  Blaze Inferno Wood Cracking Collapsing Loud Stressing_1_17_seg3.wav,Fire,FireDataset,5.0,train
X:\NEU\capstone\data\segments\fsd50k\196349.wav,Fire,FSD50K,6.67575,train
X:\NEU\capstone\data\segments\wildfire\videoplayback_56_seg5.wav,Fire,FireDataset,5.0,train
X:\NEU\capstone\data\segments\wildfire\videoplayback_20_seg3.wav,Fire,FireDataset,5.0,train
X:\NEU\capstone\data\segments\fsd50k\105032.wav,Thunder,FSD50K,23.5148125,train
X:\NEU\capstone\data\segments\fsd50k\117221.wav,Train,FSD50K,17.0883125,train
X:\NEU\capstone\data\segments\fsd50k\423891.wav,Fire,FSD50K,10.169625,train
X:\NEU\capstone\data\segments\fsd50k\50371.wav,Thunder,FSD50K,23.5,train
X:\NEU\capstone\data\segments\wildfire\videoplayback_59_seg5.wav,Fire,FireDataset,5.0,train
X:\NEU\capstone\data\segments\wildfire\y2mate.com - DD Ambience  Building on Fire  Blaze Inferno Wood Cracking Collapsing Loud Stressing_1_34_seg6.wav,Fire,FireDataset,5.0,train
X:\NEU\capstone\data\segments\fsd50k\420302.wav,Wind,FSD50K,1.507875,test
X:\NEU\capstone\data\segments\wildfire\y2mate.com - DD Ambience  Building on Fire  Blaze Inferno Wood Cracking Collapsing Loud Stressing_1_44_seg3.wav,Fire,FireDataset,5.0,train
X:\NEU\capstone\data\segments\fsd50k\196322.wav,Fire,FSD50K,5.2941875,train
X:\NEU\capstone\data\segments\fsd50k\234608.wav,Fire,FSD50K,2.375,train
X:\NEU\capstone\data\segments\wildfire\y2mate.com - DD Ambience  Building on Fire  Blaze Inferno Wood Cracking Collapsing Loud Stressing_1_14_seg4.wav,Fire,FireDataset,5.0,train
X:\NEU\capstone\data\segments\wildfire\y2mate.com - DD Ambience  Building on Fire  Blaze Inferno Wood Cracking Collapsing Loud Stressing_13_seg3.wav,Fire,FireDataset,5.0,train
X:\NEU\capstone\data\segments\wildfire\y2mate.com - DD Ambience  Building on Fire  Blaze Inferno Wood Cracking Collapsing Loud Stressing_1_59_seg8.wav,Fire,FireDataset,5.0,train
X:\NEU\capstone\data\segments\fsd50k\85841.wav,Fire,FSD50K,3.5,train
X:\NEU\capstone\data\segments\wildfire\videoplayback_08_seg5.wav,Fire,FireDataset,5.0,test
X:\NEU\capstone\data\segments\wildfire\y2mate.com - DD Ambience  Building on Fire  Blaze Inferno Wood Cracking Collapsing Loud Stressing_41_seg0.wav,Fire,FireDataset,5.0,train
X:\NEU\capstone\data\segments\wildfire\y2mate.com - DD Ambience  Building on Fire  Blaze Inferno Wood Cracking Collapsing Loud Stressing_1_67_seg2.wav,Fire,FireDataset,5.0,val
X:\NEU\capstone\data\segments\wildfire\y2mate.com - DD Ambience  Building on Fire  Blaze Inferno Wood Cracking Collapsing Loud Stressing_1_10_seg5.wav,Fire,FireDataset,5.0,train
X:\NEU\capstone\data\segments\fsd50k\421879.wav,Fire,FSD50K,5.559125,train
X:\NEU\capstone\data\segments\fsd50k\73269.wav,Thunder,FSD50K,22.40475,train
X:\NEU\capstone\data\segments\wildfire\y2mate.com - DD Ambience  Building on Fire  Blaze Inferno Wood Cracking Collapsing Loud Stressing_08_seg7.wav,Fire,FireDataset,5.0,train
X:\NEU\capstone\data\segments\wildfire\y2mate.com - DD Ambience  Building on Fire  Blaze Inferno Wood Cracking Collapsing Loud Stressing_53_seg2.wav,Fire,FireDataset,5.0,train
X:\NEU\capstone\data\segments\fsd50k\411846.wav,Wind,FSD50K,10.136,train
X:\NEU\capstone\data\segments\fsd50k\112680.wav,Train,FSD50K,14.1069375,train
X:\NEU\capstone\data\segments\fsd50k\243780.wav,Thunder,FSD50K,25.0514375,train
X:\NEU\capstone\data\segments\wildfire\videoplayback_29_seg6.wav,Fire,FireDataset,5.0,train
X:\NEU\capstone\data\segments\wildfire\y2mate.com - DD Ambience  Building on Fire  Blaze Inferno Wood Cracking Collapsing Loud Stressing_51_seg2.wav,Fire,FireDataset,5.0,train
X:\NEU\capstone\data\segments\fsd50k\204449.wav,Wind,FSD50K,0.9803125,val
X:\NEU\capstone\data\segments\wildfire\y2mate.com - DD Ambience  Building on Fire  Blaze Inferno Wood Cracking Collapsing Loud Stressing_70_seg1.wav,Fire,FireDataset,5.0,train
X:\NEU\capstone\data\segments\wildfire\y2mate.com - DD Ambience  Building on Fire  Blaze Inferno Wood Cracking Collapsing Loud Stressing_1_25_seg6.wav,Fire,FireDataset,5.0,train
X:\NEU\capstone\data\segments\wildfire\videoplayback_34_seg7.wav,Fire,FireDataset,5.0,train
X:\NEU\capstone\data\segments\fsd50k\110734.wav,Train,FSD50K,18.168875,val
X:\NEU\capstone\data\segments\fsd50k\196333.wav,Fire,FSD50K,9.9149375,train
X:\NEU\capstone\data\segments\fsd50k\112789.wav,Train,FSD50K,26.0474375,train
X:\NEU\capstone\data\segments\fsd50k\105304.wav,Thunder,FSD50K,11.88925,train
X:\NEU\capstone\data\segments\wildfire\y2mate.com - DD Ambience  Building on Fire  Blaze Inferno Wood Cracking Collapsing Loud Stressing_1_14_seg5.wav,Fire,FireDataset,5.0,test
X:\NEU\capstone\data\segments\wildfire\videoplayback_64_seg8.wav,Fire,FireDataset,5.0,train
X:\NEU\capstone\data\segments\wildfire\y2mate.com - DD Ambience  Building on Fire  Blaze Inferno Wood Cracking Collapsing Loud Stressing_1_65_seg9.wav,Fire,FireDataset,5.0,val
X:\NEU\capstone\data\segments\wildfire\y2mate.com - DD Ambience  Building on Fire  Blaze Inferno Wood Cracking Collapsing Loud Stressing_1_32_seg3.wav,Fire,FireDataset,5.0,test
X:\NEU\capstone\data\segments\fsd50k\399211.wav,Fire,FSD50K,0.936125,train
X:\NEU\capstone\data\segments\fsd50k\143128.wav,Fire,FSD50K,8.158375,train
X:\NEU\capstone\data\segments\wildfire\y2mate.com - DD Ambience  Building on Fire  Blaze Inferno Wood Cracking Collapsing Loud Stressing_25_seg1.wav,Fire,FireDataset,5.0,train
X:\NEU\capstone\data\segments\wildfire\y2mate.com - DD Ambience  Building on Fire  Blaze Inferno Wood Cracking Collapsing Loud Stressing_03_seg8.wav,Fire,FireDataset,5.0,train
X:\NEU\capstone\data\segments\fsd50k\141273.wav,Train,FSD50K,24.4245,val
X:\NEU\capstone\data\segments\fsd50k\414064.wav,Thunder,FSD50K,16.5546875,val
X:\NEU\capstone\data\segments\fsd50k\237409.wav,Thunder,FSD50K,9.94975,train
X:\NEU\capstone\data\segments\wildfire\y2mate.com - DD Ambience  Building on Fire  Blaze Inferno Wood Cracking Collapsing Loud Stressing_1_07_seg2.wav,Fire,FireDataset,5.0,train
X:\NEU\capstone\data\segments\wildfire\y2mate.com - DD Ambience  Building on Fire  Blaze Inferno Wood Cracking Collapsing Loud Stressing_34_seg0.wav,Fire,FireDataset,5.0,train
X:\NEU\capstone\data\segments\wildfire\y2mate.com - DD Ambience  Building on Fire  Blaze Inferno Wood Cracking Collapsing Loud Stressing_41_seg1.wav,Fire,FireDataset,5.0,train
X:\NEU\capstone\data\segments\wildfire\videoplayback_56_seg8.wav,Fire,FireDataset,5.0,test
X:\NEU\capstone\data\segments\fsd50k\188501.wav,Wind,FSD50K,10.076,train
X:\NEU\capstone\data\segments\wildfire\y2mate.com - DD Ambience  Building on Fire  Blaze Inferno Wood Cracking Collapsing Loud Stressing_1_57_seg4.wav,Fire,FireDataset,5.0,train
X:\NEU\capstone\data\segments\fsd50k\409740.wav,Fire,FSD50K,5.126,train
X:\NEU\capstone\data\segments\wildfire\videoplayback_15_seg9.wav,Fire,FireDataset,5.0,train
X:\NEU\capstone\data\segments\wildfire\y2mate.com - DD Ambience  Building on Fire  Blaze Inferno Wood Cracking Collapsing Loud Stressing_1_64_seg5.wav,Fire,FireDataset,5.0,train
X:\NEU\capstone\data\segments\wildfire\videoplayback_27_seg2.wav,Fire,FireDataset,5.0,train
X:\NEU\capstone\data\segments\wildfire\videoplayback_52_seg9.wav,Fire,FireDataset,5.0,val
X:\NEU\capstone\data\segments\fsd50k\338093.wav,Thunder,FSD50K,16.0391875,train
X:\NEU\capstone\data\segments\wildfire\y2mate.com - DD Ambience  Building on Fire  Blaze Inferno Wood Cracking Collapsing Loud Stressing_19_seg3.wav,Fire,FireDataset,5.0,train
X:\NEU\capstone\data\segments\wildfire\y2mate.com - DD Ambience  Building on Fire  Blaze Inferno Wood Cracking Collapsing Loud Stressing_13_seg5.wav,Fire,FireDataset,5.0,train
X:\NEU\capstone\data\segments\wildfire\videoplayback_28_seg4.wav,Fire,FireDataset,5.0,train
X:\NEU\capstone\data\segments\fsd50k\80373.wav,Train,FSD50K,6.144,test
X:\NEU\capstone\data\segments\fsd50k\268680.wav,Fire,FSD50K,24.57125,train
X:\NEU\capstone\data\segments\wildfire\y2mate.com - DD Ambience  Building on Fire  Blaze Inferno Wood Cracking Collapsing Loud Stressing_50_seg4.wav,Fire,FireDataset,5.0,val
X:\NEU\capstone\data\segments\fsd50k\149721.wav,Water,FSD50K,0.3918125,val
X:\NEU\capstone\data\segments\fsd50k\104422.wav,Train,FSD50K,28.5779375,train
X:\NEU\capstone\data\segments\wildfire\videoplayback_41_seg0.wav,Fire,FireDataset,5.0,train
X:\NEU\capstone\data\segments\fsd50k\84681.wav,Water,FSD50K,8.67825,train
X:\NEU\capstone\data\segments\fsd50k\196319.wav,Fire,FSD50K,3.7935625,train
X:\NEU\capstone\data\segments\wildfire\y2mate.com - DD Ambience  Building on Fire  Blaze Inferno Wood Cracking Collapsing Loud Stressing_29_seg0.wav,Fire,FireDataset,5.0,train
X:\NEU\capstone\data\segments\wildfire\videoplayback_72_seg6.wav,Fire,FireDataset,5.0,train
X:\NEU\capstone\data\segments\fsd50k\106210.wav,Train,FSD50K,13.992,train
X:\NEU\capstone\data\segments\fsd50k\208849.wav,Wind,FSD50K,6.612625,train
X:\NEU\capstone\data\segments\wildfire\y2mate.com - DD Ambience  Building on Fire  Blaze Inferno Wood Cracking Collapsing Loud Stressing_1_46_seg1.wav,Fire,FireDataset,5.0,train
X:\NEU\capstone\data\segments\wildfire\videoplayback_62_seg8.wav,Fire,FireDataset,5.0,test
X:\NEU\capstone\data\segments\fsd50k\57193.wav,Train,FSD50K,22.98775,train
X:\NEU\capstone\data\segments\wildfire\y2mate.com - DD Ambience  Building on Fire  Blaze Inferno Wood Cracking Collapsing Loud Stressing_1_12_seg1.wav,Fire,FireDataset,5.0,train
X:\NEU\capstone\data\segments\fsd50k\49089.wav,Thunder,FSD50K,24.241625,train
X:\NEU\capstone\data\segments\fsd50k\9573.wav,Thunder,FSD50K,20.5,train
X:\NEU\capstone\data\segments\fsd50k\254778.wav,Train,FSD50K,18.60575,val
X:\NEU\capstone\data\segments\wildfire\y2mate.com - DD Ambience  Building on Fire  Blaze Inferno Wood Cracking Collapsing Loud Stressing_34_seg5.wav,Fire,FireDataset,5.0,val
X:\NEU\capstone\data\segments\wildfire\y2mate.com - DD Ambience  Building on Fire  Blaze Inferno Wood Cracking Collapsing Loud Stressing_1_56_seg1.wav,Fire,FireDataset,5.0,test
X:\NEU\capstone\data\segments\wildfire\y2mate.com - DD Ambience  Building on Fire  Blaze Inferno Wood Cracking Collapsing Loud Stressing_60_seg8.wav,Fire,FireDataset,5.0,train
X:\NEU\capstone\data\segments\fsd50k\47525.wav,Train,FSD50K,17.1040625,train
X:\NEU\capstone\data\segments\fsd50k\193299.wav,Fire,FSD50K,5.872,train
X:\NEU\capstone\data\segments\wildfire\videoplayback_64_seg7.wav,Fire,FireDataset,5.0,test
X:\NEU\capstone\data\segments\fsd50k\57559.wav,Train,FSD50K,15.591625,val
X:\NEU\capstone\data\segments\wildfire\y2mate.com - DD Ambience  Building on Fire  Blaze Inferno Wood Cracking Collapsing Loud Stressing_1_35_seg3.wav,Fire,FireDataset,5.0,train
X:\NEU\capstone\data\segments\wildfire\y2mate.com - DD Ambience  Building on Fire  Blaze Inferno Wood Cracking Collapsing Loud Stressing_36_seg8.wav,Fire,FireDataset,5.0,train
X:\NEU\capstone\data\segments\fsd50k\149211.wav,Train,FSD50K,1.6979375,train
X:\NEU\capstone\data\segments\wildfire\y2mate.com - DD Ambience  Building on Fire  Blaze Inferno Wood Cracking Collapsing Loud Stressing_1_61_seg9.wav,Fire,FireDataset,5.0,train
X:\NEU\capstone\data\segments\fsd50k\99770.wav,Water,FSD50K,26.6115625,train
X:\NEU\capstone\data\segments\fsd50k\94798.wav,Fire,FSD50K,3.328,train
X:\NEU\capstone\data\segments\fsd50k\68330.wav,Water,FSD50K,10.6790625,train
X:\NEU\capstone\data\segments\wildfire\y2mate.com - DD Ambience  Building on Fire  Blaze Inferno Wood Cracking Collapsing Loud Stressing_08_seg4.wav,Fire,FireDataset,5.0,test
X:\NEU\capstone\data\segments\wildfire\y2mate.com - DD Ambience  Building on Fire  Blaze Inferno Wood Cracking Collapsing Loud Stressing_1_15_seg8.wav,Fire,FireDataset,5.0,val
X:\NEU\capstone\data\segments\wildfire\videoplayback_59_seg7.wav,Fire,FireDataset,5.0,val
X:\NEU\capstone\data\segments\wildfire\videoplayback_55_seg3.wav,Fire,FireDataset,5.0,train
X:\NEU\capstone\data\segments\wildfire\y2mate.com - DD Ambience  Building on Fire  Blaze Inferno Wood Cracking Collapsing Loud Stressing_1_46_seg6.wav,Fire,FireDataset,5.0,train
X:\NEU\capstone\data\segments\wildfire\y2mate.com - DD Ambience  Building on Fire  Blaze Inferno Wood Cracking Collapsing Loud Stressing_60_seg9.wav,Fire,FireDataset,5.0,val
X:\NEU\capstone\data\segments\wildfire\videoplayback_59_seg1.wav,Fire,FireDataset,5.0,train
X:\NEU\capstone\data\segments\fsd50k\164671.wav,Fire,FSD50K,12.7189375,train
X:\NEU\capstone\data\segments\wildfire\y2mate.com - DD Ambience  Building on Fire  Blaze Inferno Wood Cracking Collapsing Loud Stressing_1_58_seg9.wav,Fire,FireDataset,5.0,train
X:\NEU\capstone\data\segments\fsd50k\219466.wav,Aircraft,FSD50K,27.4733125,train
X:\NEU\capstone\data\segments\wildfire\y2mate.com - DD Ambience  Building on Fire  Blaze Inferno Wood Cracking Collapsing Loud Stressing_72_seg1.wav,Fire,FireDataset,5.0,train
X:\NEU\capstone\data\segments\fsd50k\339447.wav,Fire,FSD50K,10.8991875,train
X:\NEU\capstone\data\segments\wildfire\y2mate.com - DD Ambience  Building on Fire  Blaze Inferno Wood Cracking Collapsing Loud Stressing_39_seg4.wav,Fire,FireDataset,5.0,train
X:\NEU\capstone\data\segments\wildfire\y2mate.com - DD Ambience  Building on Fire  Blaze Inferno Wood Cracking Collapsing Loud Stressing_1_31_seg8.wav,Fire,FireDataset,5.0,train
X:\NEU\capstone\data\segments\fsd50k\75647.wav,Wind,FSD50K,3.3784375,train
X:\NEU\capstone\data\segments\fsd50k\59442.wav,Train,FSD50K,10.057125,train
X:\NEU\capstone\data\segments\fsd50k\99083.wav,Thunder,FSD50K,16.43975,train
X:\NEU\capstone\data\segments\wildfire\videoplayback_70_seg9.wav,Fire,FireDataset,5.0,val
X:\NEU\capstone\data\segments\fsd50k\189728.wav,Thunder,FSD50K,28.224,train
X:\NEU\capstone\data\segments\fsd50k\49158.wav,Fire,FSD50K,3.7645,test
X:\NEU\capstone\data\segments\wildfire\y2mate.com - DD Ambience  Building on Fire  Blaze Inferno Wood Cracking Collapsing Loud Stressing_22_seg4.wav,Fire,FireDataset,5.0,train
X:\NEU\capstone\data\segments\fsd50k\156307.wav,Fire,FSD50K,9.2655,val
X:\NEU\capstone\data\segments\fsd50k\376848.wav,Fire,FSD50K,23.52,train
X:\NEU\capstone\data\segments\fsd50k\216268.wav,Thunder,FSD50K,7.0,train
X:\NEU\capstone\data\segments\fsd50k\50057.wav,Water,FSD50K,11.060625,train
X:\NEU\capstone\data\segments\fsd50k\196347.wav,Fire,FSD50K,7.3143125,train
X:\NEU\capstone\data\segments\wildfire\y2mate.com - DD Ambience  Building on Fire  Blaze Inferno Wood Cracking Collapsing Loud Stressing_62_seg7.wav,Fire,FireDataset,5.0,test
X:\NEU\capstone\data\segments\fsd50k\346237.wav,Wind,FSD50K,2.5559375,train
X:\NEU\capstone\data\segments\wildfire\y2mate.com - DD Ambience  Building on Fire  Blaze Inferno Wood Cracking Collapsing Loud Stressing_1_09_seg2.wav,Fire,FireDataset,5.0,train
X:\NEU\capstone\data\segments\fsd50k\431772.wav,Fire,FSD50K,8.008,val
X:\NEU\capstone\data\segments\wildfire\videoplayback_11_seg8.wav,Fire,FireDataset,5.0,train
X:\NEU\capstone\data\segments\wildfire\videoplayback_66_seg4.wav,Fire,FireDataset,5.0,train
X:\NEU\capstone\data\segments\fsd50k\102696.wav,Fire,FSD50K,9.8626875,val
X:\NEU\capstone\data\segments\fsd50k\85842.wav,Fire,FSD50K,6.0,test
X:\NEU\capstone\data\segments\fsd50k\317129.wav,Thunder,FSD50K,22.78925,train
X:\NEU\capstone\data\segments\wildfire\videoplayback_18_seg0.wav,Fire,FireDataset,5.0,train
X:\NEU\capstone\data\segments\wildfire\y2mate.com - DD Ambience  Building on Fire  Blaze Inferno Wood Cracking Collapsing Loud Stressing_01_seg3.wav,Fire,FireDataset,5.0,val
X:\NEU\capstone\data\segments\fsd50k\407024.wav,Wind,FSD50K,7.4380625,train
X:\NEU\capstone\data\segments\wildfire\videoplayback_33_seg4.wav,Fire,FireDataset,5.0,val
X:\NEU\capstone\data\segments\fsd50k\151194.wav,Thunder,FSD50K,7.744875,train
X:\NEU\capstone\data\segments\wildfire\y2mate.com - DD Ambience  Building on Fire  Blaze Inferno Wood Cracking Collapsing Loud Stressing_1_14_seg8.wav,Fire,FireDataset,5.0,train
X:\NEU\capstone\data\segments\wildfire\videoplayback_66_seg5.wav,Fire,FireDataset,5.0,train
X:\NEU\capstone\data\segments\wildfire\y2mate.com - DD Ambience  Building on Fire  Blaze Inferno Wood Cracking Collapsing Loud Stressing_05_seg3.wav,Fire,FireDataset,5.0,train
X:\NEU\capstone\data\segments\wildfire\y2mate.com - DD Ambience  Building on Fire  Blaze Inferno Wood Cracking Collapsing Loud Stressing_39_seg6.wav,Fire,FireDataset,5.0,train
X:\NEU\capstone\data\segments\fsd50k\123987.wav,Water,FSD50K,8.3376875,train
X:\NEU\capstone\data\segments\wildfire\y2mate.com - DD Ambience  Building on Fire  Blaze Inferno Wood Cracking Collapsing Loud Stressing_1_72_seg4.wav,Fire,FireDataset,5.0,train
X:\NEU\capstone\data\segments\fsd50k\195738.wav,Thunder,FSD50K,10.0078125,train
X:\NEU\capstone\data\segments\wildfire\videoplayback_57_seg5.wav,Fire,FireDataset,5.0,train
X:\NEU\capstone\data\segments\wildfire\videoplayback_34_seg4.wav,Fire,FireDataset,5.0,train
X:\NEU\capstone\data\segments\wildfire\videoplayback_42_seg4.wav,Fire,FireDataset,5.0,train
X:\NEU\capstone\data\segments\wildfire\y2mate.com - DD Ambience  Building on Fire  Blaze Inferno Wood Cracking Collapsing Loud Stressing_14_seg6.wav,Fire,FireDataset,5.0,train
X:\NEU\capstone\data\segments\wildfire\videoplayback_19_seg4.wav,Fire,FireDataset,5.0,train
X:\NEU\capstone\data\segments\wildfire\y2mate.com - DD Ambience  Building on Fire  Blaze Inferno Wood Cracking Collapsing Loud Stressing_22_seg9.wav,Fire,FireDataset,5.0,train
X:\NEU\capstone\data\segments\fsd50k\38248.wav,Thunder,FSD50K,18.0,train
X:\NEU\capstone\data\segments\wildfire\y2mate.com - DD Ambience  Building on Fire  Blaze Inferno Wood Cracking Collapsing Loud Stressing_1_53_seg1.wav,Fire,FireDataset,5.0,train
X:\NEU\capstone\data\segments\wildfire\y2mate.com - DD Ambience  Building on Fire  Blaze Inferno Wood Cracking Collapsing Loud Stressing_1_70_seg0.wav,Fire,FireDataset,5.0,train
X:\NEU\capstone\data\segments\wildfire\videoplayback_34_seg5.wav,Fire,FireDataset,5.0,train
X:\NEU\capstone\data\segments\wildfire\y2mate.com - DD Ambience  Building on Fire  Blaze Inferno Wood Cracking Collapsing Loud Stressing_51_seg8.wav,Fire,FireDataset,5.0,train
X:\NEU\capstone\data\segments\fsd50k\71686.wav,Train,FSD50K,2.883125,train
X:\NEU\capstone\data\segments\wildfire\y2mate.com - DD Ambience  Building on Fire  Blaze Inferno Wood Cracking Collapsing Loud Stressing_36_seg4.wav,Fire,FireDataset,5.0,train
X:\NEU\capstone\data\segments\wildfire\videoplayback_37_seg3.wav,Fire,FireDataset,5.0,train
X:\NEU\capstone\data\segments\wildfire\videoplayback_58_seg2.wav,Fire,FireDataset,5.0,train
X:\NEU\capstone\data\segments\wildfire\videoplayback_43_seg8.wav,Fire,FireDataset,5.0,train
X:\NEU\capstone\data\segments\wildfire\y2mate.com - DD Ambience  Building on Fire  Blaze Inferno Wood Cracking Collapsing Loud Stressing_41_seg4.wav,Fire,FireDataset,5.0,train
X:\NEU\capstone\data\segments\wildfire\videoplayback_26_seg2.wav,Fire,FireDataset,5.0,train
X:\NEU\capstone\data\segments\fsd50k\392725.wav,Wind,FSD50K,4.5,train
X:\NEU\capstone\data\segments\wildfire\y2mate.com - DD Ambience  Building on Fire  Blaze Inferno Wood Cracking Collapsing Loud Stressing_1_09_seg4.wav,Fire,FireDataset,5.0,train
X:\NEU\capstone\data\segments\fsd50k\156319.wav,Fire,FSD50K,4.3606875,train
X:\NEU\capstone\data\segments\fsd50k\432372.wav,Train,FSD50K,12.5306875,train
X:\NEU\capstone\data\segments\wildfire\y2mate.com - DD Ambience  Building on Fire  Blaze Inferno Wood Cracking Collapsing Loud Stressing_1_04_seg2.wav,Fire,FireDataset,5.0,train
X:\NEU\capstone\data\segments\wildfire\y2mate.com - DD Ambience  Building on Fire  Blaze Inferno Wood Cracking Collapsing Loud Stressing_01_seg2.wav,Fire,FireDataset,5.0,train
X:\NEU\capstone\data\segments\wildfire\y2mate.com - DD Ambience  Building on Fire  Blaze Inferno Wood Cracking Collapsing Loud Stressing_59_seg9.wav,Fire,FireDataset,5.0,test
X:\NEU\capstone\data\segments\fsd50k\378633.wav,Fire,FSD50K,2.7236875,train
X:\NEU\capstone\data\segments\fsd50k\257743.wav,Fire,FSD50K,25.7495,train
X:\NEU\capstone\data\segments\wildfire\y2mate.com - DD Ambience  Building on Fire  Blaze Inferno Wood Cracking Collapsing Loud Stressing_1_49_seg4.wav,Fire,FireDataset,5.0,train
X:\NEU\capstone\data\segments\wildfire\y2mate.com - DD Ambience  Building on Fire  Blaze Inferno Wood Cracking Collapsing Loud Stressing_1_45_seg6.wav,Fire,FireDataset,5.0,train
X:\NEU\capstone\data\segments\wildfire\y2mate.com - DD Ambience  Building on Fire  Blaze Inferno Wood Cracking Collapsing Loud Stressing_1_10_seg9.wav,Fire,FireDataset,5.0,train
X:\NEU\capstone\data\segments\wildfire\y2mate.com - DD Ambience  Building on Fire  Blaze Inferno Wood Cracking Collapsing Loud Stressing_72_seg8.wav,Fire,FireDataset,5.0,test
X:\NEU\capstone\data\segments\wildfire\videoplayback_31_seg6.wav,Fire,FireDataset,5.0,train
X:\NEU\capstone\data\segments\wildfire\videoplayback_38_seg6.wav,Fire,FireDataset,5.0,train
X:\NEU\capstone\data\segments\wildfire\y2mate.com - DD Ambience  Building on Fire  Blaze Inferno Wood Cracking Collapsing Loud Stressing_30_seg9.wav,Fire,FireDataset,5.0,train
X:\NEU\capstone\data\segments\fsd50k\54964.wav,Water,FSD50K,13.0666875,train
X:\NEU\capstone\data\segments\fsd50k\422872.wav,Water,FSD50K,6.1356875,val
X:\NEU\capstone\data\segments\wildfire\y2mate.com - DD Ambience  Building on Fire  Blaze Inferno Wood Cracking Collapsing Loud Stressing_52_seg5.wav,Fire,FireDataset,5.0,train
X:\NEU\capstone\data\segments\fsd50k\361222.wav,Wind,FSD50K,3.837125,train
X:\NEU\capstone\data\segments\wildfire\videoplayback_30_seg2.wav,Fire,FireDataset,5.0,val
X:\NEU\capstone\data\segments\wildfire\videoplayback_15_seg1.wav,Fire,FireDataset,5.0,test
X:\NEU\capstone\data\segments\fsd50k\327529.wav,Fire,FSD50K,14.0,val
X:\NEU\capstone\data\segments\wildfire\y2mate.com - DD Ambience  Building on Fire  Blaze Inferno Wood Cracking Collapsing Loud Stressing_65_seg9.wav,Fire,FireDataset,5.0,train
X:\NEU\capstone\data\segments\wildfire\videoplayback_61_seg6.wav,Fire,FireDataset,5.0,train
X:\NEU\capstone\data\segments\wildfire\y2mate.com - DD Ambience  Building on Fire  Blaze Inferno Wood Cracking Collapsing Loud Stressing_1_50_seg9.wav,Fire,FireDataset,5.0,test
X:\NEU\capstone\data\segments\wildfire\y2mate.com - DD Ambience  Building on Fire  Blaze Inferno Wood Cracking Collapsing Loud Stressing_1_34_seg5.wav,Fire,FireDataset,5.0,train
X:\NEU\capstone\data\segments\fsd50k\396890.wav,Fire,FSD50K,11.328,train
X:\NEU\capstone\data\segments\fsd50k\242018.wav,Thunder,FSD50K,5.407375,train
X:\NEU\capstone\data\segments\wildfire\y2mate.com - DD Ambience  Building on Fire  Blaze Inferno Wood Cracking Collapsing Loud Stressing_1_64_seg3.wav,Fire,FireDataset,5.0,train
X:\NEU\capstone\data\segments\fsd50k\156320.wav,Fire,FSD50K,8.8045,train
X:\NEU\capstone\data\segments\wildfire\videoplayback_39_seg4.wav,Fire,FireDataset,5.0,val
X:\NEU\capstone\data\segments\fsd50k\245400.wav,Train,FSD50K,23.5833125,train
X:\NEU\capstone\data\segments\wildfire\y2mate.com - DD Ambience  Building on Fire  Blaze Inferno Wood Cracking Collapsing Loud Stressing_1_54_seg6.wav,Fire,FireDataset,5.0,train
X:\NEU\capstone\data\segments\wildfire\y2mate.com - DD Ambience  Building on Fire  Blaze Inferno Wood Cracking Collapsing Loud Stressing_1_36_seg8.wav,Fire,FireDataset,5.0,train
X:\NEU\capstone\data\segments\fsd50k\84670.wav,Water,FSD50K,3.61675,train
X:\NEU\capstone\data\segments\fsd50k\112672.wav,Train,FSD50K,9.9305625,train
X:\NEU\capstone\data\segments\wildfire\y2mate.com - DD Ambience  Building on Fire  Blaze Inferno Wood Cracking Collapsing Loud Stressing_1_21_seg6.wav,Fire,FireDataset,5.0,train
X:\NEU\capstone\data\segments\wildfire\y2mate.com - DD Ambience  Building on Fire  Blaze Inferno Wood Cracking Collapsing Loud Stressing_54_seg6.wav,Fire,FireDataset,5.0,train
X:\NEU\capstone\data\segments\wildfire\videoplayback_07_seg3.wav,Fire,FireDataset,5.0,train
X:\NEU\capstone\data\segments\fsd50k\420317.wav,Wind,FSD50K,1.895,train
X:\NEU\capstone\data\segments\wildfire\videoplayback_14_seg5.wav,Fire,FireDataset,5.0,train
X:\NEU\capstone\data\segments\fsd50k\105297.wav,Thunder,FSD50K,1.6235,train
X:\NEU\capstone\data\segments\wildfire\y2mate.com - DD Ambience  Building on Fire  Blaze Inferno Wood Cracking Collapsing Loud Stressing_14_seg0.wav,Fire,FireDataset,5.0,train
X:\NEU\capstone\data\segments\wildfire\videoplayback_15_seg4.wav,Fire,FireDataset,5.0,test
X:\NEU\capstone\data\segments\wildfire\y2mate.com - DD Ambience  Building on Fire  Blaze Inferno Wood Cracking Collapsing Loud Stressing_1_11_seg3.wav,Fire,FireDataset,5.0,train
X:\NEU\capstone\data\segments\wildfire\y2mate.com - DD Ambience  Building on Fire  Blaze Inferno Wood Cracking Collapsing Loud Stressing_1_62_seg9.wav,Fire,FireDataset,5.0,train
X:\NEU\capstone\data\segments\fsd50k\341203.wav,Train,FSD50K,29.523625,val
X:\NEU\capstone\data\segments\wildfire\videoplayback_27_seg3.wav,Fire,FireDataset,5.0,train
X:\NEU\capstone\data\segments\wildfire\y2mate.com - DD Ambience  Building on Fire  Blaze Inferno Wood Cracking Collapsing Loud Stressing_1_10_seg1.wav,Fire,FireDataset,5.0,train
X:\NEU\capstone\data\segments\wildfire\y2mate.com - DD Ambience  Building on Fire  Blaze Inferno Wood Cracking Collapsing Loud Stressing_68_seg4.wav,Fire,FireDataset,5.0,train
X:\NEU\capstone\data\segments\wildfire\y2mate.com - DD Ambience  Building on Fire  Blaze Inferno Wood Cracking Collapsing Loud Stressing_1_58_seg6.wav,Fire,FireDataset,5.0,train
X:\NEU\capstone\data\segments\fsd50k\219519.wav,Fire,FSD50K,9.2145,val
X:\NEU\capstone\data\segments\wildfire\y2mate.com - DD Ambience  Building on Fire  Blaze Inferno Wood Cracking Collapsing Loud Stressing_71_seg7.wav,Fire,FireDataset,5.0,train
X:\NEU\capstone\data\segments\fsd50k\115521.wav,Thunder,FSD50K,17.179875,test
X:\NEU\capstone\data\segments\wildfire\videoplayback_03_seg1.wav,Fire,FireDataset,5.0,train
X:\NEU\capstone\data\segments\fsd50k\33804.wav,Train,FSD50K,4.9655,train
X:\NEU\capstone\data\segments\wildfire\videoplayback_34_seg6.wav,Fire,FireDataset,5.0,train
X:\NEU\capstone\data\segments\fsd50k\246331.wav,Train,FSD50K,20.0,train
X:\NEU\capstone\data\segments\wildfire\y2mate.com - DD Ambience  Building on Fire  Blaze Inferno Wood Cracking Collapsing Loud Stressing_1_63_seg4.wav,Fire,FireDataset,5.0,val
X:\NEU\capstone\data\segments\fsd50k\181578.wav,Fire,FSD50K,10.678625,train
X:\NEU\capstone\data\segments\fsd50k\381192.wav,Wind,FSD50K,6.0575,test
X:\NEU\capstone\data\segments\fsd50k\85142.wav,Water,FSD50K,26.3586875,train
X:\NEU\capstone\data\segments\wildfire\y2mate.com - DD Ambience  Building on Fire  Blaze Inferno Wood Cracking Collapsing Loud Stressing_1_72_seg1.wav,Fire,FireDataset,5.0,train
X:\NEU\capstone\data\segments\wildfire\y2mate.com - DD Ambience  Building on Fire  Blaze Inferno Wood Cracking Collapsing Loud Stressing_60_seg5.wav,Fire,FireDataset,5.0,train
X:\NEU\capstone\data\segments\fsd50k\386164.wav,Fire,FSD50K,6.0,train
X:\NEU\capstone\data\segments\fsd50k\392497.wav,Wind,FSD50K,6.0,train
X:\NEU\capstone\data\segments\fsd50k\418274.wav,Fire,FSD50K,17.9925625,val
X:\NEU\capstone\data\segments\fsd50k\57968.wav,Thunder,FSD50K,12.2451875,val
X:\NEU\capstone\data\segments\wildfire\videoplayback_52_seg2.wav,Fire,FireDataset,5.0,train
X:\NEU\capstone\data\segments\wildfire\y2mate.com - DD Ambience  Building on Fire  Blaze Inferno Wood Cracking Collapsing Loud Stressing_59_seg1.wav,Fire,FireDataset,5.0,train
X:\NEU\capstone\data\segments\wildfire\y2mate.com - DD Ambience  Building on Fire  Blaze Inferno Wood Cracking Collapsing Loud Stressing_30_seg4.wav,Fire,FireDataset,5.0,train
X:\NEU\capstone\data\segments\fsd50k\238803.wav,Wind,FSD50K,7.4055625,train
X:\NEU\capstone\data\segments\fsd50k\195412.wav,Aircraft,FSD50K,26.88,val
X:\NEU\capstone\data\segments\fsd50k\199753.wav,Water,FSD50K,26.0701875,train
X:\NEU\capstone\data\segments\wildfire\videoplayback_08_seg4.wav,Fire,FireDataset,5.0,train
X:\NEU\capstone\data\segments\wildfire\videoplayback_19_seg1.wav,Fire,FireDataset,5.0,train
X:\NEU\capstone\data\segments\wildfire\videoplayback_56_seg0.wav,Fire,FireDataset,5.0,train
X:\NEU\capstone\data\segments\wildfire\y2mate.com - DD Ambience  Building on Fire  Blaze Inferno Wood Cracking Collapsing Loud Stressing_1_53_seg8.wav,Fire,FireDataset,5.0,train
X:\NEU\capstone\data\segments\wildfire\y2mate.com - DD Ambience  Building on Fire  Blaze Inferno Wood Cracking Collapsing Loud Stressing_72_seg0.wav,Fire,FireDataset,5.0,train
X:\NEU\capstone\data\segments\wildfire\y2mate.com - DD Ambience  Building on Fire  Blaze Inferno Wood Cracking Collapsing Loud Stressing_16_seg1.wav,Fire,FireDataset,5.0,train
X:\NEU\capstone\data\segments\fsd50k\196345.wav,Fire,FSD50K,15.4645,train
X:\NEU\capstone\data\segments\wildfire\y2mate.com - DD Ambience  Building on Fire  Blaze Inferno Wood Cracking Collapsing Loud Stressing_54_seg0.wav,Fire,FireDataset,5.0,train
X:\NEU\capstone\data\segments\wildfire\y2mate.com - DD Ambience  Building on Fire  Blaze Inferno Wood Cracking Collapsing Loud Stressing_1_07_seg7.wav,Fire,FireDataset,5.0,train
X:\NEU\capstone\data\segments\wildfire\videoplayback_17_seg4.wav,Fire,FireDataset,5.0,train
X:\NEU\capstone\data\segments\fsd50k\120699.wav,Water,FSD50K,14.392,train
X:\NEU\capstone\data\segments\wildfire\y2mate.com - DD Ambience  Building on Fire  Blaze Inferno Wood Cracking Collapsing Loud Stressing_1_43_seg1.wav,Fire,FireDataset,5.0,train
X:\NEU\capstone\data\segments\fsd50k\188572.wav,Wind,FSD50K,11.04,train
X:\NEU\capstone\data\segments\fsd50k\180328.wav,Wind,FSD50K,8.9530625,val
X:\NEU\capstone\data\segments\wildfire\videoplayback_20_seg4.wav,Fire,FireDataset,5.0,train
X:\NEU\capstone\data\segments\wildfire\y2mate.com - DD Ambience  Building on Fire  Blaze Inferno Wood Cracking Collapsing Loud Stressing_1_03_seg1.wav,Fire,FireDataset,5.0,train
X:\NEU\capstone\data\segments\fsd50k\7795.wav,Water,FSD50K,12.528625,train
X:\NEU\capstone\data\segments\fsd50k\151190.wav,Thunder,FSD50K,12.6125,train
X:\NEU\capstone\data\segments\fsd50k\17605.wav,Fire,FSD50K,1.43475,train
X:\NEU\capstone\data\segments\fsd50k\234548.wav,Fire,FSD50K,14.3866875,train
X:\NEU\capstone\data\segments\fsd50k\84680.wav,Water,FSD50K,8.67825,train
X:\NEU\capstone\data\segments\wildfire\y2mate.com - DD Ambience  Building on Fire  Blaze Inferno Wood Cracking Collapsing Loud Stressing_47_seg0.wav,Fire,FireDataset,5.0,train
X:\NEU\capstone\data\segments\wildfire\y2mate.com - DD Ambience  Building on Fire  Blaze Inferno Wood Cracking Collapsing Loud Stressing_1_03_seg4.wav,Fire,FireDataset,5.0,val
X:\NEU\capstone\data\segments\wildfire\videoplayback_05_seg1.wav,Fire,FireDataset,5.0,val
X:\NEU\capstone\data\segments\wildfire\y2mate.com - DD Ambience  Building on Fire  Blaze Inferno Wood Cracking Collapsing Loud Stressing_1_38_seg0.wav,Fire,FireDataset,5.0,train
X:\NEU\capstone\data\segments\fsd50k\320520.wav,Water,FSD50K,5.9989375,train
X:\NEU\capstone\data\segments\wildfire\y2mate.com - DD Ambience  Building on Fire  Blaze Inferno Wood Cracking Collapsing Loud Stressing_02_seg3.wav,Fire,FireDataset,5.0,val
X:\NEU\capstone\data\segments\fsd50k\376844.wav,Fire,FSD50K,7.2,train
X:\NEU\capstone\data\segments\wildfire\videoplayback_46_seg4.wav,Fire,FireDataset,5.0,train
X:\NEU\capstone\data\segments\wildfire\y2mate.com - DD Ambience  Building on Fire  Blaze Inferno Wood Cracking Collapsing Loud Stressing_21_seg8.wav,Fire,FireDataset,5.0,train
X:\NEU\capstone\data\segments\fsd50k\48402.wav,Train,FSD50K,14.2,train
X:\NEU\capstone\data\segments\wildfire\y2mate.com - DD Ambience  Building on Fire  Blaze Inferno Wood Cracking Collapsing Loud Stressing_12_seg4.wav,Fire,FireDataset,5.0,train
X:\NEU\capstone\data\segments\wildfire\y2mate.com - DD Ambience  Building on Fire  Blaze Inferno Wood Cracking Collapsing Loud Stressing_1_30_seg5.wav,Fire,FireDataset,5.0,train
X:\NEU\capstone\data\segments\wildfire\y2mate.com - DD Ambience  Building on Fire  Blaze Inferno Wood Cracking Collapsing Loud Stressing_1_05_seg7.wav,Fire,FireDataset,5.0,train
X:\NEU\capstone\data\segments\fsd50k\34072.wav,Water,FSD50K,18.6514375,train
X:\NEU\capstone\data\segments\wildfire\y2mate.com - DD Ambience  Building on Fire  Blaze Inferno Wood Cracking Collapsing Loud Stressing_1_19_seg3.wav,Fire,FireDataset,5.0,train
X:\NEU\capstone\data\segments\fsd50k\327121.wav,Fire,FSD50K,4.1976875,train
X:\NEU\capstone\data\segments\wildfire\y2mate.com - DD Ambience  Building on Fire  Blaze Inferno Wood Cracking Collapsing Loud Stressing_1_41_seg5.wav,Fire,FireDataset,5.0,test
X:\NEU\capstone\data\segments\wildfire\videoplayback_56_seg9.wav,Fire,FireDataset,5.0,train
X:\NEU\capstone\data\segments\fsd50k\84684.wav,Water,FSD50K,20.8485625,train
X:\NEU\capstone\data\segments\fsd50k\120352.wav,Water,FSD50K,24.4906875,train
X:\NEU\capstone\data\segments\fsd50k\162569.wav,Water,FSD50K,13.2723125,train
X:\NEU\capstone\data\segments\wildfire\videoplayback_37_seg7.wav,Fire,FireDataset,5.0,train
X:\NEU\capstone\data\segments\wildfire\y2mate.com - DD Ambience  Building on Fire  Blaze Inferno Wood Cracking Collapsing Loud Stressing_1_64_seg8.wav,Fire,FireDataset,5.0,train
X:\NEU\capstone\data\segments\fsd50k\56403.wav,Thunder,FSD50K,20.9464375,train
X:\NEU\capstone\data\segments\fsd50k\336877.wav,Train,FSD50K,21.873,train
X:\NEU\capstone\data\segments\wildfire\videoplayback_22_seg9.wav,Fire,FireDataset,5.0,train
X:\NEU\capstone\data\segments\wildfire\y2mate.com - DD Ambience  Building on Fire  Blaze Inferno Wood Cracking Collapsing Loud Stressing_1_71_seg9.wav,Fire,FireDataset,5.0,train
X:\NEU\capstone\data\segments\wildfire\y2mate.com - DD Ambience  Building on Fire  Blaze Inferno Wood Cracking Collapsing Loud Stressing_1_55_seg8.wav,Fire,FireDataset,5.0,train
X:\NEU\capstone\data\segments\fsd50k\73292.wav,Aircraft,FSD50K,23.9804375,val
X:\NEU\capstone\data\segments\fsd50k\66390.wav,Fire,FSD50K,14.8394375,train
X:\NEU\capstone\data\segments\wildfire\y2mate.com - DD Ambience  Building on Fire  Blaze Inferno Wood Cracking Collapsing Loud Stressing_02_seg4.wav,Fire,FireDataset,5.0,train
X:\NEU\capstone\data\segments\fsd50k\407545.wav,Fire,FSD50K,5.173625,train
X:\NEU\capstone\data\segments\fsd50k\332118.wav,Thunder,FSD50K,20.7481875,train
X:\NEU\capstone\data\segments\wildfire\videoplayback_50_seg5.wav,Fire,FireDataset,5.0,train
X:\NEU\capstone\data\segments\wildfire\videoplayback_33_seg0.wav,Fire,FireDataset,5.0,train
X:\NEU\capstone\data\segments\wildfire\y2mate.com - DD Ambience  Building on Fire  Blaze Inferno Wood Cracking Collapsing Loud Stressing_69_seg6.wav,Fire,FireDataset,5.0,train
X:\NEU\capstone\data\segments\wildfire\y2mate.com - DD Ambience  Building on Fire  Blaze Inferno Wood Cracking Collapsing Loud Stressing_41_seg6.wav,Fire,FireDataset,5.0,train
X:\NEU\capstone\data\segments\fsd50k\365091.wav,Water,FSD50K,30.0,train
X:\NEU\capstone\data\segments\wildfire\videoplayback_31_seg5.wav,Fire,FireDataset,5.0,train
X:\NEU\capstone\data\segments\wildfire\videoplayback_38_seg1.wav,Fire,FireDataset,5.0,train
X:\NEU\capstone\data\segments\wildfire\y2mate.com - DD Ambience  Building on Fire  Blaze Inferno Wood Cracking Collapsing Loud Stressing_14_seg8.wav,Fire,FireDataset,5.0,train
X:\NEU\capstone\data\segments\wildfire\videoplayback_71_seg9.wav,Fire,FireDataset,5.0,val
X:\NEU\capstone\data\segments\fsd50k\112681.wav,Train,FSD50K,15.719,train
X:\NEU\capstone\data\segments\fsd50k\277754.wav,Train,FSD50K,17.76,train
X:\NEU\capstone\data\segments\fsd50k\264312.wav,Fire,FSD50K,15.3333125,train
X:\NEU\capstone\data\segments\wildfire\videoplayback_11_seg5.wav,Fire,FireDataset,5.0,train
X:\NEU\capstone\data\segments\wildfire\y2mate.com - DD Ambience  Building on Fire  Blaze Inferno Wood Cracking Collapsing Loud Stressing_1_25_seg1.wav,Fire,FireDataset,5.0,train
X:\NEU\capstone\data\segments\fsd50k\74469.wav,Thunder,FSD50K,16.3489375,train
X:\NEU\capstone\data\segments\fsd50k\209027.wav,Wind,FSD50K,14.9059375,train
X:\NEU\capstone\data\segments\fsd50k\394071.wav,Thunder,FSD50K,21.3786875,train
X:\NEU\capstone\data\segments\wildfire\videoplayback_55_seg2.wav,Fire,FireDataset,5.0,train
X:\NEU\capstone\data\segments\fsd50k\265361.wav,Fire,FSD50K,5.25,train
X:\NEU\capstone\data\segments\fsd50k\159686.wav,Thunder,FSD50K,19.375,test
X:\NEU\capstone\data\segments\wildfire\videoplayback_16_seg0.wav,Fire,FireDataset,5.0,train
X:\NEU\capstone\data\segments\fsd50k\112696.wav,Train,FSD50K,11.09875,train
X:\NEU\capstone\data\segments\fsd50k\112678.wav,Train,FSD50K,9.294375,train
X:\NEU\capstone\data\segments\wildfire\y2mate.com - DD Ambience  Building on Fire  Blaze Inferno Wood Cracking Collapsing Loud Stressing_1_05_seg1.wav,Fire,FireDataset,5.0,train
X:\NEU\capstone\data\segments\fsd50k\323059.wav,Train,FSD50K,26.548,train
X:\NEU\capstone\data\segments\wildfire\y2mate.com - DD Ambience  Building on Fire  Blaze Inferno Wood Cracking Collapsing Loud Stressing_41_seg9.wav,Fire,FireDataset,5.0,train
X:\NEU\capstone\data\segments\fsd50k\123358.wav,Thunder,FSD50K,13.8050625,test
X:\NEU\capstone\data\segments\wildfire\y2mate.com - DD Ambience  Building on Fire  Blaze Inferno Wood Cracking Collapsing Loud Stressing_1_49_seg1.wav,Fire,FireDataset,5.0,train
X:\NEU\capstone\data\segments\fsd50k\235472.wav,Fire,FSD50K,29.59625,train
X:\NEU\capstone\data\segments\wildfire\y2mate.com - DD Ambience  Building on Fire  Blaze Inferno Wood Cracking Collapsing Loud Stressing_1_51_seg2.wav,Fire,FireDataset,5.0,test
X:\NEU\capstone\data\segments\wildfire\videoplayback_04_seg4.wav,Fire,FireDataset,5.0,train
X:\NEU\capstone\data\segments\fsd50k\341947.wav,Thunder,FSD50K,26.7586875,train
X:\NEU\capstone\data\segments\wildfire\videoplayback_44_seg3.wav,Fire,FireDataset,5.0,train
X:\NEU\capstone\data\segments\wildfire\y2mate.com - DD Ambience  Building on Fire  Blaze Inferno Wood Cracking Collapsing Loud Stressing_1_13_seg6.wav,Fire,FireDataset,5.0,train
X:\NEU\capstone\data\segments\fsd50k\22874.wav,Thunder,FSD50K,13.7781875,train
X:\NEU\capstone\data\segments\wildfire\y2mate.com - DD Ambience  Building on Fire  Blaze Inferno Wood Cracking Collapsing Loud Stressing_1_43_seg9.wav,Fire,FireDataset,5.0,test
X:\NEU\capstone\data\segments\fsd50k\143557.wav,Aircraft,FSD50K,23.8238125,train
X:\NEU\capstone\data\segments\wildfire\y2mate.com - DD Ambience  Building on Fire  Blaze Inferno Wood Cracking Collapsing Loud Stressing_40_seg5.wav,Fire,FireDataset,5.0,val
X:\NEU\capstone\data\segments\wildfire\y2mate.com - DD Ambience  Building on Fire  Blaze Inferno Wood Cracking Collapsing Loud Stressing_1_30_seg6.wav,Fire,FireDataset,5.0,train
X:\NEU\capstone\data\segments\wildfire\videoplayback_32_seg2.wav,Fire,FireDataset,5.0,train
X:\NEU\capstone\data\segments\wildfire\y2mate.com - DD Ambience  Building on Fire  Blaze Inferno Wood Cracking Collapsing Loud Stressing_44_seg4.wav,Fire,FireDataset,5.0,train
X:\NEU\capstone\data\segments\wildfire\y2mate.com - DD Ambience  Building on Fire  Blaze Inferno Wood Cracking Collapsing Loud Stressing_24_seg6.wav,Fire,FireDataset,5.0,train
X:\NEU\capstone\data\segments\wildfire\y2mate.com - DD Ambience  Building on Fire  Blaze Inferno Wood Cracking Collapsing Loud Stressing_1_66_seg5.wav,Fire,FireDataset,5.0,train
X:\NEU\capstone\data\segments\wildfire\y2mate.com - DD Ambience  Building on Fire  Blaze Inferno Wood Cracking Collapsing Loud Stressing_1_02_seg2.wav,Fire,FireDataset,5.0,train
X:\NEU\capstone\data\segments\wildfire\videoplayback_30_seg5.wav,Fire,FireDataset,5.0,train
X:\NEU\capstone\data\segments\wildfire\videoplayback_45_seg6.wav,Fire,FireDataset,5.0,train
X:\NEU\capstone\data\segments\wildfire\videoplayback_66_seg3.wav,Fire,FireDataset,5.0,val
X:\NEU\capstone\data\segments\wildfire\videoplayback_13_seg4.wav,Fire,FireDataset,5.0,train
X:\NEU\capstone\data\segments\fsd50k\39877.wav,Thunder,FSD50K,17.461375,test
X:\NEU\capstone\data\segments\wildfire\y2mate.com - DD Ambience  Building on Fire  Blaze Inferno Wood Cracking Collapsing Loud Stressing_1_10_seg0.wav,Fire,FireDataset,5.0,train
X:\NEU\capstone\data\segments\wildfire\videoplayback_69_seg1.wav,Fire,FireDataset,5.0,train
X:\NEU\capstone\data\segments\wildfire\y2mate.com - DD Ambience  Building on Fire  Blaze Inferno Wood Cracking Collapsing Loud Stressing_27_seg6.wav,Fire,FireDataset,5.0,train
X:\NEU\capstone\data\segments\wildfire\y2mate.com - DD Ambience  Building on Fire  Blaze Inferno Wood Cracking Collapsing Loud Stressing_1_63_seg3.wav,Fire,FireDataset,5.0,train
X:\NEU\capstone\data\segments\fsd50k\391684.wav,Water,FSD50K,19.683375,test
X:\NEU\capstone\data\segments\fsd50k\112675.wav,Train,FSD50K,10.965125,train
X:\NEU\capstone\data\segments\wildfire\videoplayback_15_seg7.wav,Fire,FireDataset,5.0,train
X:\NEU\capstone\data\segments\wildfire\videoplayback_71_seg8.wav,Fire,FireDataset,5.0,train
X:\NEU\capstone\data\segments\wildfire\videoplayback_47_seg8.wav,Fire,FireDataset,5.0,train
X:\NEU\capstone\data\segments\fsd50k\150978.wav,Train,FSD50K,14.997375,train
X:\NEU\capstone\data\segments\wildfire\videoplayback_63_seg8.wav,Fire,FireDataset,5.0,train
X:\NEU\capstone\data\segments\wildfire\y2mate.com - DD Ambience  Building on Fire  Blaze Inferno Wood Cracking Collapsing Loud Stressing_1_09_seg0.wav,Fire,FireDataset,5.0,train
X:\NEU\capstone\data\segments\fsd50k\182899.wav,Wind,FSD50K,9.532875,train
X:\NEU\capstone\data\segments\fsd50k\244230.wav,Fire,FSD50K,15.093,train
X:\NEU\capstone\data\segments\wildfire\y2mate.com - DD Ambience  Building on Fire  Blaze Inferno Wood Cracking Collapsing Loud Stressing_52_seg2.wav,Fire,FireDataset,5.0,train
X:\NEU\capstone\data\segments\wildfire\y2mate.com - DD Ambience  Building on Fire  Blaze Inferno Wood Cracking Collapsing Loud Stressing_15_seg0.wav,Fire,FireDataset,5.0,train
X:\NEU\capstone\data\segments\wildfire\y2mate.com - DD Ambience  Building on Fire  Blaze Inferno Wood Cracking Collapsing Loud Stressing_60_seg2.wav,Fire,FireDataset,5.0,train
X:\NEU\capstone\data\segments\fsd50k\396593.wav,Fire,FSD50K,4.8320625,train
X:\NEU\capstone\data\segments\fsd50k\68328.wav,Water,FSD50K,1.2595,train
X:\NEU\capstone\data\segments\wildfire\y2mate.com - DD Ambience  Building on Fire  Blaze Inferno Wood Cracking Collapsing Loud Stressing_52_seg7.wav,Fire,FireDataset,5.0,train
X:\NEU\capstone\data\segments\fsd50k\250229.wav,Wind,FSD50K,8.98,train
X:\NEU\capstone\data\segments\wildfire\y2mate.com - DD Ambience  Building on Fire  Blaze Inferno Wood Cracking Collapsing Loud Stressing_1_54_seg9.wav,Fire,FireDataset,5.0,test
X:\NEU\capstone\data\segments\wildfire\y2mate.com - DD Ambience  Building on Fire  Blaze Inferno Wood Cracking Collapsing Loud Stressing_1_19_seg6.wav,Fire,FireDataset,5.0,train
X:\NEU\capstone\data\segments\wildfire\y2mate.com - DD Ambience  Building on Fire  Blaze Inferno Wood Cracking Collapsing Loud Stressing_71_seg0.wav,Fire,FireDataset,5.0,train
X:\NEU\capstone\data\segments\fsd50k\386200.wav,Fire,FSD50K,0.75,train
X:\NEU\capstone\data\segments\wildfire\y2mate.com - DD Ambience  Building on Fire  Blaze Inferno Wood Cracking Collapsing Loud Stressing_17_seg6.wav,Fire,FireDataset,5.0,train
X:\NEU\capstone\data\segments\fsd50k\431771.wav,Fire,FSD50K,9.5929375,train
X:\NEU\capstone\data\segments\fsd50k\203173.wav,Fire,FSD50K,23.3535,train
X:\NEU\capstone\data\segments\fsd50k\350724.wav,Wind,FSD50K,14.1989375,train
X:\NEU\capstone\data\segments\wildfire\y2mate.com - DD Ambience  Building on Fire  Blaze Inferno Wood Cracking Collapsing Loud Stressing_35_seg6.wav,Fire,FireDataset,5.0,train
X:\NEU\capstone\data\segments\fsd50k\100643.wav,Wind,FSD50K,6.687375,test
X:\NEU\capstone\data\segments\fsd50k\378636.wav,Fire,FSD50K,7.0,train
X:\NEU\capstone\data\segments\fsd50k\368470.wav,Wind,FSD50K,5.664,train
X:\NEU\capstone\data\segments\fsd50k\218071.wav,Fire,FSD50K,1.92,train
X:\NEU\capstone\data\segments\fsd50k\234288.wav,Fire,FSD50K,28.6485625,test
X:\NEU\capstone\data\segments\wildfire\y2mate.com - DD Ambience  Building on Fire  Blaze Inferno Wood Cracking Collapsing Loud Stressing_1_24_seg5.wav,Fire,FireDataset,5.0,train
X:\NEU\capstone\data\segments\fsd50k\93076.wav,Aircraft,FSD50K,10.6840625,train
X:\NEU\capstone\data\segments\wildfire\y2mate.com - DD Ambience  Building on Fire  Blaze Inferno Wood Cracking Collapsing Loud Stressing_1_35_seg4.wav,Fire,FireDataset,5.0,train
X:\NEU\capstone\data\segments\wildfire\videoplayback_43_seg4.wav,Fire,FireDataset,5.0,train
X:\NEU\capstone\data\segments\wildfire\y2mate.com - DD Ambience  Building on Fire  Blaze Inferno Wood Cracking Collapsing Loud Stressing_06_seg8.wav,Fire,FireDataset,5.0,train
X:\NEU\capstone\data\segments\wildfire\y2mate.com - DD Ambience  Building on Fire  Blaze Inferno Wood Cracking Collapsing Loud Stressing_10_seg5.wav,Fire,FireDataset,5.0,val
X:\NEU\capstone\data\segments\wildfire\y2mate.com - DD Ambience  Building on Fire  Blaze Inferno Wood Cracking Collapsing Loud Stressing_1_54_seg3.wav,Fire,FireDataset,5.0,train
X:\NEU\capstone\data\segments\fsd50k\69609.wav,Aircraft,FSD50K,6.1595625,val
X:\NEU\capstone\data\segments\wildfire\y2mate.com - DD Ambience  Building on Fire  Blaze Inferno Wood Cracking Collapsing Loud Stressing_1_24_seg0.wav,Fire,FireDataset,5.0,train
X:\NEU\capstone\data\segments\wildfire\videoplayback_71_seg7.wav,Fire,FireDataset,5.0,train
X:\NEU\capstone\data\segments\wildfire\y2mate.com - DD Ambience  Building on Fire  Blaze Inferno Wood Cracking Collapsing Loud Stressing_66_seg1.wav,Fire,FireDataset,5.0,train
X:\NEU\capstone\data\segments\wildfire\y2mate.com - DD Ambience  Building on Fire  Blaze Inferno Wood Cracking Collapsing Loud Stressing_25_seg6.wav,Fire,FireDataset,5.0,train
X:\NEU\capstone\data\segments\fsd50k\162417.wav,Wind,FSD50K,6.2450625,train
X:\NEU\capstone\data\segments\wildfire\y2mate.com - DD Ambience  Building on Fire  Blaze Inferno Wood Cracking Collapsing Loud Stressing_47_seg1.wav,Fire,FireDataset,5.0,train
X:\NEU\capstone\data\segments\fsd50k\135780.wav,Wind,FSD50K,2.18675,train
X:\NEU\capstone\data\segments\wildfire\videoplayback_17_seg2.wav,Fire,FireDataset,5.0,train
X:\NEU\capstone\data\segments\fsd50k\322599.wav,Aircraft,FSD50K,24.137125,train
X:\NEU\capstone\data\segments\wildfire\videoplayback_72_seg5.wav,Fire,FireDataset,5.0,train
X:\NEU\capstone\data\segments\fsd50k\332115.wav,Thunder,FSD50K,27.5346875,val
X:\NEU\capstone\data\segments\fsd50k\420319.wav,Wind,FSD50K,1.00125,val
X:\NEU\capstone\data\segments\wildfire\y2mate.com - DD Ambience  Building on Fire  Blaze Inferno Wood Cracking Collapsing Loud Stressing_1_48_seg5.wav,Fire,FireDataset,5.0,train
X:\NEU\capstone\data\segments\fsd50k\386379.wav,Fire,FSD50K,0.75,val
X:\NEU\capstone\data\segments\fsd50k\105298.wav,Thunder,FSD50K,1.032375,train
X:\NEU\capstone\data\segments\wildfire\videoplayback_63_seg7.wav,Fire,FireDataset,5.0,train
X:\NEU\capstone\data\segments\fsd50k\27853.wav,Fire,FSD50K,11.337125,train
X:\NEU\capstone\data\segments\fsd50k\26971.wav,Train,FSD50K,2.498,train
X:\NEU\capstone\data\segments\fsd50k\232164.wav,Train,FSD50K,22.098125,train
X:\NEU\capstone\data\segments\wildfire\y2mate.com - DD Ambience  Building on Fire  Blaze Inferno Wood Cracking Collapsing Loud Stressing_50_seg6.wav,Fire,FireDataset,5.0,train
X:\NEU\capstone\data\segments\wildfire\y2mate.com - DD Ambience  Building on Fire  Blaze Inferno Wood Cracking Collapsing Loud Stressing_1_40_seg2.wav,Fire,FireDataset,5.0,train
X:\NEU\capstone\data\segments\fsd50k\216829.wav,Fire,FSD50K,15.18525,train
X:\NEU\capstone\data\segments\wildfire\y2mate.com - DD Ambience  Building on Fire  Blaze Inferno Wood Cracking Collapsing Loud Stressing_1_17_seg7.wav,Fire,FireDataset,5.0,test
X:\NEU\capstone\data\segments\wildfire\videoplayback_40_seg8.wav,Fire,FireDataset,5.0,train
X:\NEU\capstone\data\segments\wildfire\y2mate.com - DD Ambience  Building on Fire  Blaze Inferno Wood Cracking Collapsing Loud Stressing_1_27_seg4.wav,Fire,FireDataset,5.0,train
X:\NEU\capstone\data\segments\wildfire\y2mate.com - DD Ambience  Building on Fire  Blaze Inferno Wood Cracking Collapsing Loud Stressing_1_43_seg8.wav,Fire,FireDataset,5.0,train
X:\NEU\capstone\data\segments\fsd50k\322210.wav,Thunder,FSD50K,14.1098125,val
X:\NEU\capstone\data\segments\fsd50k\251967.wav,Aircraft,FSD50K,20.8540625,train
X:\NEU\capstone\data\segments\wildfire\y2mate.com - DD Ambience  Building on Fire  Blaze Inferno Wood Cracking Collapsing Loud Stressing_1_35_seg5.wav,Fire,FireDataset,5.0,train
X:\NEU\capstone\data\segments\wildfire\y2mate.com - DD Ambience  Building on Fire  Blaze Inferno Wood Cracking Collapsing Loud Stressing_1_60_seg5.wav,Fire,FireDataset,5.0,train
X:\NEU\capstone\data\segments\fsd50k\131309.wav,Fire,FSD50K,3.515625,train
X:\NEU\capstone\data\segments\fsd50k\390119.wav,Train,FSD50K,24.2880625,val
X:\NEU\capstone\data\segments\wildfire\videoplayback_62_seg5.wav,Fire,FireDataset,5.0,train
X:\NEU\capstone\data\segments\wildfire\y2mate.com - DD Ambience  Building on Fire  Blaze Inferno Wood Cracking Collapsing Loud Stressing_1_19_seg1.wav,Fire,FireDataset,5.0,train
X:\NEU\capstone\data\segments\wildfire\videoplayback_26_seg1.wav,Fire,FireDataset,5.0,train
X:\NEU\capstone\data\segments\wildfire\y2mate.com - DD Ambience  Building on Fire  Blaze Inferno Wood Cracking Collapsing Loud Stressing_33_seg3.wav,Fire,FireDataset,5.0,train
X:\NEU\capstone\data\segments\fsd50k\181581.wav,Fire,FSD50K,11.4393125,train
X:\NEU\capstone\data\segments\wildfire\y2mate.com - DD Ambience  Building on Fire  Blaze Inferno Wood Cracking Collapsing Loud Stressing_12_seg5.wav,Fire,FireDataset,5.0,train
X:\NEU\capstone\data\segments\wildfire\y2mate.com - DD Ambience  Building on Fire  Blaze Inferno Wood Cracking Collapsing Loud Stressing_55_seg6.wav,Fire,FireDataset,5.0,train
X:\NEU\capstone\data\segments\wildfire\videoplayback_21_seg7.wav,Fire,FireDataset,5.0,train
X:\NEU\capstone\data\segments\fsd50k\420311.wav,Wind,FSD50K,1.0051875,train
X:\NEU\capstone\data\segments\wildfire\videoplayback_01_seg7.wav,Fire,FireDataset,5.0,test
X:\NEU\capstone\data\segments\wildfire\y2mate.com - DD Ambience  Building on Fire  Blaze Inferno Wood Cracking Collapsing Loud Stressing_43_seg3.wav,Fire,FireDataset,5.0,train
X:\NEU\capstone\data\segments\wildfire\y2mate.com - DD Ambience  Building on Fire  Blaze Inferno Wood Cracking Collapsing Loud Stressing_60_seg3.wav,Fire,FireDataset,5.0,test
X:\NEU\capstone\data\segments\fsd50k\411532.wav,Fire,FSD50K,21.3334375,val
X:\NEU\capstone\data\segments\wildfire\y2mate.com - DD Ambience  Building on Fire  Blaze Inferno Wood Cracking Collapsing Loud Stressing_1_61_seg7.wav,Fire,FireDataset,5.0,train
X:\NEU\capstone\data\segments\fsd50k\339452.wav,Fire,FSD50K,6.7099375,train
X:\NEU\capstone\data\segments\wildfire\videoplayback_17_seg6.wav,Fire,FireDataset,5.0,train
X:\NEU\capstone\data\segments\fsd50k\369492.wav,Water,FSD50K,15.8293125,train
X:\NEU\capstone\data\segments\fsd50k\386163.wav,Fire,FSD50K,2.9580625,train
X:\NEU\capstone\data\segments\wildfire\y2mate.com - DD Ambience  Building on Fire  Blaze Inferno Wood Cracking Collapsing Loud Stressing_72_seg9.wav,Fire,FireDataset,5.0,train
X:\NEU\capstone\data\segments\fsd50k\244055.wav,Water,FSD50K,7.3200625,val
X:\NEU\capstone\data\segments\wildfire\y2mate.com - DD Ambience  Building on Fire  Blaze Inferno Wood Cracking Collapsing Loud Stressing_21_seg3.wav,Fire,FireDataset,5.0,train
X:\NEU\capstone\data\segments\fsd50k\391691.wav,Water,FSD50K,6.686625,train
X:\NEU\capstone\data\segments\wildfire\videoplayback_31_seg7.wav,Fire,FireDataset,5.0,test
X:\NEU\capstone\data\segments\fsd50k\47519.wav,Train,FSD50K,28.5785,train
X:\NEU\capstone\data\segments\fsd50k\21928.wav,Train,FSD50K,13.8983125,test
X:\NEU\capstone\data\segments\wildfire\y2mate.com - DD Ambience  Building on Fire  Blaze Inferno Wood Cracking Collapsing Loud Stressing_1_48_seg2.wav,Fire,FireDataset,5.0,train
X:\NEU\capstone\data\segments\fsd50k\130434.wav,Train,FSD50K,29.899125,train
X:\NEU\capstone\data\segments\fsd50k\180949.wav,Water,FSD50K,27.9901875,train
X:\NEU\capstone\data\segments\wildfire\y2mate.com - DD Ambience  Building on Fire  Blaze Inferno Wood Cracking Collapsing Loud Stressing_63_seg9.wav,Fire,FireDataset,5.0,train
X:\NEU\capstone\data\segments\fsd50k\242015.wav,Thunder,FSD50K,17.789375,val
X:\NEU\capstone\data\segments\fsd50k\74332.wav,Fire,FSD50K,6.3180625,train
X:\NEU\capstone\data\segments\fsd50k\47988.wav,Fire,FSD50K,9.185375,train
X:\NEU\capstone\data\segments\wildfire\y2mate.com - DD Ambience  Building on Fire  Blaze Inferno Wood Cracking Collapsing Loud Stressing_1_60_seg4.wav,Fire,FireDataset,5.0,val
X:\NEU\capstone\data\segments\wildfire\y2mate.com - DD Ambience  Building on Fire  Blaze Inferno Wood Cracking Collapsing Loud Stressing_1_25_seg9.wav,Fire,FireDataset,5.0,train
X:\NEU\capstone\data\segments\wildfire\y2mate.com - DD Ambience  Building on Fire  Blaze Inferno Wood Cracking Collapsing Loud Stressing_53_seg9.wav,Fire,FireDataset,5.0,test
X:\NEU\capstone\data\segments\wildfire\y2mate.com - DD Ambience  Building on Fire  Blaze Inferno Wood Cracking Collapsing Loud Stressing_31_seg3.wav,Fire,FireDataset,5.0,test
X:\NEU\capstone\data\segments\fsd50k\431603.wav,Water,FSD50K,17.4149375,val
X:\NEU\capstone\data\segments\wildfire\y2mate.com - DD Ambience  Building on Fire  Blaze Inferno Wood Cracking Collapsing Loud Stressing_26_seg0.wav,Fire,FireDataset,5.0,train
X:\NEU\capstone\data\segments\fsd50k\37348.wav,Thunder,FSD50K,15.648,train
X:\NEU\capstone\data\segments\fsd50k\37344.wav,Thunder,FSD50K,15.048,train
X:\NEU\capstone\data\segments\wildfire\videoplayback_44_seg1.wav,Fire,FireDataset,5.0,train
X:\NEU\capstone\data\segments\fsd50k\213560.wav,Train,FSD50K,17.0574375,train
X:\NEU\capstone\data\segments\fsd50k\156338.wav,Fire,FSD50K,8.68425,train
X:\NEU\capstone\data\segments\wildfire\videoplayback_41_seg7.wav,Fire,FireDataset,5.0,train
X:\NEU\capstone\data\segments\wildfire\y2mate.com - DD Ambience  Building on Fire  Blaze Inferno Wood Cracking Collapsing Loud Stressing_24_seg3.wav,Fire,FireDataset,5.0,train
X:\NEU\capstone\data\segments\fsd50k\50059.wav,Water,FSD50K,14.8460625,train
X:\NEU\capstone\data\segments\fsd50k\181902.wav,Fire,FSD50K,11.6866875,train
X:\NEU\capstone\data\segments\fsd50k\58839.wav,Thunder,FSD50K,23.92,train
X:\NEU\capstone\data\segments\wildfire\y2mate.com - DD Ambience  Building on Fire  Blaze Inferno Wood Cracking Collapsing Loud Stressing_1_67_seg0.wav,Fire,FireDataset,5.0,train
X:\NEU\capstone\data\segments\fsd50k\420305.wav,Wind,FSD50K,1.3748125,test
X:\NEU\capstone\data\segments\wildfire\y2mate.com - DD Ambience  Building on Fire  Blaze Inferno Wood Cracking Collapsing Loud Stressing_1_40_seg5.wav,Fire,FireDataset,5.0,train
X:\NEU\capstone\data\segments\fsd50k\48520.wav,Thunder,FSD50K,29.7795625,train
X:\NEU\capstone\data\segments\wildfire\y2mate.com - DD Ambience  Building on Fire  Blaze Inferno Wood Cracking Collapsing Loud Stressing_1_57_seg0.wav,Fire,FireDataset,5.0,train
X:\NEU\capstone\data\segments\fsd50k\234528.wav,Water,FSD50K,0.87075,test
X:\NEU\capstone\data\segments\fsd50k\112686.wav,Train,FSD50K,21.3539375,val
X:\NEU\capstone\data\segments\wildfire\y2mate.com - DD Ambience  Building on Fire  Blaze Inferno Wood Cracking Collapsing Loud Stressing_10_seg6.wav,Fire,FireDataset,5.0,train
X:\NEU\capstone\data\segments\fsd50k\151191.wav,Thunder,FSD50K,7.304625,train
X:\NEU\capstone\data\segments\wildfire\y2mate.com - DD Ambience  Building on Fire  Blaze Inferno Wood Cracking Collapsing Loud Stressing_22_seg5.wav,Fire,FireDataset,5.0,test
X:\NEU\capstone\data\segments\wildfire\y2mate.com - DD Ambience  Building on Fire  Blaze Inferno Wood Cracking Collapsing Loud Stressing_71_seg3.wav,Fire,FireDataset,5.0,train
X:\NEU\capstone\data\segments\wildfire\y2mate.com - DD Ambience  Building on Fire  Blaze Inferno Wood Cracking Collapsing Loud Stressing_14_seg3.wav,Fire,FireDataset,5.0,train
X:\NEU\capstone\data\segments\wildfire\y2mate.com - DD Ambience  Building on Fire  Blaze Inferno Wood Cracking Collapsing Loud Stressing_1_12_seg5.wav,Fire,FireDataset,5.0,train
X:\NEU\capstone\data\segments\wildfire\videoplayback_46_seg5.wav,Fire,FireDataset,5.0,train
X:\NEU\capstone\data\segments\wildfire\videoplayback_58_seg3.wav,Fire,FireDataset,5.0,train
X:\NEU\capstone\data\segments\wildfire\y2mate.com - DD Ambience  Building on Fire  Blaze Inferno Wood Cracking Collapsing Loud Stressing_67_seg5.wav,Fire,FireDataset,5.0,train
X:\NEU\capstone\data\segments\wildfire\y2mate.com - DD Ambience  Building on Fire  Blaze Inferno Wood Cracking Collapsing Loud Stressing_1_15_seg2.wav,Fire,FireDataset,5.0,train
X:\NEU\capstone\data\segments\wildfire\y2mate.com - DD Ambience  Building on Fire  Blaze Inferno Wood Cracking Collapsing Loud Stressing_18_seg3.wav,Fire,FireDataset,5.0,train
X:\NEU\capstone\data\segments\wildfire\y2mate.com - DD Ambience  Building on Fire  Blaze Inferno Wood Cracking Collapsing Loud Stressing_37_seg6.wav,Fire,FireDataset,5.0,train
X:\NEU\capstone\data\segments\fsd50k\351422.wav,Fire,FSD50K,2.7551875,test
X:\NEU\capstone\data\segments\fsd50k\417660.wav,Train,FSD50K,12.007,train
X:\NEU\capstone\data\segments\fsd50k\232443.wav,Train,FSD50K,7.76,train
X:\NEU\capstone\data\segments\wildfire\y2mate.com - DD Ambience  Building on Fire  Blaze Inferno Wood Cracking Collapsing Loud Stressing_1_08_seg9.wav,Fire,FireDataset,5.0,train
X:\NEU\capstone\data\segments\fsd50k\417658.wav,Train,FSD50K,27.2213125,train
X:\NEU\capstone\data\segments\fsd50k\86769.wav,Water,FSD50K,28.5015625,train
X:\NEU\capstone\data\segments\fsd50k\24968.wav,Train,FSD50K,11.194375,train
X:\NEU\capstone\data\segments\fsd50k\34067.wav,Water,FSD50K,9.169,test
X:\NEU\capstone\data\segments\wildfire\videoplayback_64_seg0.wav,Fire,FireDataset,5.0,test
X:\NEU\capstone\data\segments\wildfire\y2mate.com - DD Ambience  Building on Fire  Blaze Inferno Wood Cracking Collapsing Loud Stressing_1_04_seg8.wav,Fire,FireDataset,5.0,train
X:\NEU\capstone\data\segments\fsd50k\7790.wav,Train,FSD50K,18.197,train
X:\NEU\capstone\data\segments\wildfire\y2mate.com - DD Ambience  Building on Fire  Blaze Inferno Wood Cracking Collapsing Loud Stressing_62_seg1.wav,Fire,FireDataset,5.0,train
X:\NEU\capstone\data\segments\wildfire\y2mate.com - DD Ambience  Building on Fire  Blaze Inferno Wood Cracking Collapsing Loud Stressing_22_seg3.wav,Fire,FireDataset,5.0,train
X:\NEU\capstone\data\segments\fsd50k\414304.wav,Wind,FSD50K,14.3666875,train
X:\NEU\capstone\data\segments\fsd50k\424994.wav,Fire,FSD50K,5.9044375,train
X:\NEU\capstone\data\segments\fsd50k\391686.wav,Water,FSD50K,13.0716875,train
X:\NEU\capstone\data\segments\fsd50k\123360.wav,Thunder,FSD50K,13.23075,train
X:\NEU\capstone\data\segments\fsd50k\53671.wav,Thunder,FSD50K,29.204875,train
X:\NEU\capstone\data\segments\fsd50k\156323.wav,Fire,FSD50K,11.2078125,train
X:\NEU\capstone\data\segments\wildfire\y2mate.com - DD Ambience  Building on Fire  Blaze Inferno Wood Cracking Collapsing Loud Stressing_42_seg4.wav,Fire,FireDataset,5.0,train
X:\NEU\capstone\data\segments\wildfire\y2mate.com - DD Ambience  Building on Fire  Blaze Inferno Wood Cracking Collapsing Loud Stressing_55_seg0.wav,Fire,FireDataset,5.0,train
X:\NEU\capstone\data\segments\wildfire\y2mate.com - DD Ambience  Building on Fire  Blaze Inferno Wood Cracking Collapsing Loud Stressing_04_seg8.wav,Fire,FireDataset,5.0,train
X:\NEU\capstone\data\segments\fsd50k\381215.wav,Wind,FSD50K,7.011,train
X:\NEU\capstone\data\segments\wildfire\y2mate.com - DD Ambience  Building on Fire  Blaze Inferno Wood Cracking Collapsing Loud Stressing_46_seg0.wav,Fire,FireDataset,5.0,train
X:\NEU\capstone\data\segments\fsd50k\564.wav,Fire,FSD50K,1.408375,train
X:\NEU\capstone\data\segments\wildfire\y2mate.com - DD Ambience  Building on Fire  Blaze Inferno Wood Cracking Collapsing Loud Stressing_1_57_seg5.wav,Fire,FireDataset,5.0,train
X:\NEU\capstone\data\segments\fsd50k\328114.wav,Train,FSD50K,17.63225,train
X:\NEU\capstone\data\segments\wildfire\y2mate.com - DD Ambience  Building on Fire  Blaze Inferno Wood Cracking Collapsing Loud Stressing_11_seg1.wav,Fire,FireDataset,5.0,train
X:\NEU\capstone\data\segments\fsd50k\407028.wav,Wind,FSD50K,11.3796875,train
X:\NEU\capstone\data\segments\fsd50k\237406.wav,Fire,FSD50K,8.6586875,train
X:\NEU\capstone\data\segments\fsd50k\207454.wav,Wind,FSD50K,16.3124375,val
X:\NEU\capstone\data\segments\fsd50k\326240.wav,Fire,FSD50K,3.0,train
X:\NEU\capstone\data\segments\fsd50k\336332.wav,Train,FSD50K,20.79125,train
X:\NEU\capstone\data\segments\fsd50k\262913.wav,Fire,FSD50K,11.574625,train
X:\NEU\capstone\data\segments\wildfire\y2mate.com - DD Ambience  Building on Fire  Blaze Inferno Wood Cracking Collapsing Loud Stressing_1_18_seg1.wav,Fire,FireDataset,5.0,train
X:\NEU\capstone\data\segments\wildfire\y2mate.com - DD Ambience  Building on Fire  Blaze Inferno Wood Cracking Collapsing Loud Stressing_1_40_seg4.wav,Fire,FireDataset,5.0,train
X:\NEU\capstone\data\segments\wildfire\y2mate.com - DD Ambience  Building on Fire  Blaze Inferno Wood Cracking Collapsing Loud Stressing_45_seg8.wav,Fire,FireDataset,5.0,train
X:\NEU\capstone\data\segments\wildfire\y2mate.com - DD Ambience  Building on Fire  Blaze Inferno Wood Cracking Collapsing Loud Stressing_1_13_seg0.wav,Fire,FireDataset,5.0,val
X:\NEU\capstone\data\segments\fsd50k\262640.wav,Train,FSD50K,23.5314375,train
X:\NEU\capstone\data\segments\wildfire\videoplayback_09_seg4.wav,Fire,FireDataset,5.0,train
X:\NEU\capstone\data\segments\fsd50k\53675.wav,Thunder,FSD50K,14.9681875,train
X:\NEU\capstone\data\segments\fsd50k\51033.wav,Wind,FSD50K,7.6665,test
X:\NEU\capstone\data\segments\fsd50k\164939.wav,Fire,FSD50K,26.8,train
X:\NEU\capstone\data\segments\wildfire\y2mate.com - DD Ambience  Building on Fire  Blaze Inferno Wood Cracking Collapsing Loud Stressing_33_seg2.wav,Fire,FireDataset,5.0,test
X:\NEU\capstone\data\segments\wildfire\y2mate.com - DD Ambience  Building on Fire  Blaze Inferno Wood Cracking Collapsing Loud Stressing_06_seg9.wav,Fire,FireDataset,5.0,train
X:\NEU\capstone\data\segments\fsd50k\19003.wav,Train,FSD50K,16.144375,train
X:\NEU\capstone\data\segments\fsd50k\365037.wav,Fire,FSD50K,1.712,train
X:\NEU\capstone\data\segments\fsd50k\139094.wav,Water,FSD50K,21.119,train
X:\NEU\capstone\data\segments\wildfire\y2mate.com - DD Ambience  Building on Fire  Blaze Inferno Wood Cracking Collapsing Loud Stressing_20_seg6.wav,Fire,FireDataset,5.0,train
X:\NEU\capstone\data\segments\wildfire\videoplayback_48_seg4.wav,Fire,FireDataset,5.0,train
X:\NEU\capstone\data\segments\wildfire\y2mate.com - DD Ambience  Building on Fire  Blaze Inferno Wood Cracking Collapsing Loud Stressing_1_55_seg9.wav,Fire,FireDataset,5.0,train
X:\NEU\capstone\data\segments\fsd50k\401013.wav,Water,FSD50K,8.0283125,train
X:\NEU\capstone\data\segments\fsd50k\368453.wav,Wind,FSD50K,8.64,train
X:\NEU\capstone\data\segments\fsd50k\143954.wav,Fire,FSD50K,12.944,train
X:\NEU\capstone\data\segments\fsd50k\104517.wav,Wind,FSD50K,15.912,train
X:\NEU\capstone\data\segments\fsd50k\329616.wav,Aircraft,FSD50K,25.36725,train
X:\NEU\capstone\data\segments\fsd50k\333912.wav,Fire,FSD50K,5.276625,train
X:\NEU\capstone\data\segments\wildfire\y2mate.com - DD Ambience  Building on Fire  Blaze Inferno Wood Cracking Collapsing Loud Stressing_06_seg3.wav,Fire,FireDataset,5.0,train
X:\NEU\capstone\data\segments\fsd50k\274308.wav,Fire,FSD50K,0.9011875,train
X:\NEU\capstone\data\segments\fsd50k\399216.wav,Fire,FSD50K,3.6864375,train
X:\NEU\capstone\data\segments\fsd50k\114467.wav,Train,FSD50K,24.24475,train
X:\NEU\capstone\data\segments\fsd50k\262582.wav,Fire,FSD50K,5.0225,train
X:\NEU\capstone\data\segments\fsd50k\326008.wav,Fire,FSD50K,1.774625,train
X:\NEU\capstone\data\segments\fsd50k\114469.wav,Train,FSD50K,25.0581875,train
X:\NEU\capstone\data\segments\fsd50k\432686.wav,Wind,FSD50K,18.2545625,train
X:\NEU\capstone\data\segments\fsd50k\102698.wav,Fire,FSD50K,7.8135,val
X:\NEU\capstone\data\segments\fsd50k\213887.wav,Fire,FSD50K,20.8718125,train
X:\NEU\capstone\data\segments\wildfire\y2mate.com - DD Ambience  Building on Fire  Blaze Inferno Wood Cracking Collapsing Loud Stressing_1_13_seg4.wav,Fire,FireDataset,5.0,train
X:\NEU\capstone\data\segments\wildfire\y2mate.com - DD Ambience  Building on Fire  Blaze Inferno Wood Cracking Collapsing Loud Stressing_1_16_seg1.wav,Fire,FireDataset,5.0,val
X:\NEU\capstone\data\segments\fsd50k\94633.wav,Train,FSD50K,10.3651875,val
X:\NEU\capstone\data\segments\wildfire\y2mate.com - DD Ambience  Building on Fire  Blaze Inferno Wood Cracking Collapsing Loud Stressing_68_seg3.wav,Fire,FireDataset,5.0,train
X:\NEU\capstone\data\segments\fsd50k\196033.wav,Thunder,FSD50K,28.7954375,train
X:\NEU\capstone\data\segments\fsd50k\106393.wav,Water,FSD50K,13.143875,train
X:\NEU\capstone\data\segments\wildfire\videoplayback_60_seg4.wav,Fire,FireDataset,5.0,train
X:\NEU\capstone\data\segments\fsd50k\320050.wav,Thunder,FSD50K,11.0410625,train
X:\NEU\capstone\data\segments\fsd50k\407011.wav,Wind,FSD50K,9.978,train
X:\NEU\capstone\data\segments\wildfire\y2mate.com - DD Ambience  Building on Fire  Blaze Inferno Wood Cracking Collapsing Loud Stressing_02_seg8.wav,Fire,FireDataset,5.0,train
X:\NEU\capstone\data\segments\fsd50k\57654.wav,Wind,FSD50K,3.942875,train
X:\NEU\capstone\data\segments\wildfire\y2mate.com - DD Ambience  Building on Fire  Blaze Inferno Wood Cracking Collapsing Loud Stressing_1_17_seg9.wav,Fire,FireDataset,5.0,train
X:\NEU\capstone\data\segments\wildfire\y2mate.com - DD Ambience  Building on Fire  Blaze Inferno Wood Cracking Collapsing Loud Stressing_35_seg4.wav,Fire,FireDataset,5.0,val
X:\NEU\capstone\data\segments\wildfire\videoplayback_60_seg8.wav,Fire,FireDataset,5.0,test
X:\NEU\capstone\data\segments\fsd50k\270918.wav,Water,FSD50K,6.6705,test
X:\NEU\capstone\data\segments\wildfire\y2mate.com - DD Ambience  Building on Fire  Blaze Inferno Wood Cracking Collapsing Loud Stressing_66_seg4.wav,Fire,FireDataset,5.0,train
X:\NEU\capstone\data\segments\wildfire\y2mate.com - DD Ambience  Building on Fire  Blaze Inferno Wood Cracking Collapsing Loud Stressing_1_15_seg1.wav,Fire,FireDataset,5.0,train
X:\NEU\capstone\data\segments\fsd50k\344435.wav,Thunder,FSD50K,27.312,train
X:\NEU\capstone\data\segments\fsd50k\159685.wav,Thunder,FSD50K,13.875,train
X:\NEU\capstone\data\segments\wildfire\y2mate.com - DD Ambience  Building on Fire  Blaze Inferno Wood Cracking Collapsing Loud Stressing_35_seg3.wav,Fire,FireDataset,5.0,train
X:\NEU\capstone\data\segments\wildfire\y2mate.com - DD Ambience  Building on Fire  Blaze Inferno Wood Cracking Collapsing Loud Stressing_18_seg1.wav,Fire,FireDataset,5.0,train
X:\NEU\capstone\data\segments\fsd50k\39413.wav,Train,FSD50K,14.281125,val
X:\NEU\capstone\data\segments\wildfire\videoplayback_50_seg1.wav,Fire,FireDataset,5.0,val
X:\NEU\capstone\data\segments\wildfire\videoplayback_19_seg6.wav,Fire,FireDataset,5.0,train
X:\NEU\capstone\data\segments\fsd50k\348767.wav,Fire,FSD50K,6.25,train
X:\NEU\capstone\data\segments\fsd50k\74331.wav,Fire,FSD50K,4.064375,train
X:\NEU\capstone\data\segments\wildfire\y2mate.com - DD Ambience  Building on Fire  Blaze Inferno Wood Cracking Collapsing Loud Stressing_1_27_seg8.wav,Fire,FireDataset,5.0,train
X:\NEU\capstone\data\segments\wildfire\y2mate.com - DD Ambience  Building on Fire  Blaze Inferno Wood Cracking Collapsing Loud Stressing_31_seg8.wav,Fire,FireDataset,5.0,train
X:\NEU\capstone\data\segments\wildfire\videoplayback_23_seg4.wav,Fire,FireDataset,5.0,train
X:\NEU\capstone\data\segments\wildfire\y2mate.com - DD Ambience  Building on Fire  Blaze Inferno Wood Cracking Collapsing Loud Stressing_25_seg5.wav,Fire,FireDataset,5.0,train
X:\NEU\capstone\data\segments\fsd50k\74335.wav,Fire,FSD50K,5.1308125,train
X:\NEU\capstone\data\segments\fsd50k\153439.wav,Wind,FSD50K,5.717,train
X:\NEU\capstone\data\segments\fsd50k\378646.wav,Fire,FSD50K,2.7236875,train
X:\NEU\capstone\data\segments\wildfire\y2mate.com - DD Ambience  Building on Fire  Blaze Inferno Wood Cracking Collapsing Loud Stressing_47_seg2.wav,Fire,FireDataset,5.0,train
X:\NEU\capstone\data\segments\wildfire\y2mate.com - DD Ambience  Building on Fire  Blaze Inferno Wood Cracking Collapsing Loud Stressing_38_seg3.wav,Fire,FireDataset,5.0,train
X:\NEU\capstone\data\segments\wildfire\y2mate.com - DD Ambience  Building on Fire  Blaze Inferno Wood Cracking Collapsing Loud Stressing_23_seg1.wav,Fire,FireDataset,5.0,train
X:\NEU\capstone\data\segments\wildfire\videoplayback_25_seg0.wav,Fire,FireDataset,5.0,train
X:\NEU\capstone\data\segments\fsd50k\432056.wav,Wind,FSD50K,6.2950625,train
X:\NEU\capstone\data\segments\fsd50k\213036.wav,Wind,FSD50K,9.188875,train
X:\NEU\capstone\data\segments\fsd50k\196343.wav,Fire,FSD50K,20.321,train
X:\NEU\capstone\data\segments\wildfire\y2mate.com - DD Ambience  Building on Fire  Blaze Inferno Wood Cracking Collapsing Loud Stressing_52_seg8.wav,Fire,FireDataset,5.0,test
X:\NEU\capstone\data\segments\fsd50k\361772.wav,Thunder,FSD50K,27.911375,train
X:\NEU\capstone\data\segments\wildfire\videoplayback_31_seg4.wav,Fire,FireDataset,5.0,train
X:\NEU\capstone\data\segments\wildfire\y2mate.com - DD Ambience  Building on Fire  Blaze Inferno Wood Cracking Collapsing Loud Stressing_23_seg7.wav,Fire,FireDataset,5.0,val
X:\NEU\capstone\data\segments\wildfire\y2mate.com - DD Ambience  Building on Fire  Blaze Inferno Wood Cracking Collapsing Loud Stressing_1_25_seg0.wav,Fire,FireDataset,5.0,train
X:\NEU\capstone\data\segments\wildfire\videoplayback_22_seg3.wav,Fire,FireDataset,5.0,train
X:\NEU\capstone\data\segments\wildfire\videoplayback_57_seg7.wav,Fire,FireDataset,5.0,train
X:\NEU\capstone\data\segments\wildfire\y2mate.com - DD Ambience  Building on Fire  Blaze Inferno Wood Cracking Collapsing Loud Stressing_07_seg8.wav,Fire,FireDataset,5.0,train
X:\NEU\capstone\data\segments\wildfire\y2mate.com - DD Ambience  Building on Fire  Blaze Inferno Wood Cracking Collapsing Loud Stressing_1_22_seg2.wav,Fire,FireDataset,5.0,train
X:\NEU\capstone\data\segments\wildfire\videoplayback_67_seg1.wav,Fire,FireDataset,5.0,train
X:\NEU\capstone\data\segments\wildfire\y2mate.com - DD Ambience  Building on Fire  Blaze Inferno Wood Cracking Collapsing Loud Stressing_24_seg9.wav,Fire,FireDataset,5.0,train
X:\NEU\capstone\data\segments\fsd50k\391253.wav,Wind,FSD50K,3.7713125,train
X:\NEU\capstone\data\segments\wildfire\y2mate.com - DD Ambience  Building on Fire  Blaze Inferno Wood Cracking Collapsing Loud Stressing_1_48_seg3.wav,Fire,FireDataset,5.0,train
X:\NEU\capstone\data\segments\wildfire\y2mate.com - DD Ambience  Building on Fire  Blaze Inferno Wood Cracking Collapsing Loud Stressing_69_seg8.wav,Fire,FireDataset,5.0,train
X:\NEU\capstone\data\segments\wildfire\videoplayback_36_seg3.wav,Fire,FireDataset,5.0,val
X:\NEU\capstone\data\segments\wildfire\y2mate.com - DD Ambience  Building on Fire  Blaze Inferno Wood Cracking Collapsing Loud Stressing_1_20_seg1.wav,Fire,FireDataset,5.0,train
X:\NEU\capstone\data\segments\fsd50k\220220.wav,Train,FSD50K,26.9359375,train
X:\NEU\capstone\data\segments\fsd50k\191334.wav,Train,FSD50K,28.4985625,val
X:\NEU\capstone\data\segments\fsd50k\51741.wav,Train,FSD50K,4.9,val
X:\NEU\capstone\data\segments\fsd50k\347393.wav,Water,FSD50K,19.4100625,val
X:\NEU\capstone\data\segments\wildfire\videoplayback_46_seg9.wav,Fire,FireDataset,5.0,train
X:\NEU\capstone\data\segments\wildfire\y2mate.com - DD Ambience  Building on Fire  Blaze Inferno Wood Cracking Collapsing Loud Stressing_1_44_seg7.wav,Fire,FireDataset,5.0,train
X:\NEU\capstone\data\segments\fsd50k\182711.wav,Water,FSD50K,29.9711875,train
X:\NEU\capstone\data\segments\fsd50k\185417.wav,Fire,FSD50K,10.963125,test
X:\NEU\capstone\data\segments\fsd50k\418296.wav,Train,FSD50K,11.5983125,test
X:\NEU\capstone\data\segments\fsd50k\242048.wav,Thunder,FSD50K,15.0426875,train
X:\NEU\capstone\data\segments\wildfire\y2mate.com - DD Ambience  Building on Fire  Blaze Inferno Wood Cracking Collapsing Loud Stressing_56_seg8.wav,Fire,FireDataset,5.0,train
X:\NEU\capstone\data\segments\fsd50k\199959.wav,Thunder,FSD50K,18.80575,train
X:\NEU\capstone\data\segments\fsd50k\126429.wav,Train,FSD50K,16.8509375,train
X:\NEU\capstone\data\segments\fsd50k\179907.wav,Wind,FSD50K,5.31925,train
X:\NEU\capstone\data\segments\fsd50k\351687.wav,Fire,FSD50K,0.7923125,train
X:\NEU\capstone\data\segments\fsd50k\273663.wav,Fire,FSD50K,0.839375,train
X:\NEU\capstone\data\segments\wildfire\y2mate.com - DD Ambience  Building on Fire  Blaze Inferno Wood Cracking Collapsing Loud Stressing_67_seg7.wav,Fire,FireDataset,5.0,train
X:\NEU\capstone\data\segments\wildfire\videoplayback_66_seg6.wav,Fire,FireDataset,5.0,test
X:\NEU\capstone\data\segments\fsd50k\242016.wav,Thunder,FSD50K,18.4685625,train
X:\NEU\capstone\data\segments\wildfire\y2mate.com - DD Ambience  Building on Fire  Blaze Inferno Wood Cracking Collapsing Loud Stressing_70_seg2.wav,Fire,FireDataset,5.0,test
X:\NEU\capstone\data\segments\wildfire\videoplayback_32_seg8.wav,Fire,FireDataset,5.0,train
X:\NEU\capstone\data\segments\fsd50k\48510.wav,Thunder,FSD50K,13.714125,train
X:\NEU\capstone\data\segments\wildfire\y2mate.com - DD Ambience  Building on Fire  Blaze Inferno Wood Cracking Collapsing Loud Stressing_1_72_seg5.wav,Fire,FireDataset,5.0,test
X:\NEU\capstone\data\segments\wildfire\y2mate.com - DD Ambience  Building on Fire  Blaze Inferno Wood Cracking Collapsing Loud Stressing_1_62_seg3.wav,Fire,FireDataset,5.0,test
X:\NEU\capstone\data\segments\wildfire\y2mate.com - DD Ambience  Building on Fire  Blaze Inferno Wood Cracking Collapsing Loud Stressing_34_seg4.wav,Fire,FireDataset,5.0,train
X:\NEU\capstone\data\segments\wildfire\y2mate.com - DD Ambience  Building on Fire  Blaze Inferno Wood Cracking Collapsing Loud Stressing_1_28_seg1.wav,Fire,FireDataset,5.0,val
X:\NEU\capstone\data\segments\wildfire\y2mate.com - DD Ambience  Building on Fire  Blaze Inferno Wood Cracking Collapsing Loud Stressing_1_64_seg9.wav,Fire,FireDataset,5.0,train
X:\NEU\capstone\data\segments\wildfire\videoplayback_02_seg6.wav,Fire,FireDataset,5.0,train
X:\NEU\capstone\data\segments\fsd50k\333006.wav,Train,FSD50K,5.3198125,train
X:\NEU\capstone\data\segments\wildfire\y2mate.com - DD Ambience  Building on Fire  Blaze Inferno Wood Cracking Collapsing Loud Stressing_41_seg2.wav,Fire,FireDataset,5.0,train
X:\NEU\capstone\data\segments\fsd50k\424384.wav,Fire,FSD50K,6.0,train
X:\NEU\capstone\data\segments\fsd50k\251975.wav,Aircraft,FSD50K,21.438125,train
X:\NEU\capstone\data\segments\wildfire\videoplayback_13_seg1.wav,Fire,FireDataset,5.0,train
X:\NEU\capstone\data\segments\wildfire\y2mate.com - DD Ambience  Building on Fire  Blaze Inferno Wood Cracking Collapsing Loud Stressing_1_34_seg3.wav,Fire,FireDataset,5.0,train
X:\NEU\capstone\data\segments\fsd50k\380682.wav,Train,FSD50K,17.5333125,train
X:\NEU\capstone\data\segments\fsd50k\400414.wav,Fire,FSD50K,19.2959375,train
X:\NEU\capstone\data\segments\wildfire\y2mate.com - DD Ambience  Building on Fire  Blaze Inferno Wood Cracking Collapsing Loud Stressing_1_05_seg0.wav,Fire,FireDataset,5.0,train
X:\NEU\capstone\data\segments\fsd50k\219469.wav,Aircraft,FSD50K,17.591375,train
X:\NEU\capstone\data\segments\wildfire\y2mate.com - DD Ambience  Building on Fire  Blaze Inferno Wood Cracking Collapsing Loud Stressing_1_19_seg8.wav,Fire,FireDataset,5.0,train
X:\NEU\capstone\data\segments\fsd50k\22861.wav,Water,FSD50K,4.0,train
X:\NEU\capstone\data\segments\wildfire\y2mate.com - DD Ambience  Building on Fire  Blaze Inferno Wood Cracking Collapsing Loud Stressing_04_seg7.wav,Fire,FireDataset,5.0,train
X:\NEU\capstone\data\segments\wildfire\videoplayback_33_seg7.wav,Fire,FireDataset,5.0,train
X:\NEU\capstone\data\segments\fsd50k\161503.wav,Thunder,FSD50K,20.3406875,train
X:\NEU\capstone\data\segments\fsd50k\420307.wav,Wind,FSD50K,1.0813125,val
X:\NEU\capstone\data\segments\fsd50k\55377.wav,Train,FSD50K,24.5810625,train
X:\NEU\capstone\data\segments\fsd50k\112679.wav,Train,FSD50K,13.2948125,train
X:\NEU\capstone\data\segments\fsd50k\399214.wav,Fire,FSD50K,2.151,train
X:\NEU\capstone\data\segments\wildfire\y2mate.com - DD Ambience  Building on Fire  Blaze Inferno Wood Cracking Collapsing Loud Stressing_07_seg1.wav,Fire,FireDataset,5.0,train
X:\NEU\capstone\data\segments\fsd50k\182120.wav,Fire,FSD50K,4.62075,train
X:\NEU\capstone\data\segments\wildfire\videoplayback_70_seg5.wav,Fire,FireDataset,5.0,train
X:\NEU\capstone\data\segments\fsd50k\160485.wav,Fire,FSD50K,3.9923125,train
X:\NEU\capstone\data\segments\wildfire\y2mate.com - DD Ambience  Building on Fire  Blaze Inferno Wood Cracking Collapsing Loud Stressing_33_seg7.wav,Fire,FireDataset,5.0,train
X:\NEU\capstone\data\segments\wildfire\videoplayback_18_seg3.wav,Fire,FireDataset,5.0,train
X:\NEU\capstone\data\segments\wildfire\y2mate.com - DD Ambience  Building on Fire  Blaze Inferno Wood Cracking Collapsing Loud Stressing_1_10_seg3.wav,Fire,FireDataset,5.0,train
X:\NEU\capstone\data\segments\wildfire\y2mate.com - DD Ambience  Building on Fire  Blaze Inferno Wood Cracking Collapsing Loud Stressing_35_seg8.wav,Fire,FireDataset,5.0,train
X:\NEU\capstone\data\segments\fsd50k\100150.wav,Aircraft,FSD50K,6.8701875,train
X:\NEU\capstone\data\segments\wildfire\y2mate.com - DD Ambience  Building on Fire  Blaze Inferno Wood Cracking Collapsing Loud Stressing_1_13_seg7.wav,Fire,FireDataset,5.0,val
X:\NEU\capstone\data\segments\wildfire\y2mate.com - DD Ambience  Building on Fire  Blaze Inferno Wood Cracking Collapsing Loud Stressing_50_seg7.wav,Fire,FireDataset,5.0,train
X:\NEU\capstone\data\segments\fsd50k\48509.wav,Thunder,FSD50K,4.806375,train
X:\NEU\capstone\data\segments\wildfire\y2mate.com - DD Ambience  Building on Fire  Blaze Inferno Wood Cracking Collapsing Loud Stressing_1_40_seg7.wav,Fire,FireDataset,5.0,train
X:\NEU\capstone\data\segments\wildfire\y2mate.com - DD Ambience  Building on Fire  Blaze Inferno Wood Cracking Collapsing Loud Stressing_1_36_seg9.wav,Fire,FireDataset,5.0,train
X:\NEU\capstone\data\segments\wildfire\videoplayback_65_seg5.wav,Fire,FireDataset,5.0,train
X:\NEU\capstone\data\segments\wildfire\videoplayback_57_seg6.wav,Fire,FireDataset,5.0,train
X:\NEU\capstone\data\segments\wildfire\videoplayback_21_seg9.wav,Fire,FireDataset,5.0,train
X:\NEU\capstone\data\segments\fsd50k\25378.wav,Thunder,FSD50K,29.35,train
X:\NEU\capstone\data\segments\fsd50k\161102.wav,Aircraft,FSD50K,27.4608125,train
X:\NEU\capstone\data\segments\wildfire\y2mate.com - DD Ambience  Building on Fire  Blaze Inferno Wood Cracking Collapsing Loud Stressing_46_seg5.wav,Fire,FireDataset,5.0,test
X:\NEU\capstone\data\segments\wildfire\y2mate.com - DD Ambience  Building on Fire  Blaze Inferno Wood Cracking Collapsing Loud Stressing_69_seg3.wav,Fire,FireDataset,5.0,train
X:\NEU\capstone\data\segments\wildfire\y2mate.com - DD Ambience  Building on Fire  Blaze Inferno Wood Cracking Collapsing Loud Stressing_1_04_seg7.wav,Fire,FireDataset,5.0,test
X:\NEU\capstone\data\segments\wildfire\videoplayback_12_seg4.wav,Fire,FireDataset,5.0,train
X:\NEU\capstone\data\segments\fsd50k\420297.wav,Wind,FSD50K,2.17,val
X:\NEU\capstone\data\segments\wildfire\y2mate.com - DD Ambience  Building on Fire  Blaze Inferno Wood Cracking Collapsing Loud Stressing_1_09_seg3.wav,Fire,FireDataset,5.0,train
X:\NEU\capstone\data\segments\wildfire\y2mate.com - DD Ambience  Building on Fire  Blaze Inferno Wood Cracking Collapsing Loud Stressing_1_59_seg6.wav,Fire,FireDataset,5.0,val
X:\NEU\capstone\data\segments\fsd50k\196104.wav,Fire,FSD50K,4.7080625,val
X:\NEU\capstone\data\segments\wildfire\y2mate.com - DD Ambience  Building on Fire  Blaze Inferno Wood Cracking Collapsing Loud Stressing_1_65_seg4.wav,Fire,FireDataset,5.0,train
X:\NEU\capstone\data\segments\wildfire\y2mate.com - DD Ambience  Building on Fire  Blaze Inferno Wood Cracking Collapsing Loud Stressing_62_seg6.wav,Fire,FireDataset,5.0,train
X:\NEU\capstone\data\segments\wildfire\videoplayback_67_seg8.wav,Fire,FireDataset,5.0,train
X:\NEU\capstone\data\segments\wildfire\y2mate.com - DD Ambience  Building on Fire  Blaze Inferno Wood Cracking Collapsing Loud Stressing_1_22_seg4.wav,Fire,FireDataset,5.0,train
X:\NEU\capstone\data\segments\wildfire\videoplayback_38_seg4.wav,Fire,FireDataset,5.0,train
X:\NEU\capstone\data\segments\fsd50k\277749.wav,Water,FSD50K,19.0285625,test
X:\NEU\capstone\data\segments\wildfire\videoplayback_45_seg2.wav,Fire,FireDataset,5.0,train
X:\NEU\capstone\data\segments\wildfire\videoplayback_41_seg3.wav,Fire,FireDataset,5.0,train
X:\NEU\capstone\data\segments\wildfire\videoplayback_26_seg5.wav,Fire,FireDataset,5.0,train
X:\NEU\capstone\data\segments\fsd50k\57180.wav,Thunder,FSD50K,20.449,train
X:\NEU\capstone\data\segments\fsd50k\420312.wav,Wind,FSD50K,12.7013125,val
X:\NEU\capstone\data\segments\wildfire\videoplayback_02_seg0.wav,Fire,FireDataset,5.0,train
X:\NEU\capstone\data\segments\fsd50k\418099.wav,Water,FSD50K,9.0,train
X:\NEU\capstone\data\segments\fsd50k\112047.wav,Train,FSD50K,11.1291875,test
X:\NEU\capstone\data\segments\wildfire\y2mate.com - DD Ambience  Building on Fire  Blaze Inferno Wood Cracking Collapsing Loud Stressing_16_seg8.wav,Fire,FireDataset,5.0,train
X:\NEU\capstone\data\segments\wildfire\videoplayback_44_seg9.wav,Fire,FireDataset,5.0,train
X:\NEU\capstone\data\segments\wildfire\videoplayback_40_seg6.wav,Fire,FireDataset,5.0,test
X:\NEU\capstone\data\segments\fsd50k\147252.wav,Fire,FSD50K,7.1585,train
X:\NEU\capstone\data\segments\wildfire\y2mate.com - DD Ambience  Building on Fire  Blaze Inferno Wood Cracking Collapsing Loud Stressing_43_seg9.wav,Fire,FireDataset,5.0,train
X:\NEU\capstone\data\segments\wildfire\y2mate.com - DD Ambience  Building on Fire  Blaze Inferno Wood Cracking Collapsing Loud Stressing_1_71_seg4.wav,Fire,FireDataset,5.0,train
X:\NEU\capstone\data\segments\wildfire\y2mate.com - DD Ambience  Building on Fire  Blaze Inferno Wood Cracking Collapsing Loud Stressing_1_51_seg6.wav,Fire,FireDataset,5.0,test
X:\NEU\capstone\data\segments\wildfire\videoplayback_63_seg2.wav,Fire,FireDataset,5.0,train
X:\NEU\capstone\data\segments\wildfire\y2mate.com - DD Ambience  Building on Fire  Blaze Inferno Wood Cracking Collapsing Loud Stressing_40_seg9.wav,Fire,FireDataset,5.0,train
X:\NEU\capstone\data\segments\fsd50k\112804.wav,Train,FSD50K,11.3134375,train
X:\NEU\capstone\data\segments\wildfire\videoplayback_58_seg8.wav,Fire,FireDataset,5.0,train
X:\NEU\capstone\data\segments\wildfire\videoplayback_07_seg1.wav,Fire,FireDataset,5.0,train
X:\NEU\capstone\data\segments\fsd50k\199688.wav,Wind,FSD50K,17.97225,train
X:\NEU\capstone\data\segments\wildfire\y2mate.com - DD Ambience  Building on Fire  Blaze Inferno Wood Cracking Collapsing Loud Stressing_1_35_seg9.wav,Fire,FireDataset,5.0,train
X:\NEU\capstone\data\segments\fsd50k\244581.wav,Thunder,FSD50K,20.5105,train
X:\NEU\capstone\data\segments\wildfire\videoplayback_61_seg5.wav,Fire,FireDataset,5.0,train
X:\NEU\capstone\data\segments\wildfire\y2mate.com - DD Ambience  Building on Fire  Blaze Inferno Wood Cracking Collapsing Loud Stressing_44_seg8.wav,Fire,FireDataset,5.0,val
X:\NEU\capstone\data\segments\wildfire\y2mate.com - DD Ambience  Building on Fire  Blaze Inferno Wood Cracking Collapsing Loud Stressing_1_65_seg6.wav,Fire,FireDataset,5.0,train
X:\NEU\capstone\data\segments\wildfire\y2mate.com - DD Ambience  Building on Fire  Blaze Inferno Wood Cracking Collapsing Loud Stressing_45_seg9.wav,Fire,FireDataset,5.0,train
X:\NEU\capstone\data\segments\fsd50k\201257.wav,Fire,FSD50K,4.0,train
X:\NEU\capstone\data\segments\fsd50k\273994.wav,Water,FSD50K,1.527,test
X:\NEU\capstone\data\segments\wildfire\y2mate.com - DD Ambience  Building on Fire  Blaze Inferno Wood Cracking Collapsing Loud Stressing_1_12_seg3.wav,Fire,FireDataset,5.0,train
X:\NEU\capstone\data\segments\wildfire\videoplayback_48_seg3.wav,Fire,FireDataset,5.0,test
X:\NEU\capstone\data\segments\wildfire\videoplayback_44_seg5.wav,Fire,FireDataset,5.0,train
X:\NEU\capstone\data\segments\wildfire\videoplayback_43_seg1.wav,Fire,FireDataset,5.0,train
X:\NEU\capstone\data\segments\fsd50k\275494.wav,Fire,FSD50K,0.9435,val
X:\NEU\capstone\data\segments\fsd50k\151199.wav,Thunder,FSD50K,9.542375,train
X:\NEU\capstone\data\segments\wildfire\y2mate.com - DD Ambience  Building on Fire  Blaze Inferno Wood Cracking Collapsing Loud Stressing_71_seg9.wav,Fire,FireDataset,5.0,train
X:\NEU\capstone\data\segments\wildfire\y2mate.com - DD Ambience  Building on Fire  Blaze Inferno Wood Cracking Collapsing Loud Stressing_1_17_seg4.wav,Fire,FireDataset,5.0,train
X:\NEU\capstone\data\segments\wildfire\y2mate.com - DD Ambience  Building on Fire  Blaze Inferno Wood Cracking Collapsing Loud Stressing_1_44_seg5.wav,Fire,FireDataset,5.0,val
X:\NEU\capstone\data\segments\fsd50k\174023.wav,Train,FSD50K,19.246875,test
X:\NEU\capstone\data\segments\wildfire\y2mate.com - DD Ambience  Building on Fire  Blaze Inferno Wood Cracking Collapsing Loud Stressing_1_59_seg4.wav,Fire,FireDataset,5.0,train
X:\NEU\capstone\data\segments\fsd50k\182923.wav,Wind,FSD50K,4.355625,train
X:\NEU\capstone\data\segments\wildfire\videoplayback_68_seg8.wav,Fire,FireDataset,5.0,train
X:\NEU\capstone\data\segments\wildfire\videoplayback_69_seg5.wav,Fire,FireDataset,5.0,train
X:\NEU\capstone\data\segments\fsd50k\131205.wav,Fire,FSD50K,4.127375,train
X:\NEU\capstone\data\segments\wildfire\y2mate.com - DD Ambience  Building on Fire  Blaze Inferno Wood Cracking Collapsing Loud Stressing_1_37_seg1.wav,Fire,FireDataset,5.0,train
X:\NEU\capstone\data\segments\fsd50k\272003.wav,Fire,FSD50K,8.394125,train
X:\NEU\capstone\data\segments\wildfire\y2mate.com - DD Ambience  Building on Fire  Blaze Inferno Wood Cracking Collapsing Loud Stressing_1_55_seg6.wav,Fire,FireDataset,5.0,train
X:\NEU\capstone\data\segments\wildfire\y2mate.com - DD Ambience  Building on Fire  Blaze Inferno Wood Cracking Collapsing Loud Stressing_1_20_seg7.wav,Fire,FireDataset,5.0,test
X:\NEU\capstone\data\segments\fsd50k\251968.wav,Aircraft,FSD50K,16.497625,train
X:\NEU\capstone\data\segments\fsd50k\240791.wav,Thunder,FSD50K,6.047875,val
X:\NEU\capstone\data\segments\fsd50k\419932.wav,Train,FSD50K,19.0039375,train
X:\NEU\capstone\data\segments\fsd50k\248236.wav,Fire,FSD50K,6.1048125,val
X:\NEU\capstone\data\segments\fsd50k\186540.wav,Fire,FSD50K,7.2506875,train
X:\NEU\capstone\data\segments\wildfire\y2mate.com - DD Ambience  Building on Fire  Blaze Inferno Wood Cracking Collapsing Loud Stressing_41_seg5.wav,Fire,FireDataset,5.0,train
X:\NEU\capstone\data\segments\wildfire\y2mate.com - DD Ambience  Building on Fire  Blaze Inferno Wood Cracking Collapsing Loud Stressing_1_38_seg7.wav,Fire,FireDataset,5.0,train
X:\NEU\capstone\data\segments\wildfire\videoplayback_27_seg7.wav,Fire,FireDataset,5.0,val
X:\NEU\capstone\data\segments\wildfire\videoplayback_67_seg0.wav,Fire,FireDataset,5.0,train
X:\NEU\capstone\data\segments\fsd50k\399215.wav,Fire,FSD50K,0.744875,test
X:\NEU\capstone\data\segments\fsd50k\370982.wav,Fire,FSD50K,12.8179375,train
X:\NEU\capstone\data\segments\fsd50k\360638.wav,Water,FSD50K,19.752,train
X:\NEU\capstone\data\segments\wildfire\y2mate.com - DD Ambience  Building on Fire  Blaze Inferno Wood Cracking Collapsing Loud Stressing_1_50_seg4.wav,Fire,FireDataset,5.0,train
X:\NEU\capstone\data\segments\wildfire\videoplayback_24_seg0.wav,Fire,FireDataset,5.0,train
X:\NEU\capstone\data\segments\wildfire\y2mate.com - DD Ambience  Building on Fire  Blaze Inferno Wood Cracking Collapsing Loud Stressing_54_seg4.wav,Fire,FireDataset,5.0,train
X:\NEU\capstone\data\segments\wildfire\y2mate.com - DD Ambience  Building on Fire  Blaze Inferno Wood Cracking Collapsing Loud Stressing_38_seg5.wav,Fire,FireDataset,5.0,train
X:\NEU\capstone\data\segments\wildfire\y2mate.com - DD Ambience  Building on Fire  Blaze Inferno Wood Cracking Collapsing Loud Stressing_1_08_seg7.wav,Fire,FireDataset,5.0,val
X:\NEU\capstone\data\segments\fsd50k\241195.wav,Water,FSD50K,7.572625,train
X:\NEU\capstone\data\segments\fsd50k\102709.wav,Fire,FSD50K,9.3564375,train
X:\NEU\capstone\data\segments\wildfire\videoplayback_07_seg5.wav,Fire,FireDataset,5.0,train
X:\NEU\capstone\data\segments\wildfire\y2mate.com - DD Ambience  Building on Fire  Blaze Inferno Wood Cracking Collapsing Loud Stressing_45_seg3.wav,Fire,FireDataset,5.0,train
X:\NEU\capstone\data\segments\wildfire\videoplayback_45_seg9.wav,Fire,FireDataset,5.0,train
X:\NEU\capstone\data\segments\wildfire\y2mate.com - DD Ambience  Building on Fire  Blaze Inferno Wood Cracking Collapsing Loud Stressing_61_seg6.wav,Fire,FireDataset,5.0,train
X:\NEU\capstone\data\segments\wildfire\y2mate.com - DD Ambience  Building on Fire  Blaze Inferno Wood Cracking Collapsing Loud Stressing_59_seg2.wav,Fire,FireDataset,5.0,train
X:\NEU\capstone\data\segments\wildfire\videoplayback_07_seg0.wav,Fire,FireDataset,5.0,train
X:\NEU\capstone\data\segments\fsd50k\386667.wav,Wind,FSD50K,7.444,train
X:\NEU\capstone\data\segments\wildfire\y2mate.com - DD Ambience  Building on Fire  Blaze Inferno Wood Cracking Collapsing Loud Stressing_1_61_seg6.wav,Fire,FireDataset,5.0,train
X:\NEU\capstone\data\segments\fsd50k\280205.wav,Wind,FSD50K,9.685375,val
X:\NEU\capstone\data\segments\wildfire\videoplayback_30_seg8.wav,Fire,FireDataset,5.0,train
X:\NEU\capstone\data\segments\wildfire\y2mate.com - DD Ambience  Building on Fire  Blaze Inferno Wood Cracking Collapsing Loud Stressing_21_seg0.wav,Fire,FireDataset,5.0,train
X:\NEU\capstone\data\segments\fsd50k\347821.wav,Train,FSD50K,15.58025,train
X:\NEU\capstone\data\segments\fsd50k\116961.wav,Water,FSD50K,7.862875,val
X:\NEU\capstone\data\segments\wildfire\y2mate.com - DD Ambience  Building on Fire  Blaze Inferno Wood Cracking Collapsing Loud Stressing_1_50_seg5.wav,Fire,FireDataset,5.0,train
X:\NEU\capstone\data\segments\wildfire\y2mate.com - DD Ambience  Building on Fire  Blaze Inferno Wood Cracking Collapsing Loud Stressing_1_02_seg6.wav,Fire,FireDataset,5.0,test
X:\NEU\capstone\data\segments\wildfire\videoplayback_41_seg4.wav,Fire,FireDataset,5.0,val
X:\NEU\capstone\data\segments\wildfire\videoplayback_52_seg6.wav,Fire,FireDataset,5.0,train
X:\NEU\capstone\data\segments\fsd50k\186932.wav,Fire,FSD50K,4.2710625,train
X:\NEU\capstone\data\segments\fsd50k\380685.wav,Train,FSD50K,16.0,train
X:\NEU\capstone\data\segments\wildfire\y2mate.com - DD Ambience  Building on Fire  Blaze Inferno Wood Cracking Collapsing Loud Stressing_1_63_seg8.wav,Fire,FireDataset,5.0,train
X:\NEU\capstone\data\segments\wildfire\y2mate.com - DD Ambience  Building on Fire  Blaze Inferno Wood Cracking Collapsing Loud Stressing_1_47_seg0.wav,Fire,FireDataset,5.0,train
X:\NEU\capstone\data\segments\fsd50k\391859.wav,Wind,FSD50K,1.0,val
X:\NEU\capstone\data\segments\wildfire\videoplayback_45_seg5.wav,Fire,FireDataset,5.0,train
X:\NEU\capstone\data\segments\fsd50k\74334.wav,Fire,FSD50K,7.48025,train
X:\NEU\capstone\data\segments\fsd50k\166544.wav,Fire,FSD50K,18.8785625,train
X:\NEU\capstone\data\segments\wildfire\y2mate.com - DD Ambience  Building on Fire  Blaze Inferno Wood Cracking Collapsing Loud Stressing_49_seg8.wav,Fire,FireDataset,5.0,val
X:\NEU\capstone\data\segments\wildfire\y2mate.com - DD Ambience  Building on Fire  Blaze Inferno Wood Cracking Collapsing Loud Stressing_1_50_seg6.wav,Fire,FireDataset,5.0,test
X:\NEU\capstone\data\segments\fsd50k\195466.wav,Train,FSD50K,26.6565,train
X:\NEU\capstone\data\segments\fsd50k\427417.wav,Thunder,FSD50K,16.0,train
X:\NEU\capstone\data\segments\fsd50k\69646.wav,Train,FSD50K,17.9405625,train
X:\NEU\capstone\data\segments\wildfire\y2mate.com - DD Ambience  Building on Fire  Blaze Inferno Wood Cracking Collapsing Loud Stressing_1_53_seg7.wav,Fire,FireDataset,5.0,train
X:\NEU\capstone\data\segments\fsd50k\431299.wav,Water,FSD50K,23.64,train
X:\NEU\capstone\data\segments\wildfire\y2mate.com - DD Ambience  Building on Fire  Blaze Inferno Wood Cracking Collapsing Loud Stressing_1_39_seg2.wav,Fire,FireDataset,5.0,train
X:\NEU\capstone\data\segments\wildfire\videoplayback_61_seg2.wav,Fire,FireDataset,5.0,train
X:\NEU\capstone\data\segments\fsd50k\112698.wav,Train,FSD50K,10.8998125,train
X:\NEU\capstone\data\segments\fsd50k\190674.wav,Wind,FSD50K,18.6246875,test
X:\NEU\capstone\data\segments\fsd50k\134957.wav,Water,FSD50K,23.02,train
X:\NEU\capstone\data\segments\fsd50k\378173.wav,Wind,FSD50K,9.9961875,train
X:\NEU\capstone\data\segments\fsd50k\17298.wav,Fire,FSD50K,20.9204375,val
X:\NEU\capstone\data\segments\wildfire\videoplayback_29_seg5.wav,Fire,FireDataset,5.0,val
X:\NEU\capstone\data\segments\wildfire\videoplayback_01_seg8.wav,Fire,FireDataset,5.0,test
X:\NEU\capstone\data\segments\fsd50k\79866.wav,Water,FSD50K,7.1676875,train
X:\NEU\capstone\data\segments\fsd50k\351503.wav,Wind,FSD50K,9.216375,train
X:\NEU\capstone\data\segments\wildfire\videoplayback_27_seg9.wav,Fire,FireDataset,5.0,val
X:\NEU\capstone\data\segments\wildfire\y2mate.com - DD Ambience  Building on Fire  Blaze Inferno Wood Cracking Collapsing Loud Stressing_1_56_seg5.wav,Fire,FireDataset,5.0,train
X:\NEU\capstone\data\segments\fsd50k\178738.wav,Fire,FSD50K,7.1244375,train
X:\NEU\capstone\data\segments\wildfire\y2mate.com - DD Ambience  Building on Fire  Blaze Inferno Wood Cracking Collapsing Loud Stressing_1_69_seg4.wav,Fire,FireDataset,5.0,train
X:\NEU\capstone\data\segments\wildfire\videoplayback_47_seg3.wav,Fire,FireDataset,5.0,val
X:\NEU\capstone\data\segments\fsd50k\74470.wav,Thunder,FSD50K,20.6115625,train
X:\NEU\capstone\data\segments\wildfire\y2mate.com - DD Ambience  Building on Fire  Blaze Inferno Wood Cracking Collapsing Loud Stressing_19_seg7.wav,Fire,FireDataset,5.0,train
X:\NEU\capstone\data\segments\fsd50k\316894.wav,Water,FSD50K,25.4793125,train
X:\NEU\capstone\data\segments\fsd50k\420221.wav,Water,FSD50K,14.335875,train
X:\NEU\capstone\data\segments\wildfire\y2mate.com - DD Ambience  Building on Fire  Blaze Inferno Wood Cracking Collapsing Loud Stressing_1_18_seg4.wav,Fire,FireDataset,5.0,train
X:\NEU\capstone\data\segments\wildfire\videoplayback_40_seg3.wav,Fire,FireDataset,5.0,val
X:\NEU\capstone\data\segments\fsd50k\238039.wav,Wind,FSD50K,18.4615625,test
X:\NEU\capstone\data\segments\fsd50k\112741.wav,Water,FSD50K,1.846,train
X:\NEU\capstone\data\segments\fsd50k\277011.wav,Train,FSD50K,19.5049375,train
X:\NEU\capstone\data\segments\wildfire\y2mate.com - DD Ambience  Building on Fire  Blaze Inferno Wood Cracking Collapsing Loud Stressing_1_26_seg8.wav,Fire,FireDataset,5.0,train
X:\NEU\capstone\data\segments\wildfire\videoplayback_35_seg0.wav,Fire,FireDataset,5.0,train
X:\NEU\capstone\data\segments\fsd50k\141274.wav,Train,FSD50K,15.09875,train
X:\NEU\capstone\data\segments\wildfire\y2mate.com - DD Ambience  Building on Fire  Blaze Inferno Wood Cracking Collapsing Loud Stressing_1_40_seg0.wav,Fire,FireDataset,5.0,train
X:\NEU\capstone\data\segments\wildfire\videoplayback_57_seg1.wav,Fire,FireDataset,5.0,train
X:\NEU\capstone\data\segments\fsd50k\66751.wav,Wind,FSD50K,2.2204375,train
X:\NEU\capstone\data\segments\wildfire\y2mate.com - DD Ambience  Building on Fire  Blaze Inferno Wood Cracking Collapsing Loud Stressing_1_42_seg8.wav,Fire,FireDataset,5.0,test
X:\NEU\capstone\data\segments\fsd50k\278176.wav,Train,FSD50K,20.1471875,train
X:\NEU\capstone\data\segments\wildfire\y2mate.com - DD Ambience  Building on Fire  Blaze Inferno Wood Cracking Collapsing Loud Stressing_1_43_seg6.wav,Fire,FireDataset,5.0,train
X:\NEU\capstone\data\segments\fsd50k\80372.wav,Train,FSD50K,9.72,train
X:\NEU\capstone\data\segments\wildfire\y2mate.com - DD Ambience  Building on Fire  Blaze Inferno Wood Cracking Collapsing Loud Stressing_63_seg6.wav,Fire,FireDataset,5.0,train
X:\NEU\capstone\data\segments\fsd50k\343690.wav,Aircraft,FSD50K,25.85,train
X:\NEU\capstone\data\segments\fsd50k\83790.wav,Train,FSD50K,1.424,train
X:\NEU\capstone\data\segments\fsd50k\254809.wav,Train,FSD50K,13.0,train
X:\NEU\capstone\data\segments\fsd50k\131206.wav,Fire,FSD50K,0.793625,train
X:\NEU\capstone\data\segments\fsd50k\387524.wav,Fire,FSD50K,21.3159375,train
X:\NEU\capstone\data\segments\wildfire\y2mate.com - DD Ambience  Building on Fire  Blaze Inferno Wood Cracking Collapsing Loud Stressing_1_37_seg2.wav,Fire,FireDataset,5.0,train
X:\NEU\capstone\data\segments\fsd50k\398737.wav,Water,FSD50K,22.332625,val
X:\NEU\capstone\data\segments\wildfire\y2mate.com - DD Ambience  Building on Fire  Blaze Inferno Wood Cracking Collapsing Loud Stressing_1_06_seg2.wav,Fire,FireDataset,5.0,train
X:\NEU\capstone\data\segments\fsd50k\244413.wav,Fire,FSD50K,10.00775,train
X:\NEU\capstone\data\segments\wildfire\y2mate.com - DD Ambience  Building on Fire  Blaze Inferno Wood Cracking Collapsing Loud Stressing_04_seg5.wav,Fire,FireDataset,5.0,train
X:\NEU\capstone\data\segments\wildfire\videoplayback_22_seg4.wav,Fire,FireDataset,5.0,train
X:\NEU\capstone\data\segments\wildfire\videoplayback_43_seg9.wav,Fire,FireDataset,5.0,train
X:\NEU\capstone\data\segments\fsd50k\26839.wav,Train,FSD50K,6.549375,train
X:\NEU\capstone\data\segments\fsd50k\48521.wav,Thunder,FSD50K,26.0701875,train
X:\NEU\capstone\data\segments\wildfire\videoplayback_46_seg8.wav,Fire,FireDataset,5.0,train
X:\NEU\capstone\data\segments\wildfire\y2mate.com - DD Ambience  Building on Fire  Blaze Inferno Wood Cracking Collapsing Loud Stressing_1_39_seg8.wav,Fire,FireDataset,5.0,train
X:\NEU\capstone\data\segments\wildfire\y2mate.com - DD Ambience  Building on Fire  Blaze Inferno Wood Cracking Collapsing Loud Stressing_48_seg5.wav,Fire,FireDataset,5.0,train
X:\NEU\capstone\data\segments\fsd50k\74329.wav,Fire,FSD50K,4.9958125,test
X:\NEU\capstone\data\segments\fsd50k\190672.wav,Wind,FSD50K,5.21175,val
X:\NEU\capstone\data\segments\fsd50k\328113.wav,Train,FSD50K,26.354625,train
X:\NEU\capstone\data\segments\fsd50k\51450.wav,Fire,FSD50K,4.0,train
X:\NEU\capstone\data\segments\fsd50k\156310.wav,Fire,FSD50K,20.6169375,train
X:\NEU\capstone\data\segments\wildfire\videoplayback_59_seg6.wav,Fire,FireDataset,5.0,train
X:\NEU\capstone\data\segments\fsd50k\193298.wav,Fire,FSD50K,6.384,train
X:\NEU\capstone\data\segments\wildfire\videoplayback_21_seg3.wav,Fire,FireDataset,5.0,test
X:\NEU\capstone\data\segments\fsd50k\231920.wav,Wind,FSD50K,11.3113125,train
X:\NEU\capstone\data\segments\fsd50k\219520.wav,Fire,FSD50K,9.1946875,train
X:\NEU\capstone\data\segments\wildfire\videoplayback_20_seg5.wav,Fire,FireDataset,5.0,train
X:\NEU\capstone\data\segments\wildfire\videoplayback_41_seg1.wav,Fire,FireDataset,5.0,train
X:\NEU\capstone\data\segments\fsd50k\16748.wav,Water,FSD50K,1.0215,train
X:\NEU\capstone\data\segments\fsd50k\120393.wav,Thunder,FSD50K,27.3071875,train
X:\NEU\capstone\data\segments\wildfire\y2mate.com - DD Ambience  Building on Fire  Blaze Inferno Wood Cracking Collapsing Loud Stressing_23_seg6.wav,Fire,FireDataset,5.0,test
X:\NEU\capstone\data\segments\wildfire\y2mate.com - DD Ambience  Building on Fire  Blaze Inferno Wood Cracking Collapsing Loud Stressing_1_59_seg1.wav,Fire,FireDataset,5.0,train
X:\NEU\capstone\data\segments\wildfire\videoplayback_58_seg5.wav,Fire,FireDataset,5.0,train
X:\NEU\capstone\data\segments\wildfire\y2mate.com - DD Ambience  Building on Fire  Blaze Inferno Wood Cracking Collapsing Loud Stressing_1_44_seg2.wav,Fire,FireDataset,5.0,train
X:\NEU\capstone\data\segments\wildfire\videoplayback_12_seg5.wav,Fire,FireDataset,5.0,val
X:\NEU\capstone\data\segments\wildfire\videoplayback_13_seg6.wav,Fire,FireDataset,5.0,train
X:\NEU\capstone\data\segments\wildfire\y2mate.com - DD Ambience  Building on Fire  Blaze Inferno Wood Cracking Collapsing Loud Stressing_1_01_seg6.wav,Fire,FireDataset,5.0,train
X:\NEU\capstone\data\segments\wildfire\y2mate.com - DD Ambience  Building on Fire  Blaze Inferno Wood Cracking Collapsing Loud Stressing_1_02_seg9.wav,Fire,FireDataset,5.0,train
X:\NEU\capstone\data\segments\wildfire\y2mate.com - DD Ambience  Building on Fire  Blaze Inferno Wood Cracking Collapsing Loud Stressing_65_seg8.wav,Fire,FireDataset,5.0,train
X:\NEU\capstone\data\segments\fsd50k\112676.wav,Train,FSD50K,14.5,val
X:\NEU\capstone\data\segments\fsd50k\29678.wav,Fire,FSD50K,7.3214375,train
X:\NEU\capstone\data\segments\wildfire\y2mate.com - DD Ambience  Building on Fire  Blaze Inferno Wood Cracking Collapsing Loud Stressing_1_38_seg5.wav,Fire,FireDataset,5.0,train
X:\NEU\capstone\data\segments\wildfire\videoplayback_07_seg4.wav,Fire,FireDataset,5.0,train
X:\NEU\capstone\data\segments\wildfire\y2mate.com - DD Ambience  Building on Fire  Blaze Inferno Wood Cracking Collapsing Loud Stressing_25_seg4.wav,Fire,FireDataset,5.0,train
X:\NEU\capstone\data\segments\fsd50k\112700.wav,Train,FSD50K,15.0,train
X:\NEU\capstone\data\segments\wildfire\y2mate.com - DD Ambience  Building on Fire  Blaze Inferno Wood Cracking Collapsing Loud Stressing_1_38_seg2.wav,Fire,FireDataset,5.0,val
X:\NEU\capstone\data\segments\wildfire\videoplayback_16_seg2.wav,Fire,FireDataset,5.0,test
X:\NEU\capstone\data\segments\wildfire\y2mate.com - DD Ambience  Building on Fire  Blaze Inferno Wood Cracking Collapsing Loud Stressing_02_seg6.wav,Fire,FireDataset,5.0,train
X:\NEU\capstone\data\segments\wildfire\videoplayback_11_seg4.wav,Fire,FireDataset,5.0,val
X:\NEU\capstone\data\segments\wildfire\y2mate.com - DD Ambience  Building on Fire  Blaze Inferno Wood Cracking Collapsing Loud Stressing_1_29_seg2.wav,Fire,FireDataset,5.0,train
X:\NEU\capstone\data\segments\fsd50k\179898.wav,Wind,FSD50K,6.41675,train
X:\NEU\capstone\data\segments\wildfire\y2mate.com - DD Ambience  Building on Fire  Blaze Inferno Wood Cracking Collapsing Loud Stressing_1_41_seg7.wav,Fire,FireDataset,5.0,test
X:\NEU\capstone\data\segments\fsd50k\41739.wav,Thunder,FSD50K,25.663625,train
X:\NEU\capstone\data\segments\fsd50k\209205.wav,Wind,FSD50K,14.835,train
X:\NEU\capstone\data\segments\fsd50k\45435.wav,Fire,FSD50K,22.8973125,val
X:\NEU\capstone\data\segments\fsd50k\420309.wav,Wind,FSD50K,1.001,train
X:\NEU\capstone\data\segments\wildfire\y2mate.com - DD Ambience  Building on Fire  Blaze Inferno Wood Cracking Collapsing Loud Stressing_56_seg1.wav,Fire,FireDataset,5.0,train
X:\NEU\capstone\data\segments\fsd50k\73272.wav,Thunder,FSD50K,23.2175,val
X:\NEU\capstone\data\segments\wildfire\y2mate.com - DD Ambience  Building on Fire  Blaze Inferno Wood Cracking Collapsing Loud Stressing_1_53_seg3.wav,Fire,FireDataset,5.0,train
X:\NEU\capstone\data\segments\wildfire\y2mate.com - DD Ambience  Building on Fire  Blaze Inferno Wood Cracking Collapsing Loud Stressing_1_03_seg2.wav,Fire,FireDataset,5.0,train
X:\NEU\capstone\data\segments\fsd50k\112805.wav,Train,FSD50K,12.43825,train
X:\NEU\capstone\data\segments\wildfire\y2mate.com - DD Ambience  Building on Fire  Blaze Inferno Wood Cracking Collapsing Loud Stressing_02_seg7.wav,Fire,FireDataset,5.0,train
X:\NEU\capstone\data\segments\wildfire\videoplayback_60_seg2.wav,Fire,FireDataset,5.0,train
X:\NEU\capstone\data\segments\wildfire\y2mate.com - DD Ambience  Building on Fire  Blaze Inferno Wood Cracking Collapsing Loud Stressing_20_seg7.wav,Fire,FireDataset,5.0,train
X:\NEU\capstone\data\segments\wildfire\y2mate.com - DD Ambience  Building on Fire  Blaze Inferno Wood Cracking Collapsing Loud Stressing_1_06_seg0.wav,Fire,FireDataset,5.0,val
X:\NEU\capstone\data\segments\wildfire\videoplayback_22_seg5.wav,Fire,FireDataset,5.0,train
X:\NEU\capstone\data\segments\wildfire\y2mate.com - DD Ambience  Building on Fire  Blaze Inferno Wood Cracking Collapsing Loud Stressing_1_27_seg6.wav,Fire,FireDataset,5.0,test
X:\NEU\capstone\data\segments\wildfire\y2mate.com - DD Ambience  Building on Fire  Blaze Inferno Wood Cracking Collapsing Loud Stressing_1_10_seg7.wav,Fire,FireDataset,5.0,test
X:\NEU\capstone\data\segments\wildfire\y2mate.com - DD Ambience  Building on Fire  Blaze Inferno Wood Cracking Collapsing Loud Stressing_1_46_seg9.wav,Fire,FireDataset,5.0,train
X:\NEU\capstone\data\segments\wildfire\videoplayback_57_seg4.wav,Fire,FireDataset,5.0,train
X:\NEU\capstone\data\segments\wildfire\y2mate.com - DD Ambience  Building on Fire  Blaze Inferno Wood Cracking Collapsing Loud Stressing_24_seg0.wav,Fire,FireDataset,5.0,train
X:\NEU\capstone\data\segments\wildfire\y2mate.com - DD Ambience  Building on Fire  Blaze Inferno Wood Cracking Collapsing Loud Stressing_1_29_seg5.wav,Fire,FireDataset,5.0,train
X:\NEU\capstone\data\segments\fsd50k\29677.wav,Fire,FSD50K,23.392875,train
X:\NEU\capstone\data\segments\wildfire\videoplayback_54_seg8.wav,Fire,FireDataset,5.0,train
X:\NEU\capstone\data\segments\wildfire\y2mate.com - DD Ambience  Building on Fire  Blaze Inferno Wood Cracking Collapsing Loud Stressing_18_seg9.wav,Fire,FireDataset,5.0,train
X:\NEU\capstone\data\segments\wildfire\videoplayback_69_seg2.wav,Fire,FireDataset,5.0,train
X:\NEU\capstone\data\segments\wildfire\videoplayback_63_seg6.wav,Fire,FireDataset,5.0,train
X:\NEU\capstone\data\segments\wildfire\videoplayback_06_seg8.wav,Fire,FireDataset,5.0,train
X:\NEU\capstone\data\segments\wildfire\videoplayback_46_seg2.wav,Fire,FireDataset,5.0,train
X:\NEU\capstone\data\segments\wildfire\y2mate.com - DD Ambience  Building on Fire  Blaze Inferno Wood Cracking Collapsing Loud Stressing_29_seg7.wav,Fire,FireDataset,5.0,train
X:\NEU\capstone\data\segments\wildfire\y2mate.com - DD Ambience  Building on Fire  Blaze Inferno Wood Cracking Collapsing Loud Stressing_18_seg7.wav,Fire,FireDataset,5.0,train
X:\NEU\capstone\data\segments\wildfire\videoplayback_62_seg9.wav,Fire,FireDataset,5.0,val
X:\NEU\capstone\data\segments\wildfire\videoplayback_51_seg7.wav,Fire,FireDataset,5.0,train
X:\NEU\capstone\data\segments\wildfire\videoplayback_68_seg1.wav,Fire,FireDataset,5.0,train
X:\NEU\capstone\data\segments\wildfire\y2mate.com - DD Ambience  Building on Fire  Blaze Inferno Wood Cracking Collapsing Loud Stressing_21_seg5.wav,Fire,FireDataset,5.0,train
X:\NEU\capstone\data\segments\fsd50k\346572.wav,Train,FSD50K,3.0094375,val
X:\NEU\capstone\data\segments\fsd50k\365002.wav,Fire,FSD50K,9.7,train
X:\NEU\capstone\data\segments\wildfire\y2mate.com - DD Ambience  Building on Fire  Blaze Inferno Wood Cracking Collapsing Loud Stressing_08_seg6.wav,Fire,FireDataset,5.0,train
X:\NEU\capstone\data\segments\wildfire\y2mate.com - DD Ambience  Building on Fire  Blaze Inferno Wood Cracking Collapsing Loud Stressing_50_seg9.wav,Fire,FireDataset,5.0,train
X:\NEU\capstone\data\segments\wildfire\y2mate.com - DD Ambience  Building on Fire  Blaze Inferno Wood Cracking Collapsing Loud Stressing_09_seg5.wav,Fire,FireDataset,5.0,train
X:\NEU\capstone\data\segments\wildfire\videoplayback_71_seg2.wav,Fire,FireDataset,5.0,train
X:\NEU\capstone\data\segments\fsd50k\190675.wav,Wind,FSD50K,18.0330625,train
X:\NEU\capstone\data\segments\fsd50k\275443.wav,Train,FSD50K,16.152,train
X:\NEU\capstone\data\segments\fsd50k\399213.wav,Fire,FSD50K,1.151375,train
X:\NEU\capstone\data\segments\fsd50k\236996.wav,Thunder,FSD50K,16.116125,train
X:\NEU\capstone\data\segments\fsd50k\420320.wav,Wind,FSD50K,2.259125,train
X:\NEU\capstone\data\segments\wildfire\y2mate.com - DD Ambience  Building on Fire  Blaze Inferno Wood Cracking Collapsing Loud Stressing_1_42_seg7.wav,Fire,FireDataset,5.0,train
X:\NEU\capstone\data\segments\wildfire\y2mate.com - DD Ambience  Building on Fire  Blaze Inferno Wood Cracking Collapsing Loud Stressing_53_seg4.wav,Fire,FireDataset,5.0,train
X:\NEU\capstone\data\segments\fsd50k\399218.wav,Fire,FSD50K,2.612875,train
X:\NEU\capstone\data\segments\fsd50k\324318.wav,Aircraft,FSD50K,19.229375,train
X:\NEU\capstone\data\segments\fsd50k\367754.wav,Fire,FSD50K,5.4856875,train
X:\NEU\capstone\data\segments\wildfire\y2mate.com - DD Ambience  Building on Fire  Blaze Inferno Wood Cracking Collapsing Loud Stressing_65_seg5.wav,Fire,FireDataset,5.0,val
X:\NEU\capstone\data\segments\wildfire\y2mate.com - DD Ambience  Building on Fire  Blaze Inferno Wood Cracking Collapsing Loud Stressing_1_61_seg2.wav,Fire,FireDataset,5.0,test
X:\NEU\capstone\data\segments\fsd50k\157185.wav,Fire,FSD50K,1.2505625,train
X:\NEU\capstone\data\segments\wildfire\y2mate.com - DD Ambience  Building on Fire  Blaze Inferno Wood Cracking Collapsing Loud Stressing_1_64_seg1.wav,Fire,FireDataset,5.0,train
X:\NEU\capstone\data\segments\wildfire\y2mate.com - DD Ambience  Building on Fire  Blaze Inferno Wood Cracking Collapsing Loud Stressing_1_01_seg0.wav,Fire,FireDataset,5.0,test
X:\NEU\capstone\data\segments\wildfire\videoplayback_02_seg1.wav,Fire,FireDataset,5.0,train
X:\NEU\capstone\data\segments\fsd50k\275599.wav,Water,FSD50K,12.3471875,train
X:\NEU\capstone\data\segments\wildfire\y2mate.com - DD Ambience  Building on Fire  Blaze Inferno Wood Cracking Collapsing Loud Stressing_1_06_seg7.wav,Fire,FireDataset,5.0,train
X:\NEU\capstone\data\segments\fsd50k\36270.wav,Fire,FSD50K,22.999375,train
X:\NEU\capstone\data\segments\fsd50k\391893.wav,Train,FSD50K,5.037625,val
X:\NEU\capstone\data\segments\wildfire\videoplayback_59_seg2.wav,Fire,FireDataset,5.0,train
X:\NEU\capstone\data\segments\fsd50k\349489.wav,Thunder,FSD50K,28.8391875,val
X:\NEU\capstone\data\segments\wildfire\y2mate.com - DD Ambience  Building on Fire  Blaze Inferno Wood Cracking Collapsing Loud Stressing_1_25_seg4.wav,Fire,FireDataset,5.0,train
X:\NEU\capstone\data\segments\fsd50k\37299.wav,Thunder,FSD50K,22.6255625,train
X:\NEU\capstone\data\segments\fsd50k\94179.wav,Fire,FSD50K,16.2506875,train
X:\NEU\capstone\data\segments\wildfire\y2mate.com - DD Ambience  Building on Fire  Blaze Inferno Wood Cracking Collapsing Loud Stressing_1_55_seg2.wav,Fire,FireDataset,5.0,train
X:\NEU\capstone\data\segments\wildfire\y2mate.com - DD Ambience  Building on Fire  Blaze Inferno Wood Cracking Collapsing Loud Stressing_15_seg5.wav,Fire,FireDataset,5.0,train
X:\NEU\capstone\data\segments\fsd50k\75721.wav,Thunder,FSD50K,20.20875,train
X:\NEU\capstone\data\segments\wildfire\videoplayback_24_seg2.wav,Fire,FireDataset,5.0,train
X:\NEU\capstone\data\segments\fsd50k\99084.wav,Thunder,FSD50K,19.6905,test
X:\NEU\capstone\data\segments\fsd50k\417657.wav,Train,FSD50K,21.247375,train
X:\NEU\capstone\data\segments\fsd50k\248241.wav,Fire,FSD50K,4.5366875,train
X:\NEU\capstone\data\segments\wildfire\y2mate.com - DD Ambience  Building on Fire  Blaze Inferno Wood Cracking Collapsing Loud Stressing_1_02_seg1.wav,Fire,FireDataset,5.0,train
X:\NEU\capstone\data\segments\wildfire\videoplayback_40_seg0.wav,Fire,FireDataset,5.0,train
X:\NEU\capstone\data\segments\wildfire\videoplayback_42_seg5.wav,Fire,FireDataset,5.0,train
X:\NEU\capstone\data\segments\wildfire\videoplayback_41_seg6.wav,Fire,FireDataset,5.0,train
X:\NEU\capstone\data\segments\wildfire\videoplayback_65_seg7.wav,Fire,FireDataset,5.0,train
X:\NEU\capstone\data\segments\fsd50k\152980.wav,Wind,FSD50K,5.527625,train
X:\NEU\capstone\data\segments\wildfire\videoplayback_37_seg8.wav,Fire,FireDataset,5.0,train
X:\NEU\capstone\data\segments\wildfire\y2mate.com - DD Ambience  Building on Fire  Blaze Inferno Wood Cracking Collapsing Loud Stressing_36_seg6.wav,Fire,FireDataset,5.0,train
X:\NEU\capstone\data\segments\fsd50k\168790.wav,Fire,FSD50K,23.930125,train
X:\NEU\capstone\data\segments\fsd50k\325421.wav,Fire,FSD50K,20.1166875,val
X:\NEU\capstone\data\segments\fsd50k\275596.wav,Thunder,FSD50K,9.7186875,train
X:\NEU\capstone\data\segments\wildfire\videoplayback_35_seg3.wav,Fire,FireDataset,5.0,train
X:\NEU\capstone\data\segments\wildfire\videoplayback_10_seg5.wav,Fire,FireDataset,5.0,train
X:\NEU\capstone\data\segments\wildfire\y2mate.com - DD Ambience  Building on Fire  Blaze Inferno Wood Cracking Collapsing Loud Stressing_58_seg0.wav,Fire,FireDataset,5.0,test
X:\NEU\capstone\data\segments\wildfire\y2mate.com - DD Ambience  Building on Fire  Blaze Inferno Wood Cracking Collapsing Loud Stressing_1_47_seg5.wav,Fire,FireDataset,5.0,val
X:\NEU\capstone\data\segments\fsd50k\129429.wav,Wind,FSD50K,19.0109375,train
X:\NEU\capstone\data\segments\fsd50k\17851.wav,Train,FSD50K,23.66125,val
X:\NEU\capstone\data\segments\wildfire\y2mate.com - DD Ambience  Building on Fire  Blaze Inferno Wood Cracking Collapsing Loud Stressing_30_seg7.wav,Fire,FireDataset,5.0,train
X:\NEU\capstone\data\segments\wildfire\videoplayback_42_seg7.wav,Fire,FireDataset,5.0,test
X:\NEU\capstone\data\segments\wildfire\y2mate.com - DD Ambience  Building on Fire  Blaze Inferno Wood Cracking Collapsing Loud Stressing_1_07_seg5.wav,Fire,FireDataset,5.0,train
X:\NEU\capstone\data\segments\wildfire\y2mate.com - DD Ambience  Building on Fire  Blaze Inferno Wood Cracking Collapsing Loud Stressing_1_35_seg8.wav,Fire,FireDataset,5.0,train
X:\NEU\capstone\data\segments\fsd50k\127321.wav,Aircraft,FSD50K,6.8386875,train
X:\NEU\capstone\data\segments\wildfire\y2mate.com - DD Ambience  Building on Fire  Blaze Inferno Wood Cracking Collapsing Loud Stressing_14_seg7.wav,Fire,FireDataset,5.0,test
X:\NEU\capstone\data\segments\fsd50k\423358.wav,Train,FSD50K,2.0,train
X:\NEU\capstone\data\segments\fsd50k\380676.wav,Train,FSD50K,19.453625,train
X:\NEU\capstone\data\segments\fsd50k\157186.wav,Fire,FSD50K,1.2508125,val
X:\NEU\capstone\data\segments\wildfire\y2mate.com - DD Ambience  Building on Fire  Blaze Inferno Wood Cracking Collapsing Loud Stressing_06_seg1.wav,Fire,FireDataset,5.0,train
X:\NEU\capstone\data\segments\fsd50k\396576.wav,Wind,FSD50K,2.1934375,val
X:\NEU\capstone\data\segments\wildfire\y2mate.com - DD Ambience  Building on Fire  Blaze Inferno Wood Cracking Collapsing Loud Stressing_1_16_seg7.wav,Fire,FireDataset,5.0,train
X:\NEU\capstone\data\segments\fsd50k\72895.wav,Thunder,FSD50K,20.2245,train
X:\NEU\capstone\data\segments\wildfire\y2mate.com - DD Ambience  Building on Fire  Blaze Inferno Wood Cracking Collapsing Loud Stressing_69_seg5.wav,Fire,FireDataset,5.0,val
X:\NEU\capstone\data\segments\fsd50k\377878.wav,Water,FSD50K,29.313,test
X:\NEU\capstone\data\segments\wildfire\videoplayback_39_seg5.wav,Fire,FireDataset,5.0,train
X:\NEU\capstone\data\segments\fsd50k\365917.wav,Train,FSD50K,15.2360625,test
X:\NEU\capstone\data\segments\wildfire\y2mate.com - DD Ambience  Building on Fire  Blaze Inferno Wood Cracking Collapsing Loud Stressing_51_seg7.wav,Fire,FireDataset,5.0,val
X:\NEU\capstone\data\segments\fsd50k\386574.wav,Wind,FSD50K,8.0,train
X:\NEU\capstone\data\segments\fsd50k\74216.wav,Thunder,FSD50K,28.2648125,train
X:\NEU\capstone\data\segments\fsd50k\23641.wav,Train,FSD50K,7.1639375,train
X:\NEU\capstone\data\segments\wildfire\y2mate.com - DD Ambience  Building on Fire  Blaze Inferno Wood Cracking Collapsing Loud Stressing_54_seg1.wav,Fire,FireDataset,5.0,train
X:\NEU\capstone\data\segments\wildfire\videoplayback_25_seg1.wav,Fire,FireDataset,5.0,val
X:\NEU\capstone\data\segments\fsd50k\242017.wav,Thunder,FSD50K,10.8408125,train
X:\NEU\capstone\data\segments\fsd50k\34064.wav,Thunder,FSD50K,14.08,test
X:\NEU\capstone\data\segments\wildfire\videoplayback_63_seg9.wav,Fire,FireDataset,5.0,train
X:\NEU\capstone\data\segments\wildfire\videoplayback_44_seg4.wav,Fire,FireDataset,5.0,train
X:\NEU\capstone\data\segments\fsd50k\398815.wav,Fire,FSD50K,8.0143125,train
X:\NEU\capstone\data\segments\fsd50k\18529.wav,Train,FSD50K,11.2426875,train
X:\NEU\capstone\data\segments\wildfire\y2mate.com - DD Ambience  Building on Fire  Blaze Inferno Wood Cracking Collapsing Loud Stressing_02_seg5.wav,Fire,FireDataset,5.0,train
X:\NEU\capstone\data\segments\wildfire\y2mate.com - DD Ambience  Building on Fire  Blaze Inferno Wood Cracking Collapsing Loud Stressing_10_seg1.wav,Fire,FireDataset,5.0,train
X:\NEU\capstone\data\segments\wildfire\videoplayback_09_seg1.wav,Fire,FireDataset,5.0,val
X:\NEU\capstone\data\segments\fsd50k\17060.wav,Train,FSD50K,18.593875,train
X:\NEU\capstone\data\segments\wildfire\y2mate.com - DD Ambience  Building on Fire  Blaze Inferno Wood Cracking Collapsing Loud Stressing_1_60_seg6.wav,Fire,FireDataset,5.0,train
X:\NEU\capstone\data\segments\fsd50k\251635.wav,Water,FSD50K,9.984,train
X:\NEU\capstone\data\segments\fsd50k\371781.wav,Fire,FSD50K,9.888,train
X:\NEU\capstone\data\segments\wildfire\y2mate.com - DD Ambience  Building on Fire  Blaze Inferno Wood Cracking Collapsing Loud Stressing_1_43_seg5.wav,Fire,FireDataset,5.0,train
X:\NEU\capstone\data\segments\fsd50k\431390.wav,Wind,FSD50K,2.9605625,train
X:\NEU\capstone\data\segments\wildfire\y2mate.com - DD Ambience  Building on Fire  Blaze Inferno Wood Cracking Collapsing Loud Stressing_1_35_seg7.wav,Fire,FireDataset,5.0,train
X:\NEU\capstone\data\segments\fsd50k\398816.wav,Fire,FSD50K,8.005375,train
X:\NEU\capstone\data\segments\fsd50k\274311.wav,Fire,FSD50K,21.3773125,val
X:\NEU\capstone\data\segments\wildfire\videoplayback_42_seg3.wav,Fire,FireDataset,5.0,train
X:\NEU\capstone\data\segments\fsd50k\19806.wav,Train,FSD50K,3.067375,val
X:\NEU\capstone\data\segments\wildfire\videoplayback_50_seg6.wav,Fire,FireDataset,5.0,train
X:\NEU\capstone\data\segments\wildfire\videoplayback_56_seg3.wav,Fire,FireDataset,5.0,train
X:\NEU\capstone\data\segments\fsd50k\156322.wav,Fire,FSD50K,3.4689375,train
X:\NEU\capstone\data\segments\wildfire\videoplayback_04_seg9.wav,Fire,FireDataset,5.0,train
X:\NEU\capstone\data\segments\wildfire\y2mate.com - DD Ambience  Building on Fire  Blaze Inferno Wood Cracking Collapsing Loud Stressing_1_40_seg9.wav,Fire,FireDataset,5.0,train
X:\NEU\capstone\data\segments\wildfire\y2mate.com - DD Ambience  Building on Fire  Blaze Inferno Wood Cracking Collapsing Loud Stressing_21_seg7.wav,Fire,FireDataset,5.0,train
X:\NEU\capstone\data\segments\wildfire\y2mate.com - DD Ambience  Building on Fire  Blaze Inferno Wood Cracking Collapsing Loud Stressing_15_seg1.wav,Fire,FireDataset,5.0,test
X:\NEU\capstone\data\segments\fsd50k\66099.wav,Train,FSD50K,15.490625,train
X:\NEU\capstone\data\segments\fsd50k\334516.wav,Fire,FSD50K,6.1333125,train
X:\NEU\capstone\data\segments\fsd50k\242603.wav,Thunder,FSD50K,28.4165,train
X:\NEU\capstone\data\segments\wildfire\y2mate.com - DD Ambience  Building on Fire  Blaze Inferno Wood Cracking Collapsing Loud Stressing_17_seg4.wav,Fire,FireDataset,5.0,train
X:\NEU\capstone\data\segments\wildfire\y2mate.com - DD Ambience  Building on Fire  Blaze Inferno Wood Cracking Collapsing Loud Stressing_1_53_seg2.wav,Fire,FireDataset,5.0,test
X:\NEU\capstone\data\segments\fsd50k\199945.wav,Thunder,FSD50K,26.935125,val
X:\NEU\capstone\data\segments\wildfire\videoplayback_19_seg5.wav,Fire,FireDataset,5.0,train
X:\NEU\capstone\data\segments\fsd50k\379093.wav,Train,FSD50K,19.96,train
X:\NEU\capstone\data\segments\fsd50k\17822.wav,Aircraft,FSD50K,26.779875,train
X:\NEU\capstone\data\segments\fsd50k\420442.wav,Aircraft,FSD50K,6.7068125,val
X:\NEU\capstone\data\segments\fsd50k\95106.wav,Fire,FSD50K,30.0,train
X:\NEU\capstone\data\segments\wildfire\y2mate.com - DD Ambience  Building on Fire  Blaze Inferno Wood Cracking Collapsing Loud Stressing_1_40_seg8.wav,Fire,FireDataset,5.0,train
X:\NEU\capstone\data\segments\wildfire\y2mate.com - DD Ambience  Building on Fire  Blaze Inferno Wood Cracking Collapsing Loud Stressing_1_30_seg8.wav,Fire,FireDataset,5.0,train
X:\NEU\capstone\data\segments\fsd50k\73270.wav,Thunder,FSD50K,23.525,test
X:\NEU\capstone\data\segments\wildfire\y2mate.com - DD Ambience  Building on Fire  Blaze Inferno Wood Cracking Collapsing Loud Stressing_1_49_seg7.wav,Fire,FireDataset,5.0,train
X:\NEU\capstone\data\segments\wildfire\y2mate.com - DD Ambience  Building on Fire  Blaze Inferno Wood Cracking Collapsing Loud Stressing_1_45_seg3.wav,Fire,FireDataset,5.0,train
X:\NEU\capstone\data\segments\fsd50k\238791.wav,Thunder,FSD50K,5.592375,train
X:\NEU\capstone\data\segments\fsd50k\157965.wav,Water,FSD50K,7.15175,train
X:\NEU\capstone\data\segments\wildfire\y2mate.com - DD Ambience  Building on Fire  Blaze Inferno Wood Cracking Collapsing Loud Stressing_26_seg7.wav,Fire,FireDataset,5.0,test
X:\NEU\capstone\data\segments\fsd50k\45395.wav,Thunder,FSD50K,29.4243125,train
X:\NEU\capstone\data\segments\wildfire\y2mate.com - DD Ambience  Building on Fire  Blaze Inferno Wood Cracking Collapsing Loud Stressing_1_61_seg4.wav,Fire,FireDataset,5.0,train
X:\NEU\capstone\data\segments\fsd50k\432468.wav,Water,FSD50K,12.42,train
X:\NEU\capstone\data\segments\fsd50k\71190.wav,Wind,FSD50K,24.672,train
X:\NEU\capstone\data\segments\wildfire\videoplayback_62_seg2.wav,Fire,FireDataset,5.0,train
X:\NEU\capstone\data\segments\fsd50k\59053.wav,Water,FSD50K,17.6426875,train
X:\NEU\capstone\data\segments\wildfire\videoplayback_04_seg6.wav,Fire,FireDataset,5.0,train
X:\NEU\capstone\data\segments\wildfire\videoplayback_09_seg7.wav,Fire,FireDataset,5.0,train
X:\NEU\capstone\data\segments\wildfire\videoplayback_37_seg5.wav,Fire,FireDataset,5.0,train
X:\NEU\capstone\data\segments\wildfire\y2mate.com - DD Ambience  Building on Fire  Blaze Inferno Wood Cracking Collapsing Loud Stressing_51_seg4.wav,Fire,FireDataset,5.0,train
X:\NEU\capstone\data\segments\fsd50k\238806.wav,Thunder,FSD50K,7.077875,train
X:\NEU\capstone\data\segments\wildfire\y2mate.com - DD Ambience  Building on Fire  Blaze Inferno Wood Cracking Collapsing Loud Stressing_1_29_seg8.wav,Fire,FireDataset,5.0,train
X:\NEU\capstone\data\segments\wildfire\y2mate.com - DD Ambience  Building on Fire  Blaze Inferno Wood Cracking Collapsing Loud Stressing_10_seg3.wav,Fire,FireDataset,5.0,test
X:\NEU\capstone\data\segments\fsd50k\376840.wav,Fire,FSD50K,23.12,train
X:\NEU\capstone\data\segments\wildfire\videoplayback_02_seg9.wav,Fire,FireDataset,5.0,train
X:\NEU\capstone\data\segments\fsd50k\105303.wav,Thunder,FSD50K,0.5745625,train
X:\NEU\capstone\data\segments\wildfire\y2mate.com - DD Ambience  Building on Fire  Blaze Inferno Wood Cracking Collapsing Loud Stressing_1_48_seg4.wav,Fire,FireDataset,5.0,train
X:\NEU\capstone\data\segments\wildfire\y2mate.com - DD Ambience  Building on Fire  Blaze Inferno Wood Cracking Collapsing Loud Stressing_1_35_seg0.wav,Fire,FireDataset,5.0,train
X:\NEU\capstone\data\segments\fsd50k\391683.wav,Water,FSD50K,16.678875,train
X:\NEU\capstone\data\segments\wildfire\videoplayback_50_seg9.wav,Fire,FireDataset,5.0,train
X:\NEU\capstone\data\segments\fsd50k\378639.wav,Fire,FSD50K,16.5,train
X:\NEU\capstone\data\segments\fsd50k\379755.wav,Water,FSD50K,21.4088125,train
X:\NEU\capstone\data\segments\wildfire\y2mate.com - DD Ambience  Building on Fire  Blaze Inferno Wood Cracking Collapsing Loud Stressing_1_67_seg4.wav,Fire,FireDataset,5.0,train
X:\NEU\capstone\data\segments\fsd50k\259627.wav,Water,FSD50K,20.107,train
X:\NEU\capstone\data\segments\wildfire\y2mate.com - DD Ambience  Building on Fire  Blaze Inferno Wood Cracking Collapsing Loud Stressing_28_seg7.wav,Fire,FireDataset,5.0,train
X:\NEU\capstone\data\segments\wildfire\videoplayback_49_seg8.wav,Fire,FireDataset,5.0,train
X:\NEU\capstone\data\segments\fsd50k\232178.wav,Train,FSD50K,27.88625,train
X:\NEU\capstone\data\segments\wildfire\videoplayback_69_seg3.wav,Fire,FireDataset,5.0,train
X:\NEU\capstone\data\segments\fsd50k\196351.wav,Fire,FSD50K,9.47375,test
X:\NEU\capstone\data\segments\fsd50k\85844.wav,Fire,FSD50K,5.5,train
X:\NEU\capstone\data\segments\wildfire\y2mate.com - DD Ambience  Building on Fire  Blaze Inferno Wood Cracking Collapsing Loud Stressing_43_seg8.wav,Fire,FireDataset,5.0,train
X:\NEU\capstone\data\segments\wildfire\videoplayback_09_seg3.wav,Fire,FireDataset,5.0,train
X:\NEU\capstone\data\segments\wildfire\y2mate.com - DD Ambience  Building on Fire  Blaze Inferno Wood Cracking Collapsing Loud Stressing_1_51_seg1.wav,Fire,FireDataset,5.0,train
X:\NEU\capstone\data\segments\wildfire\y2mate.com - DD Ambience  Building on Fire  Blaze Inferno Wood Cracking Collapsing Loud Stressing_1_20_seg2.wav,Fire,FireDataset,5.0,test
X:\NEU\capstone\data\segments\wildfire\y2mate.com - DD Ambience  Building on Fire  Blaze Inferno Wood Cracking Collapsing Loud Stressing_69_seg1.wav,Fire,FireDataset,5.0,train
X:\NEU\capstone\data\segments\wildfire\y2mate.com - DD Ambience  Building on Fire  Blaze Inferno Wood Cracking Collapsing Loud Stressing_44_seg9.wav,Fire,FireDataset,5.0,val
X:\NEU\capstone\data\segments\fsd50k\323055.wav,Train,FSD50K,15.1506875,val
X:\NEU\capstone\data\segments\fsd50k\31452.wav,Thunder,FSD50K,26.697125,train
X:\NEU\capstone\data\segments\wildfire\videoplayback_39_seg6.wav,Fire,FireDataset,5.0,val
X:\NEU\capstone\data\segments\wildfire\y2mate.com - DD Ambience  Building on Fire  Blaze Inferno Wood Cracking Collapsing Loud Stressing_1_22_seg8.wav,Fire,FireDataset,5.0,train
X:\NEU\capstone\data\segments\wildfire\y2mate.com - DD Ambience  Building on Fire  Blaze Inferno Wood Cracking Collapsing Loud Stressing_52_seg3.wav,Fire,FireDataset,5.0,train
X:\NEU\capstone\data\segments\fsd50k\28085.wav,Train,FSD50K,2.0153125,train
X:\NEU\capstone\data\segments\wildfire\videoplayback_26_seg9.wav,Fire,FireDataset,5.0,train
X:\NEU\capstone\data\segments\fsd50k\398813.wav,Fire,FSD50K,6.0528125,train
X:\NEU\capstone\data\segments\wildfire\y2mate.com - DD Ambience  Building on Fire  Blaze Inferno Wood Cracking Collapsing Loud Stressing_1_63_seg6.wav,Fire,FireDataset,5.0,test
X:\NEU\capstone\data\segments\wildfire\y2mate.com - DD Ambience  Building on Fire  Blaze Inferno Wood Cracking Collapsing Loud Stressing_72_seg5.wav,Fire,FireDataset,5.0,test
X:\NEU\capstone\data\segments\fsd50k\74215.wav,Thunder,FSD50K,28.92075,test
X:\NEU\capstone\data\segments\wildfire\y2mate.com - DD Ambience  Building on Fire  Blaze Inferno Wood Cracking Collapsing Loud Stressing_1_31_seg9.wav,Fire,FireDataset,5.0,train
X:\NEU\capstone\data\segments\wildfire\y2mate.com - DD Ambience  Building on Fire  Blaze Inferno Wood Cracking Collapsing Loud Stressing_1_69_seg2.wav,Fire,FireDataset,5.0,val
X:\NEU\capstone\data\segments\wildfire\videoplayback_54_seg3.wav,Fire,FireDataset,5.0,train
X:\NEU\capstone\data\segments\fsd50k\365916.wav,Train,FSD50K,16.076625,test
X:\NEU\capstone\data\segments\wildfire\videoplayback_65_seg6.wav,Fire,FireDataset,5.0,train
X:\NEU\capstone\data\segments\fsd50k\394792.wav,Water,FSD50K,26.626625,train
X:\NEU\capstone\data\segments\wildfire\videoplayback_35_seg7.wav,Fire,FireDataset,5.0,train
X:\NEU\capstone\data\segments\wildfire\videoplayback_63_seg1.wav,Fire,FireDataset,5.0,train
X:\NEU\capstone\data\segments\wildfire\videoplayback_59_seg0.wav,Fire,FireDataset,5.0,train
X:\NEU\capstone\data\segments\fsd50k\378311.wav,Fire,FSD50K,11.737625,train
X:\NEU\capstone\data\segments\wildfire\videoplayback_47_seg2.wav,Fire,FireDataset,5.0,train
X:\NEU\capstone\data\segments\fsd50k\27246.wav,Thunder,FSD50K,12.0065,test
X:\NEU\capstone\data\segments\fsd50k\379468.wav,Wind,FSD50K,3.95975,train
X:\NEU\capstone\data\segments\wildfire\y2mate.com - DD Ambience  Building on Fire  Blaze Inferno Wood Cracking Collapsing Loud Stressing_25_seg0.wav,Fire,FireDataset,5.0,val
X:\NEU\capstone\data\segments\wildfire\y2mate.com - DD Ambience  Building on Fire  Blaze Inferno Wood Cracking Collapsing Loud Stressing_42_seg0.wav,Fire,FireDataset,5.0,train
X:\NEU\capstone\data\segments\wildfire\y2mate.com - DD Ambience  Building on Fire  Blaze Inferno Wood Cracking Collapsing Loud Stressing_1_59_seg9.wav,Fire,FireDataset,5.0,train
X:\NEU\capstone\data\segments\wildfire\y2mate.com - DD Ambience  Building on Fire  Blaze Inferno Wood Cracking Collapsing Loud Stressing_46_seg9.wav,Fire,FireDataset,5.0,train
X:\NEU\capstone\data\segments\fsd50k\59440.wav,Train,FSD50K,6.0604375,train
X:\NEU\capstone\data\segments\wildfire\y2mate.com - DD Ambience  Building on Fire  Blaze Inferno Wood Cracking Collapsing Loud Stressing_16_seg5.wav,Fire,FireDataset,5.0,test
X:\NEU\capstone\data\segments\fsd50k\390849.wav,Wind,FSD50K,8.885375,val
X:\NEU\capstone\data\segments\wildfire\y2mate.com - DD Ambience  Building on Fire  Blaze Inferno Wood Cracking Collapsing Loud Stressing_32_seg4.wav,Fire,FireDataset,5.0,train
X:\NEU\capstone\data\segments\wildfire\y2mate.com - DD Ambience  Building on Fire  Blaze Inferno Wood Cracking Collapsing Loud Stressing_1_63_seg5.wav,Fire,FireDataset,5.0,train
X:\NEU\capstone\data\segments\wildfire\y2mate.com - DD Ambience  Building on Fire  Blaze Inferno Wood Cracking Collapsing Loud Stressing_33_seg9.wav,Fire,FireDataset,5.0,train
X:\NEU\capstone\data\segments\fsd50k\361120.wav,Wind,FSD50K,11.3493125,train
X:\NEU\capstone\data\segments\fsd50k\267464.wav,Wind,FSD50K,6.321625,train
X:\NEU\capstone\data\segments\fsd50k\350505.wav,Thunder,FSD50K,15.96325,train
X:\NEU\capstone\data\segments\wildfire\videoplayback_65_seg4.wav,Fire,FireDataset,5.0,train
X:\NEU\capstone\data\segments\fsd50k\212834.wav,Fire,FSD50K,5.38125,train
X:\NEU\capstone\data\segments\fsd50k\30341.wav,Water,FSD50K,0.6861875,test
X:\NEU\capstone\data\segments\wildfire\y2mate.com - DD Ambience  Building on Fire  Blaze Inferno Wood Cracking Collapsing Loud Stressing_1_37_seg6.wav,Fire,FireDataset,5.0,train
X:\NEU\capstone\data\segments\fsd50k\185124.wav,Train,FSD50K,5.2276875,test
X:\NEU\capstone\data\segments\fsd50k\199956.wav,Thunder,FSD50K,10.1006875,train
X:\NEU\capstone\data\segments\wildfire\y2mate.com - DD Ambience  Building on Fire  Blaze Inferno Wood Cracking Collapsing Loud Stressing_29_seg2.wav,Fire,FireDataset,5.0,val
X:\NEU\capstone\data\segments\fsd50k\133052.wav,Fire,FSD50K,22.9296875,train
X:\NEU\capstone\data\segments\fsd50k\49160.wav,Fire,FSD50K,2.5775,train
X:\NEU\capstone\data\segments\wildfire\y2mate.com - DD Ambience  Building on Fire  Blaze Inferno Wood Cracking Collapsing Loud Stressing_61_seg1.wav,Fire,FireDataset,5.0,train
X:\NEU\capstone\data\segments\wildfire\y2mate.com - DD Ambience  Building on Fire  Blaze Inferno Wood Cracking Collapsing Loud Stressing_11_seg0.wav,Fire,FireDataset,5.0,val
X:\NEU\capstone\data\segments\wildfire\y2mate.com - DD Ambience  Building on Fire  Blaze Inferno Wood Cracking Collapsing Loud Stressing_04_seg6.wav,Fire,FireDataset,5.0,train
X:\NEU\capstone\data\segments\fsd50k\121572.wav,Thunder,FSD50K,17.7856875,train
X:\NEU\capstone\data\segments\wildfire\y2mate.com - DD Ambience  Building on Fire  Blaze Inferno Wood Cracking Collapsing Loud Stressing_32_seg7.wav,Fire,FireDataset,5.0,train
X:\NEU\capstone\data\segments\wildfire\videoplayback_24_seg8.wav,Fire,FireDataset,5.0,train
X:\NEU\capstone\data\segments\wildfire\y2mate.com - DD Ambience  Building on Fire  Blaze Inferno Wood Cracking Collapsing Loud Stressing_1_67_seg7.wav,Fire,FireDataset,5.0,train
X:\NEU\capstone\data\segments\fsd50k\337541.wav,Wind,FSD50K,17.142875,train
X:\NEU\capstone\data\segments\wildfire\y2mate.com - DD Ambience  Building on Fire  Blaze Inferno Wood Cracking Collapsing Loud Stressing_41_seg3.wav,Fire,FireDataset,5.0,train
X:\NEU\capstone\data\segments\wildfire\y2mate.com - DD Ambience  Building on Fire  Blaze Inferno Wood Cracking Collapsing Loud Stressing_1_68_seg3.wav,Fire,FireDataset,5.0,train
X:\NEU\capstone\data\segments\wildfire\videoplayback_07_seg9.wav,Fire,FireDataset,5.0,train
X:\NEU\capstone\data\segments\fsd50k\17059.wav,Thunder,FSD50K,24.4024375,train
X:\NEU\capstone\data\segments\wildfire\videoplayback_16_seg5.wav,Fire,FireDataset,5.0,train
X:\NEU\capstone\data\segments\wildfire\y2mate.com - DD Ambience  Building on Fire  Blaze Inferno Wood Cracking Collapsing Loud Stressing_1_11_seg2.wav,Fire,FireDataset,5.0,train
X:\NEU\capstone\data\segments\wildfire\videoplayback_50_seg4.wav,Fire,FireDataset,5.0,train
X:\NEU\capstone\data\segments\fsd50k\17516.wav,Fire,FSD50K,3.1803125,train
X:\NEU\capstone\data\segments\fsd50k\366154.wav,Fire,FSD50K,2.754,train
X:\NEU\capstone\data\segments\fsd50k\339448.wav,Fire,FSD50K,2.5,train
X:\NEU\capstone\data\segments\wildfire\videoplayback_55_seg1.wav,Fire,FireDataset,5.0,train
X:\NEU\capstone\data\segments\wildfire\videoplayback_32_seg1.wav,Fire,FireDataset,5.0,train
X:\NEU\capstone\data\segments\fsd50k\350578.wav,Wind,FSD50K,10.6958125,train
X:\NEU\capstone\data\segments\wildfire\y2mate.com - DD Ambience  Building on Fire  Blaze Inferno Wood Cracking Collapsing Loud Stressing_1_52_seg7.wav,Fire,FireDataset,5.0,train
X:\NEU\capstone\data\segments\wildfire\y2mate.com - DD Ambience  Building on Fire  Blaze Inferno Wood Cracking Collapsing Loud Stressing_23_seg9.wav,Fire,FireDataset,5.0,train
X:\NEU\capstone\data\segments\wildfire\videoplayback_17_seg9.wav,Fire,FireDataset,5.0,train
X:\NEU\capstone\data\segments\wildfire\y2mate.com - DD Ambience  Building on Fire  Blaze Inferno Wood Cracking Collapsing Loud Stressing_1_08_seg3.wav,Fire,FireDataset,5.0,train
X:\NEU\capstone\data\segments\wildfire\y2mate.com - DD Ambience  Building on Fire  Blaze Inferno Wood Cracking Collapsing Loud Stressing_34_seg9.wav,Fire,FireDataset,5.0,train
X:\NEU\capstone\data\segments\wildfire\videoplayback_51_seg9.wav,Fire,FireDataset,5.0,train
X:\NEU\capstone\data\segments\wildfire\y2mate.com - DD Ambience  Building on Fire  Blaze Inferno Wood Cracking Collapsing Loud Stressing_1_34_seg1.wav,Fire,FireDataset,5.0,val
X:\NEU\capstone\data\segments\fsd50k\196336.wav,Fire,FSD50K,6.54225,val
X:\NEU\capstone\data\segments\wildfire\y2mate.com - DD Ambience  Building on Fire  Blaze Inferno Wood Cracking Collapsing Loud Stressing_1_52_seg4.wav,Fire,FireDataset,5.0,train
X:\NEU\capstone\data\segments\fsd50k\38245.wav,Thunder,FSD50K,10.0,train
X:\NEU\capstone\data\segments\fsd50k\268928.wav,Wind,FSD50K,26.3513125,train
X:\NEU\capstone\data\segments\fsd50k\2215.wav,Wind,FSD50K,3.552625,train
X:\NEU\capstone\data\segments\wildfire\y2mate.com - DD Ambience  Building on Fire  Blaze Inferno Wood Cracking Collapsing Loud Stressing_1_23_seg3.wav,Fire,FireDataset,5.0,train
X:\NEU\capstone\data\segments\fsd50k\156677.wav,Aircraft,FSD50K,8.0169375,test
X:\NEU\capstone\data\segments\wildfire\y2mate.com - DD Ambience  Building on Fire  Blaze Inferno Wood Cracking Collapsing Loud Stressing_34_seg6.wav,Fire,FireDataset,5.0,train
X:\NEU\capstone\data\segments\wildfire\y2mate.com - DD Ambience  Building on Fire  Blaze Inferno Wood Cracking Collapsing Loud Stressing_03_seg0.wav,Fire,FireDataset,5.0,train
X:\NEU\capstone\data\segments\wildfire\y2mate.com - DD Ambience  Building on Fire  Blaze Inferno Wood Cracking Collapsing Loud Stressing_1_08_seg4.wav,Fire,FireDataset,5.0,train
X:\NEU\capstone\data\segments\fsd50k\253721.wav,Train,FSD50K,2.4525,train
X:\NEU\capstone\data\segments\wildfire\videoplayback_12_seg7.wav,Fire,FireDataset,5.0,train
X:\NEU\capstone\data\segments\wildfire\y2mate.com - DD Ambience  Building on Fire  Blaze Inferno Wood Cracking Collapsing Loud Stressing_1_38_seg3.wav,Fire,FireDataset,5.0,train
X:\NEU\capstone\data\segments\fsd50k\404159.wav,Train,FSD50K,9.5086875,train
X:\NEU\capstone\data\segments\wildfire\videoplayback_36_seg7.wav,Fire,FireDataset,5.0,train
X:\NEU\capstone\data\segments\wildfire\y2mate.com - DD Ambience  Building on Fire  Blaze Inferno Wood Cracking Collapsing Loud Stressing_1_06_seg1.wav,Fire,FireDataset,5.0,train
X:\NEU\capstone\data\segments\wildfire\y2mate.com - DD Ambience  Building on Fire  Blaze Inferno Wood Cracking Collapsing Loud Stressing_1_34_seg8.wav,Fire,FireDataset,5.0,train
X:\NEU\capstone\data\segments\wildfire\y2mate.com - DD Ambience  Building on Fire  Blaze Inferno Wood Cracking Collapsing Loud Stressing_61_seg8.wav,Fire,FireDataset,5.0,train
X:\NEU\capstone\data\segments\fsd50k\73297.wav,Aircraft,FSD50K,24.346125,train
X:\NEU\capstone\data\segments\wildfire\videoplayback_02_seg5.wav,Fire,FireDataset,5.0,train
X:\NEU\capstone\data\segments\wildfire\y2mate.com - DD Ambience  Building on Fire  Blaze Inferno Wood Cracking Collapsing Loud Stressing_1_54_seg0.wav,Fire,FireDataset,5.0,train
X:\NEU\capstone\data\segments\wildfire\y2mate.com - DD Ambience  Building on Fire  Blaze Inferno Wood Cracking Collapsing Loud Stressing_37_seg3.wav,Fire,FireDataset,5.0,train
X:\NEU\capstone\data\segments\fsd50k\41004.wav,Aircraft,FSD50K,12.0424375,train
X:\NEU\capstone\data\segments\wildfire\y2mate.com - DD Ambience  Building on Fire  Blaze Inferno Wood Cracking Collapsing Loud Stressing_29_seg8.wav,Fire,FireDataset,5.0,train
X:\NEU\capstone\data\segments\wildfire\y2mate.com - DD Ambience  Building on Fire  Blaze Inferno Wood Cracking Collapsing Loud Stressing_57_seg6.wav,Fire,FireDataset,5.0,train
X:\NEU\capstone\data\segments\fsd50k\44742.wav,Train,FSD50K,10.6318125,train
X:\NEU\capstone\data\segments\wildfire\y2mate.com - DD Ambience  Building on Fire  Blaze Inferno Wood Cracking Collapsing Loud Stressing_08_seg2.wav,Fire,FireDataset,5.0,train
X:\NEU\capstone\data\segments\wildfire\y2mate.com - DD Ambience  Building on Fire  Blaze Inferno Wood Cracking Collapsing Loud Stressing_1_30_seg2.wav,Fire,FireDataset,5.0,train
X:\NEU\capstone\data\segments\fsd50k\112801.wav,Train,FSD50K,11.02525,train
X:\NEU\capstone\data\segments\wildfire\y2mate.com - DD Ambience  Building on Fire  Blaze Inferno Wood Cracking Collapsing Loud Stressing_49_seg5.wav,Fire,FireDataset,5.0,train
X:\NEU\capstone\data\segments\fsd50k\420303.wav,Wind,FSD50K,1.016,train
X:\NEU\capstone\data\segments\wildfire\y2mate.com - DD Ambience  Building on Fire  Blaze Inferno Wood Cracking Collapsing Loud Stressing_29_seg9.wav,Fire,FireDataset,5.0,train
X:\NEU\capstone\data\segments\wildfire\y2mate.com - DD Ambience  Building on Fire  Blaze Inferno Wood Cracking Collapsing Loud Stressing_28_seg8.wav,Fire,FireDataset,5.0,val
X:\NEU\capstone\data\segments\wildfire\y2mate.com - DD Ambience  Building on Fire  Blaze Inferno Wood Cracking Collapsing Loud Stressing_1_50_seg0.wav,Fire,FireDataset,5.0,test
X:\NEU\capstone\data\segments\fsd50k\134766.wav,Train,FSD50K,0.603125,train
X:\NEU\capstone\data\segments\fsd50k\392980.wav,Water,FSD50K,9.6595,train
X:\NEU\capstone\data\segments\wildfire\videoplayback_52_seg8.wav,Fire,FireDataset,5.0,train
X:\NEU\capstone\data\segments\wildfire\videoplayback_18_seg9.wav,Fire,FireDataset,5.0,train
X:\NEU\capstone\data\segments\wildfire\y2mate.com - DD Ambience  Building on Fire  Blaze Inferno Wood Cracking Collapsing Loud Stressing_1_20_seg0.wav,Fire,FireDataset,5.0,test
X:\NEU\capstone\data\segments\fsd50k\391685.wav,Water,FSD50K,11.75375,test
X:\NEU\capstone\data\segments\fsd50k\20796.wav,Water,FSD50K,0.486625,train
X:\NEU\capstone\data\segments\fsd50k\238040.wav,Wind,FSD50K,9.23075,train
X:\NEU\capstone\data\segments\fsd50k\260098.wav,Fire,FSD50K,1.5025,val
X:\NEU\capstone\data\segments\wildfire\y2mate.com - DD Ambience  Building on Fire  Blaze Inferno Wood Cracking Collapsing Loud Stressing_1_66_seg6.wav,Fire,FireDataset,5.0,train
X:\NEU\capstone\data\segments\wildfire\videoplayback_45_seg4.wav,Fire,FireDataset,5.0,test
X:\NEU\capstone\data\segments\fsd50k\77592.wav,Thunder,FSD50K,5.438125,train
X:\NEU\capstone\data\segments\fsd50k\63257.wav,Fire,FSD50K,6.7754375,train
X:\NEU\capstone\data\segments\wildfire\y2mate.com - DD Ambience  Building on Fire  Blaze Inferno Wood Cracking Collapsing Loud Stressing_53_seg7.wav,Fire,FireDataset,5.0,train
X:\NEU\capstone\data\segments\wildfire\y2mate.com - DD Ambience  Building on Fire  Blaze Inferno Wood Cracking Collapsing Loud Stressing_1_72_seg7.wav,Fire,FireDataset,5.0,train
X:\NEU\capstone\data\segments\wildfire\videoplayback_69_seg8.wav,Fire,FireDataset,5.0,train
X:\NEU\capstone\data\segments\fsd50k\371583.wav,Fire,FSD50K,5.10725,val
X:\NEU\capstone\data\segments\fsd50k\114489.wav,Train,FSD50K,22.1904375,train
X:\NEU\capstone\data\segments\fsd50k\110322.wav,Water,FSD50K,15.159375,train
X:\NEU\capstone\data\segments\fsd50k\174493.wav,Fire,FSD50K,26.1340625,train
X:\NEU\capstone\data\segments\fsd50k\179906.wav,Wind,FSD50K,9.9134375,train
X:\NEU\capstone\data\segments\wildfire\videoplayback_06_seg3.wav,Fire,FireDataset,5.0,train
X:\NEU\capstone\data\segments\wildfire\y2mate.com - DD Ambience  Building on Fire  Blaze Inferno Wood Cracking Collapsing Loud Stressing_45_seg1.wav,Fire,FireDataset,5.0,train
X:\NEU\capstone\data\segments\fsd50k\38247.wav,Thunder,FSD50K,12.0,train
X:\NEU\capstone\data\segments\fsd50k\165345.wav,Wind,FSD50K,11.2456875,train
X:\NEU\capstone\data\segments\wildfire\y2mate.com - DD Ambience  Building on Fire  Blaze Inferno Wood Cracking Collapsing Loud Stressing_1_22_seg9.wav,Fire,FireDataset,5.0,train
X:\NEU\capstone\data\segments\fsd50k\213032.wav,Water,FSD50K,29.328,val
X:\NEU\capstone\data\segments\fsd50k\156313.wav,Fire,FSD50K,2.2596875,train
X:\NEU\capstone\data\segments\wildfire\y2mate.com - DD Ambience  Building on Fire  Blaze Inferno Wood Cracking Collapsing Loud Stressing_23_seg8.wav,Fire,FireDataset,5.0,train
X:\NEU\capstone\data\segments\fsd50k\21737.wav,Aircraft,FSD50K,11.4403125,test
X:\NEU\capstone\data\segments\wildfire\videoplayback_52_seg3.wav,Fire,FireDataset,5.0,train
X:\NEU\capstone\data\segments\fsd50k\349487.wav,Thunder,FSD50K,24.14875,train
X:\NEU\capstone\data\segments\wildfire\y2mate.com - DD Ambience  Building on Fire  Blaze Inferno Wood Cracking Collapsing Loud Stressing_56_seg4.wav,Fire,FireDataset,5.0,train
X:\NEU\capstone\data\segments\wildfire\y2mate.com - DD Ambience  Building on Fire  Blaze Inferno Wood Cracking Collapsing Loud Stressing_1_32_seg6.wav,Fire,FireDataset,5.0,train
X:\NEU\capstone\data\segments\wildfire\videoplayback_48_seg7.wav,Fire,FireDataset,5.0,train
X:\NEU\capstone\data\segments\wildfire\videoplayback_28_seg0.wav,Fire,FireDataset,5.0,train
X:\NEU\capstone\data\segments\wildfire\y2mate.com - DD Ambience  Building on Fire  Blaze Inferno Wood Cracking Collapsing Loud Stressing_14_seg5.wav,Fire,FireDataset,5.0,val
X:\NEU\capstone\data\segments\fsd50k\156317.wav,Fire,FSD50K,5.7210625,train
X:\NEU\capstone\data\segments\fsd50k\399217.wav,Fire,FSD50K,1.625375,val
X:\NEU\capstone\data\segments\fsd50k\391251.wav,Wind,FSD50K,1.4283125,train
X:\NEU\capstone\data\segments\wildfire\videoplayback_68_seg9.wav,Fire,FireDataset,5.0,train
X:\NEU\capstone\data\segments\wildfire\videoplayback_60_seg9.wav,Fire,FireDataset,5.0,train
X:\NEU\capstone\data\segments\wildfire\y2mate.com - DD Ambience  Building on Fire  Blaze Inferno Wood Cracking Collapsing Loud Stressing_1_43_seg7.wav,Fire,FireDataset,5.0,train
X:\NEU\capstone\data\segments\fsd50k\149722.wav,Water,FSD50K,1.237625,val
X:\NEU\capstone\data\segments\fsd50k\420322.wav,Wind,FSD50K,2.2033125,train
X:\NEU\capstone\data\segments\wildfire\y2mate.com - DD Ambience  Building on Fire  Blaze Inferno Wood Cracking Collapsing Loud Stressing_1_48_seg1.wav,Fire,FireDataset,5.0,test
X:\NEU\capstone\data\segments\fsd50k\150359.wav,Fire,FSD50K,28.326,train
X:\NEU\capstone\data\segments\fsd50k\338088.wav,Thunder,FSD50K,14.34125,train
X:\NEU\capstone\data\segments\wildfire\y2mate.com - DD Ambience  Building on Fire  Blaze Inferno Wood Cracking Collapsing Loud Stressing_22_seg8.wav,Fire,FireDataset,5.0,train
X:\NEU\capstone\data\segments\wildfire\y2mate.com - DD Ambience  Building on Fire  Blaze Inferno Wood Cracking Collapsing Loud Stressing_41_seg8.wav,Fire,FireDataset,5.0,train
X:\NEU\capstone\data\segments\wildfire\videoplayback_34_seg9.wav,Fire,FireDataset,5.0,train
X:\NEU\capstone\data\segments\wildfire\y2mate.com - DD Ambience  Building on Fire  Blaze Inferno Wood Cracking Collapsing Loud Stressing_39_seg3.wav,Fire,FireDataset,5.0,train
X:\NEU\capstone\data\segments\wildfire\videoplayback_20_seg9.wav,Fire,FireDataset,5.0,train
X:\NEU\capstone\data\segments\wildfire\videoplayback_39_seg7.wav,Fire,FireDataset,5.0,train
X:\NEU\capstone\data\segments\fsd50k\327769.wav,Water,FSD50K,13.9755,train
X:\NEU\capstone\data\segments\wildfire\y2mate.com - DD Ambience  Building on Fire  Blaze Inferno Wood Cracking Collapsing Loud Stressing_12_seg8.wav,Fire,FireDataset,5.0,test
X:\NEU\capstone\data\segments\fsd50k\387225.wav,Water,FSD50K,24.1093125,train
X:\NEU\capstone\data\segments\wildfire\videoplayback_33_seg1.wav,Fire,FireDataset,5.0,train
X:\NEU\capstone\data\segments\wildfire\y2mate.com - DD Ambience  Building on Fire  Blaze Inferno Wood Cracking Collapsing Loud Stressing_1_58_seg0.wav,Fire,FireDataset,5.0,train
X:\NEU\capstone\data\segments\fsd50k\324311.wav,Aircraft,FSD50K,27.767875,train
X:\NEU\capstone\data\segments\wildfire\videoplayback_27_seg6.wav,Fire,FireDataset,5.0,train
X:\NEU\capstone\data\segments\wildfire\y2mate.com - DD Ambience  Building on Fire  Blaze Inferno Wood Cracking Collapsing Loud Stressing_43_seg7.wav,Fire,FireDataset,5.0,train
X:\NEU\capstone\data\segments\wildfire\videoplayback_10_seg1.wav,Fire,FireDataset,5.0,train
X:\NEU\capstone\data\segments\fsd50k\8135.wav,Aircraft,FSD50K,16.1145,train
X:\NEU\capstone\data\segments\wildfire\y2mate.com - DD Ambience  Building on Fire  Blaze Inferno Wood Cracking Collapsing Loud Stressing_1_42_seg9.wav,Fire,FireDataset,5.0,train
X:\NEU\capstone\data\segments\wildfire\y2mate.com - DD Ambience  Building on Fire  Blaze Inferno Wood Cracking Collapsing Loud Stressing_1_26_seg0.wav,Fire,FireDataset,5.0,train
X:\NEU\capstone\data\segments\fsd50k\11619.wav,Water,FSD50K,21.1591875,train
X:\NEU\capstone\data\segments\wildfire\y2mate.com - DD Ambience  Building on Fire  Blaze Inferno Wood Cracking Collapsing Loud Stressing_1_47_seg2.wav,Fire,FireDataset,5.0,val
X:\NEU\capstone\data\segments\wildfire\videoplayback_43_seg2.wav,Fire,FireDataset,5.0,train
X:\NEU\capstone\data\segments\fsd50k\399326.wav,Thunder,FSD50K,22.3538125,val
X:\NEU\capstone\data\segments\wildfire\videoplayback_09_seg2.wav,Fire,FireDataset,5.0,train
X:\NEU\capstone\data\segments\fsd50k\248116.wav,Fire,FSD50K,3.102875,train
X:\NEU\capstone\data\segments\wildfire\videoplayback_08_seg6.wav,Fire,FireDataset,5.0,train
X:\NEU\capstone\data\segments\wildfire\y2mate.com - DD Ambience  Building on Fire  Blaze Inferno Wood Cracking Collapsing Loud Stressing_1_70_seg8.wav,Fire,FireDataset,5.0,train
X:\NEU\capstone\data\segments\wildfire\y2mate.com - DD Ambience  Building on Fire  Blaze Inferno Wood Cracking Collapsing Loud Stressing_44_seg0.wav,Fire,FireDataset,5.0,train
X:\NEU\capstone\data\segments\fsd50k\200436.wav,Aircraft,FSD50K,16.4194375,train
X:\NEU\capstone\data\segments\wildfire\videoplayback_31_seg9.wav,Fire,FireDataset,5.0,train
X:\NEU\capstone\data\segments\fsd50k\169155.wav,Thunder,FSD50K,25.0,train
X:\NEU\capstone\data\segments\wildfire\y2mate.com - DD Ambience  Building on Fire  Blaze Inferno Wood Cracking Collapsing Loud Stressing_1_31_seg6.wav,Fire,FireDataset,5.0,train
X:\NEU\capstone\data\segments\fsd50k\199947.wav,Thunder,FSD50K,18.250875,train
X:\NEU\capstone\data\segments\fsd50k\375999.wav,Thunder,FSD50K,24.2410625,train
X:\NEU\capstone\data\segments\fsd50k\94707.wav,Fire,FSD50K,10.5386875,train
X:\NEU\capstone\data\segments\wildfire\y2mate.com - DD Ambience  Building on Fire  Blaze Inferno Wood Cracking Collapsing Loud Stressing_30_seg2.wav,Fire,FireDataset,5.0,test
X:\NEU\capstone\data\segments\fsd50k\38250.wav,Thunder,FSD50K,10.0,train
X:\NEU\capstone\data\segments\wildfire\videoplayback_51_seg0.wav,Fire,FireDataset,5.0,train
X:\NEU\capstone\data\segments\fsd50k\212401.wav,Fire,FSD50K,7.251375,train
X:\NEU\capstone\data\segments\wildfire\y2mate.com - DD Ambience  Building on Fire  Blaze Inferno Wood Cracking Collapsing Loud Stressing_09_seg9.wav,Fire,FireDataset,5.0,train
X:\NEU\capstone\data\segments\wildfire\y2mate.com - DD Ambience  Building on Fire  Blaze Inferno Wood Cracking Collapsing Loud Stressing_49_seg4.wav,Fire,FireDataset,5.0,train
X:\NEU\capstone\data\segments\fsd50k\23769.wav,Wind,FSD50K,10.0099375,train
X:\NEU\capstone\data\segments\wildfire\videoplayback_51_seg8.wav,Fire,FireDataset,5.0,test
X:\NEU\capstone\data\segments\wildfire\videoplayback_23_seg8.wav,Fire,FireDataset,5.0,train
X:\NEU\capstone\data\segments\fsd50k\192195.wav,Thunder,FSD50K,24.751875,train
X:\NEU\capstone\data\segments\fsd50k\377877.wav,Water,FSD50K,4.656875,train
X:\NEU\capstone\data\segments\wildfire\y2mate.com - DD Ambience  Building on Fire  Blaze Inferno Wood Cracking Collapsing Loud Stressing_1_17_seg0.wav,Fire,FireDataset,5.0,train
X:\NEU\capstone\data\segments\fsd50k\51889.wav,Train,FSD50K,12.0,train
X:\NEU\capstone\data\segments\wildfire\y2mate.com - DD Ambience  Building on Fire  Blaze Inferno Wood Cracking Collapsing Loud Stressing_19_seg2.wav,Fire,FireDataset,5.0,val
X:\NEU\capstone\data\segments\wildfire\y2mate.com - DD Ambience  Building on Fire  Blaze Inferno Wood Cracking Collapsing Loud Stressing_1_44_seg4.wav,Fire,FireDataset,5.0,train
X:\NEU\capstone\data\segments\wildfire\videoplayback_30_seg0.wav,Fire,FireDataset,5.0,train
X:\NEU\capstone\data\segments\fsd50k\136251.wav,Wind,FSD50K,11.9766875,train
X:\NEU\capstone\data\segments\wildfire\y2mate.com - DD Ambience  Building on Fire  Blaze Inferno Wood Cracking Collapsing Loud Stressing_1_47_seg7.wav,Fire,FireDataset,5.0,val
X:\NEU\capstone\data\segments\wildfire\y2mate.com - DD Ambience  Building on Fire  Blaze Inferno Wood Cracking Collapsing Loud Stressing_1_04_seg4.wav,Fire,FireDataset,5.0,train
X:\NEU\capstone\data\segments\wildfire\y2mate.com - DD Ambience  Building on Fire  Blaze Inferno Wood Cracking Collapsing Loud Stressing_1_49_seg2.wav,Fire,FireDataset,5.0,test
X:\NEU\capstone\data\segments\wildfire\videoplayback_32_seg7.wav,Fire,FireDataset,5.0,train
X:\NEU\capstone\data\segments\wildfire\y2mate.com - DD Ambience  Building on Fire  Blaze Inferno Wood Cracking Collapsing Loud Stressing_1_10_seg4.wav,Fire,FireDataset,5.0,train
X:\NEU\capstone\data\segments\wildfire\y2mate.com - DD Ambience  Building on Fire  Blaze Inferno Wood Cracking Collapsing Loud Stressing_1_51_seg3.wav,Fire,FireDataset,5.0,train
X:\NEU\capstone\data\segments\wildfire\y2mate.com - DD Ambience  Building on Fire  Blaze Inferno Wood Cracking Collapsing Loud Stressing_11_seg8.wav,Fire,FireDataset,5.0,train
X:\NEU\capstone\data\segments\wildfire\y2mate.com - DD Ambience  Building on Fire  Blaze Inferno Wood Cracking Collapsing Loud Stressing_1_66_seg8.wav,Fire,FireDataset,5.0,train
X:\NEU\capstone\data\segments\wildfire\y2mate.com - DD Ambience  Building on Fire  Blaze Inferno Wood Cracking Collapsing Loud Stressing_1_20_seg6.wav,Fire,FireDataset,5.0,train
X:\NEU\capstone\data\segments\wildfire\y2mate.com - DD Ambience  Building on Fire  Blaze Inferno Wood Cracking Collapsing Loud Stressing_1_41_seg3.wav,Fire,FireDataset,5.0,train
X:\NEU\capstone\data\segments\fsd50k\193012.wav,Fire,FSD50K,5.3195625,train
X:\NEU\capstone\data\segments\wildfire\y2mate.com - DD Ambience  Building on Fire  Blaze Inferno Wood Cracking Collapsing Loud Stressing_1_09_seg7.wav,Fire,FireDataset,5.0,train
X:\NEU\capstone\data\segments\wildfire\y2mate.com - DD Ambience  Building on Fire  Blaze Inferno Wood Cracking Collapsing Loud Stressing_1_17_seg6.wav,Fire,FireDataset,5.0,train
X:\NEU\capstone\data\segments\fsd50k\407021.wav,Wind,FSD50K,7.33475,train
X:\NEU\capstone\data\segments\wildfire\y2mate.com - DD Ambience  Building on Fire  Blaze Inferno Wood Cracking Collapsing Loud Stressing_20_seg3.wav,Fire,FireDataset,5.0,train
X:\NEU\capstone\data\segments\wildfire\y2mate.com - DD Ambience  Building on Fire  Blaze Inferno Wood Cracking Collapsing Loud Stressing_22_seg6.wav,Fire,FireDataset,5.0,train
X:\NEU\capstone\data\segments\fsd50k\2689.wav,Thunder,FSD50K,15.511,val
X:\NEU\capstone\data\segments\fsd50k\219470.wav,Aircraft,FSD50K,23.2593125,train
X:\NEU\capstone\data\segments\fsd50k\234882.wav,Fire,FSD50K,20.2299375,train
X:\NEU\capstone\data\segments\fsd50k\83695.wav,Fire,FSD50K,23.963,train
X:\NEU\capstone\data\segments\wildfire\videoplayback_11_seg7.wav,Fire,FireDataset,5.0,train
X:\NEU\capstone\data\segments\fsd50k\317834.wav,Fire,FSD50K,12.8421875,train
X:\NEU\capstone\data\segments\fsd50k\112673.wav,Train,FSD50K,13.5928125,train
X:\NEU\capstone\data\segments\wildfire\y2mate.com - DD Ambience  Building on Fire  Blaze Inferno Wood Cracking Collapsing Loud Stressing_1_69_seg3.wav,Fire,FireDataset,5.0,train
X:\NEU\capstone\data\segments\wildfire\videoplayback_56_seg6.wav,Fire,FireDataset,5.0,train
X:\NEU\capstone\data\segments\fsd50k\129427.wav,Wind,FSD50K,21.388,train
X:\NEU\capstone\data\segments\fsd50k\104078.wav,Wind,FSD50K,2.5,train
X:\NEU\capstone\data\segments\fsd50k\77588.wav,Thunder,FSD50K,3.868625,train
X:\NEU\capstone\data\segments\wildfire\videoplayback_05_seg3.wav,Fire,FireDataset,5.0,train
X:\NEU\capstone\data\segments\wildfire\y2mate.com - DD Ambience  Building on Fire  Blaze Inferno Wood Cracking Collapsing Loud Stressing_1_16_seg2.wav,Fire,FireDataset,5.0,train
X:\NEU\capstone\data\segments\wildfire\y2mate.com - DD Ambience  Building on Fire  Blaze Inferno Wood Cracking Collapsing Loud Stressing_1_25_seg2.wav,Fire,FireDataset,5.0,train
X:\NEU\capstone\data\segments\fsd50k\209582.wav,Fire,FSD50K,10.2734375,train
X:\NEU\capstone\data\segments\wildfire\y2mate.com - DD Ambience  Building on Fire  Blaze Inferno Wood Cracking Collapsing Loud Stressing_68_seg0.wav,Fire,FireDataset,5.0,train
X:\NEU\capstone\data\segments\wildfire\y2mate.com - DD Ambience  Building on Fire  Blaze Inferno Wood Cracking Collapsing Loud Stressing_20_seg1.wav,Fire,FireDataset,5.0,train
X:\NEU\capstone\data\segments\fsd50k\351361.wav,Fire,FSD50K,15.2474375,train
X:\NEU\capstone\data\segments\fsd50k\393004.wav,Wind,FSD50K,4.991625,train
X:\NEU\capstone\data\segments\wildfire\y2mate.com - DD Ambience  Building on Fire  Blaze Inferno Wood Cracking Collapsing Loud Stressing_53_seg0.wav,Fire,FireDataset,5.0,train
X:\NEU\capstone\data\segments\wildfire\y2mate.com - DD Ambience  Building on Fire  Blaze Inferno Wood Cracking Collapsing Loud Stressing_16_seg3.wav,Fire,FireDataset,5.0,train
X:\NEU\capstone\data\segments\fsd50k\423897.wav,Fire,FSD50K,10.5815,train
X:\NEU\capstone\data\segments\wildfire\videoplayback_47_seg1.wav,Fire,FireDataset,5.0,train
X:\NEU\capstone\data\segments\wildfire\y2mate.com - DD Ambience  Building on Fire  Blaze Inferno Wood Cracking Collapsing Loud Stressing_1_72_seg3.wav,Fire,FireDataset,5.0,train
X:\NEU\capstone\data\segments\fsd50k\72531.wav,Train,FSD50K,25.9656875,train
X:\NEU\capstone\data\segments\wildfire\y2mate.com - DD Ambience  Building on Fire  Blaze Inferno Wood Cracking Collapsing Loud Stressing_31_seg7.wav,Fire,FireDataset,5.0,train
X:\NEU\capstone\data\segments\fsd50k\17510.wav,Wind,FSD50K,17.21775,train
X:\NEU\capstone\data\segments\fsd50k\164672.wav,Fire,FSD50K,7.6559375,train
X:\NEU\capstone\data\segments\fsd50k\423895.wav,Fire,FSD50K,9.6585625,train
X:\NEU\capstone\data\segments\fsd50k\213037.wav,Wind,FSD50K,26.6675625,test
X:\NEU\capstone\data\segments\fsd50k\320200.wav,Water,FSD50K,20.0976875,train
X:\NEU\capstone\data\segments\wildfire\y2mate.com - DD Ambience  Building on Fire  Blaze Inferno Wood Cracking Collapsing Loud Stressing_1_46_seg5.wav,Fire,FireDataset,5.0,test
X:\NEU\capstone\data\segments\fsd50k\329076.wav,Fire,FSD50K,4.1696875,train
X:\NEU\capstone\data\segments\wildfire\y2mate.com - DD Ambience  Building on Fire  Blaze Inferno Wood Cracking Collapsing Loud Stressing_1_53_seg4.wav,Fire,FireDataset,5.0,train
X:\NEU\capstone\data\segments\wildfire\y2mate.com - DD Ambience  Building on Fire  Blaze Inferno Wood Cracking Collapsing Loud Stressing_1_62_seg5.wav,Fire,FireDataset,5.0,train
X:\NEU\capstone\data\segments\wildfire\y2mate.com - DD Ambience  Building on Fire  Blaze Inferno Wood Cracking Collapsing Loud Stressing_43_seg2.wav,Fire,FireDataset,5.0,train
X:\NEU\capstone\data\segments\wildfire\videoplayback_38_seg9.wav,Fire,FireDataset,5.0,val
X:\NEU\capstone\data\segments\wildfire\y2mate.com - DD Ambience  Building on Fire  Blaze Inferno Wood Cracking Collapsing Loud Stressing_50_seg3.wav,Fire,FireDataset,5.0,test
X:\NEU\capstone\data\segments\fsd50k\426225.wav,Fire,FSD50K,16.12925,test
X:\NEU\capstone\data\segments\fsd50k\317552.wav,Train,FSD50K,26.3754375,train
X:\NEU\capstone\data\segments\wildfire\y2mate.com - DD Ambience  Building on Fire  Blaze Inferno Wood Cracking Collapsing Loud Stressing_1_28_seg0.wav,Fire,FireDataset,5.0,train
X:\NEU\capstone\data\segments\wildfire\y2mate.com - DD Ambience  Building on Fire  Blaze Inferno Wood Cracking Collapsing Loud Stressing_1_33_seg8.wav,Fire,FireDataset,5.0,train
X:\NEU\capstone\data\segments\wildfire\y2mate.com - DD Ambience  Building on Fire  Blaze Inferno Wood Cracking Collapsing Loud Stressing_58_seg5.wav,Fire,FireDataset,5.0,train
X:\NEU\capstone\data\segments\wildfire\y2mate.com - DD Ambience  Building on Fire  Blaze Inferno Wood Cracking Collapsing Loud Stressing_38_seg0.wav,Fire,FireDataset,5.0,train
X:\NEU\capstone\data\segments\fsd50k\382653.wav,Fire,FSD50K,14.8990625,val
X:\NEU\capstone\data\segments\wildfire\y2mate.com - DD Ambience  Building on Fire  Blaze Inferno Wood Cracking Collapsing Loud Stressing_32_seg6.wav,Fire,FireDataset,5.0,train
X:\NEU\capstone\data\segments\fsd50k\423888.wav,Fire,FSD50K,10.562875,train
X:\NEU\capstone\data\segments\fsd50k\256419.wav,Fire,FSD50K,26.801625,train
X:\NEU\capstone\data\segments\fsd50k\102697.wav,Fire,FSD50K,14.5356875,train
X:\NEU\capstone\data\segments\wildfire\y2mate.com - DD Ambience  Building on Fire  Blaze Inferno Wood Cracking Collapsing Loud Stressing_26_seg8.wav,Fire,FireDataset,5.0,train
X:\NEU\capstone\data\segments\wildfire\y2mate.com - DD Ambience  Building on Fire  Blaze Inferno Wood Cracking Collapsing Loud Stressing_56_seg0.wav,Fire,FireDataset,5.0,train
X:\NEU\capstone\data\segments\fsd50k\398448.wav,Fire,FSD50K,0.848125,train
X:\NEU\capstone\data\segments\fsd50k\237519.wav,Thunder,FSD50K,24.253875,train
X:\NEU\capstone\data\segments\wildfire\y2mate.com - DD Ambience  Building on Fire  Blaze Inferno Wood Cracking Collapsing Loud Stressing_1_56_seg4.wav,Fire,FireDataset,5.0,train
X:\NEU\capstone\data\segments\wildfire\y2mate.com - DD Ambience  Building on Fire  Blaze Inferno Wood Cracking Collapsing Loud Stressing_05_seg4.wav,Fire,FireDataset,5.0,train
X:\NEU\capstone\data\segments\wildfire\videoplayback_51_seg3.wav,Fire,FireDataset,5.0,train
X:\NEU\capstone\data\segments\wildfire\videoplayback_08_seg3.wav,Fire,FireDataset,5.0,val
X:\NEU\capstone\data\segments\wildfire\y2mate.com - DD Ambience  Building on Fire  Blaze Inferno Wood Cracking Collapsing Loud Stressing_1_70_seg7.wav,Fire,FireDataset,5.0,val
X:\NEU\capstone\data\segments\fsd50k\125634.wav,Thunder,FSD50K,14.656,test
X:\NEU\capstone\data\segments\fsd50k\354099.wav,Fire,FSD50K,2.2791875,train
X:\NEU\capstone\data\segments\wildfire\y2mate.com - DD Ambience  Building on Fire  Blaze Inferno Wood Cracking Collapsing Loud Stressing_1_05_seg2.wav,Fire,FireDataset,5.0,train
X:\NEU\capstone\data\segments\wildfire\y2mate.com - DD Ambience  Building on Fire  Blaze Inferno Wood Cracking Collapsing Loud Stressing_1_02_seg8.wav,Fire,FireDataset,5.0,train
X:\NEU\capstone\data\segments\fsd50k\204347.wav,Wind,FSD50K,14.4733125,train
X:\NEU\capstone\data\segments\fsd50k\255333.wav,Fire,FSD50K,19.0156875,val
X:\NEU\capstone\data\segments\wildfire\y2mate.com - DD Ambience  Building on Fire  Blaze Inferno Wood Cracking Collapsing Loud Stressing_67_seg6.wav,Fire,FireDataset,5.0,train
X:\NEU\capstone\data\segments\wildfire\videoplayback_67_seg4.wav,Fire,FireDataset,5.0,train
X:\NEU\capstone\data\segments\wildfire\y2mate.com - DD Ambience  Building on Fire  Blaze Inferno Wood Cracking Collapsing Loud Stressing_1_17_seg1.wav,Fire,FireDataset,5.0,val
X:\NEU\capstone\data\segments\fsd50k\18615.wav,Fire,FSD50K,5.872,train
X:\NEU\capstone\data\segments\wildfire\y2mate.com - DD Ambience  Building on Fire  Blaze Inferno Wood Cracking Collapsing Loud Stressing_1_10_seg8.wav,Fire,FireDataset,5.0,train
X:\NEU\capstone\data\segments\fsd50k\193300.wav,Fire,FSD50K,5.2266875,val
X:\NEU\capstone\data\segments\fsd50k\136691.wav,Water,FSD50K,8.0,train
X:\NEU\capstone\data\segments\fsd50k\369410.wav,Fire,FSD50K,12.50875,train
X:\NEU\capstone\data\segments\fsd50k\369494.wav,Water,FSD50K,15.872,train
X:\NEU\capstone\data\segments\fsd50k\431770.wav,Fire,FSD50K,11.011,train
X:\NEU\capstone\data\segments\wildfire\y2mate.com - DD Ambience  Building on Fire  Blaze Inferno Wood Cracking Collapsing Loud Stressing_1_40_seg3.wav,Fire,FireDataset,5.0,train
X:\NEU\capstone\data\segments\fsd50k\250108.wav,Water,FSD50K,15.875,train
X:\NEU\capstone\data\segments\fsd50k\240077.wav,Fire,FSD50K,25.7553125,train
X:\NEU\capstone\data\segments\wildfire\y2mate.com - DD Ambience  Building on Fire  Blaze Inferno Wood Cracking Collapsing Loud Stressing_1_70_seg1.wav,Fire,FireDataset,5.0,train
X:\NEU\capstone\data\segments\wildfire\videoplayback_03_seg6.wav,Fire,FireDataset,5.0,train
X:\NEU\capstone\data\segments\wildfire\y2mate.com - DD Ambience  Building on Fire  Blaze Inferno Wood Cracking Collapsing Loud Stressing_58_seg1.wav,Fire,FireDataset,5.0,val
X:\NEU\capstone\data\segments\wildfire\y2mate.com - DD Ambience  Building on Fire  Blaze Inferno Wood Cracking Collapsing Loud Stressing_1_57_seg6.wav,Fire,FireDataset,5.0,train
X:\NEU\capstone\data\segments\wildfire\y2mate.com - DD Ambience  Building on Fire  Blaze Inferno Wood Cracking Collapsing Loud Stressing_28_seg2.wav,Fire,FireDataset,5.0,train
X:\NEU\capstone\data\segments\wildfire\y2mate.com - DD Ambience  Building on Fire  Blaze Inferno Wood Cracking Collapsing Loud Stressing_45_seg0.wav,Fire,FireDataset,5.0,val
X:\NEU\capstone\data\segments\wildfire\y2mate.com - DD Ambience  Building on Fire  Blaze Inferno Wood Cracking Collapsing Loud Stressing_13_seg9.wav,Fire,FireDataset,5.0,train
X:\NEU\capstone\data\segments\wildfire\y2mate.com - DD Ambience  Building on Fire  Blaze Inferno Wood Cracking Collapsing Loud Stressing_1_42_seg1.wav,Fire,FireDataset,5.0,train
X:\NEU\capstone\data\segments\wildfire\y2mate.com - DD Ambience  Building on Fire  Blaze Inferno Wood Cracking Collapsing Loud Stressing_1_01_seg1.wav,Fire,FireDataset,5.0,test
X:\NEU\capstone\data\segments\wildfire\y2mate.com - DD Ambience  Building on Fire  Blaze Inferno Wood Cracking Collapsing Loud Stressing_36_seg9.wav,Fire,FireDataset,5.0,train
X:\NEU\capstone\data\segments\wildfire\videoplayback_56_seg4.wav,Fire,FireDataset,5.0,val
X:\NEU\capstone\data\segments\fsd50k\209021.wav,Wind,FSD50K,5.94975,train
X:\NEU\capstone\data\segments\fsd50k\170824.wav,Fire,FSD50K,1.1319375,train
X:\NEU\capstone\data\segments\wildfire\videoplayback_37_seg0.wav,Fire,FireDataset,5.0,train
X:\NEU\capstone\data\segments\wildfire\y2mate.com - DD Ambience  Building on Fire  Blaze Inferno Wood Cracking Collapsing Loud Stressing_1_08_seg6.wav,Fire,FireDataset,5.0,train
X:\NEU\capstone\data\segments\fsd50k\156333.wav,Fire,FSD50K,6.832,test
X:\NEU\capstone\data\segments\wildfire\y2mate.com - DD Ambience  Building on Fire  Blaze Inferno Wood Cracking Collapsing Loud Stressing_34_seg1.wav,Fire,FireDataset,5.0,val
X:\NEU\capstone\data\segments\wildfire\y2mate.com - DD Ambience  Building on Fire  Blaze Inferno Wood Cracking Collapsing Loud Stressing_42_seg7.wav,Fire,FireDataset,5.0,train
X:\NEU\capstone\data\segments\wildfire\videoplayback_18_seg6.wav,Fire,FireDataset,5.0,train
X:\NEU\capstone\data\segments\fsd50k\99085.wav,Thunder,FSD50K,22.9413125,train
X:\NEU\capstone\data\segments\wildfire\videoplayback_55_seg7.wav,Fire,FireDataset,5.0,train
X:\NEU\capstone\data\segments\wildfire\videoplayback_15_seg2.wav,Fire,FireDataset,5.0,train
X:\NEU\capstone\data\segments\wildfire\videoplayback_20_seg0.wav,Fire,FireDataset,5.0,val
X:\NEU\capstone\data\segments\wildfire\y2mate.com - DD Ambience  Building on Fire  Blaze Inferno Wood Cracking Collapsing Loud Stressing_65_seg1.wav,Fire,FireDataset,5.0,test
X:\NEU\capstone\data\segments\wildfire\videoplayback_07_seg2.wav,Fire,FireDataset,5.0,val
X:\NEU\capstone\data\segments\fsd50k\386537.wav,Wind,FSD50K,6.0,val
X:\NEU\capstone\data\segments\fsd50k\393003.wav,Wind,FSD50K,5.493625,train
X:\NEU\capstone\data\segments\fsd50k\251977.wav,Aircraft,FSD50K,26.7390625,train
X:\NEU\capstone\data\segments\fsd50k\402074.wav,Train,FSD50K,5.75,train
X:\NEU\capstone\data\segments\fsd50k\36269.wav,Fire,FSD50K,10.90175,train
X:\NEU\capstone\data\segments\fsd50k\249776.wav,Fire,FSD50K,17.492375,train
X:\NEU\capstone\data\segments\wildfire\videoplayback_14_seg0.wav,Fire,FireDataset,5.0,train
X:\NEU\capstone\data\segments\wildfire\videoplayback_51_seg2.wav,Fire,FireDataset,5.0,train
X:\NEU\capstone\data\segments\fsd50k\106801.wav,Wind,FSD50K,12.3375,train
X:\NEU\capstone\data\segments\wildfire\y2mate.com - DD Ambience  Building on Fire  Blaze Inferno Wood Cracking Collapsing Loud Stressing_1_51_seg7.wav,Fire,FireDataset,5.0,train
X:\NEU\capstone\data\segments\wildfire\y2mate.com - DD Ambience  Building on Fire  Blaze Inferno Wood Cracking Collapsing Loud Stressing_54_seg7.wav,Fire,FireDataset,5.0,train
X:\NEU\capstone\data\segments\wildfire\videoplayback_05_seg8.wav,Fire,FireDataset,5.0,train
X:\NEU\capstone\data\segments\wildfire\y2mate.com - DD Ambience  Building on Fire  Blaze Inferno Wood Cracking Collapsing Loud Stressing_1_50_seg7.wav,Fire,FireDataset,5.0,train
X:\NEU\capstone\data\segments\fsd50k\156327.wav,Fire,FSD50K,3.529375,test
X:\NEU\capstone\data\segments\fsd50k\422863.wav,Wind,FSD50K,7.9035,train
X:\NEU\capstone\data\segments\fsd50k\112690.wav,Train,FSD50K,11.4086875,train
X:\NEU\capstone\data\segments\wildfire\y2mate.com - DD Ambience  Building on Fire  Blaze Inferno Wood Cracking Collapsing Loud Stressing_1_59_seg2.wav,Fire,FireDataset,5.0,train
X:\NEU\capstone\data\segments\fsd50k\190679.wav,Wind,FSD50K,8.3846875,train
X:\NEU\capstone\data\segments\wildfire\y2mate.com - DD Ambience  Building on Fire  Blaze Inferno Wood Cracking Collapsing Loud Stressing_1_41_seg6.wav,Fire,FireDataset,5.0,train
X:\NEU\capstone\data\segments\fsd50k\380681.wav,Train,FSD50K,16.0,train
X:\NEU\capstone\data\segments\wildfire\y2mate.com - DD Ambience  Building on Fire  Blaze Inferno Wood Cracking Collapsing Loud Stressing_1_55_seg4.wav,Fire,FireDataset,5.0,train
X:\NEU\capstone\data\segments\fsd50k\156305.wav,Fire,FSD50K,4.647875,train
X:\NEU\capstone\data\segments\fsd50k\69607.wav,Aircraft,FSD50K,5.6415,train
X:\NEU\capstone\data\segments\wildfire\y2mate.com - DD Ambience  Building on Fire  Blaze Inferno Wood Cracking Collapsing Loud Stressing_56_seg6.wav,Fire,FireDataset,5.0,train
X:\NEU\capstone\data\segments\fsd50k\167828.wav,Water,FSD50K,8.8235625,train
X:\NEU\capstone\data\segments\wildfire\y2mate.com - DD Ambience  Building on Fire  Blaze Inferno Wood Cracking Collapsing Loud Stressing_18_seg4.wav,Fire,FireDataset,5.0,train
X:\NEU\capstone\data\segments\fsd50k\243774.wav,Water,FSD50K,20.0359375,train
X:\NEU\capstone\data\segments\wildfire\videoplayback_51_seg6.wav,Fire,FireDataset,5.0,val
X:\NEU\capstone\data\segments\fsd50k\34073.wav,Water,FSD50K,14.5501875,train
X:\NEU\capstone\data\segments\wildfire\videoplayback_03_seg2.wav,Fire,FireDataset,5.0,train
X:\NEU\capstone\data\segments\wildfire\videoplayback_30_seg3.wav,Fire,FireDataset,5.0,train
X:\NEU\capstone\data\segments\wildfire\y2mate.com - DD Ambience  Building on Fire  Blaze Inferno Wood Cracking Collapsing Loud Stressing_39_seg2.wav,Fire,FireDataset,5.0,train
X:\NEU\capstone\data\segments\wildfire\y2mate.com - DD Ambience  Building on Fire  Blaze Inferno Wood Cracking Collapsing Loud Stressing_69_seg7.wav,Fire,FireDataset,5.0,train
X:\NEU\capstone\data\segments\wildfire\y2mate.com - DD Ambience  Building on Fire  Blaze Inferno Wood Cracking Collapsing Loud Stressing_02_seg9.wav,Fire,FireDataset,5.0,train
X:\NEU\capstone\data\segments\wildfire\y2mate.com - DD Ambience  Building on Fire  Blaze Inferno Wood Cracking Collapsing Loud Stressing_15_seg4.wav,Fire,FireDataset,5.0,train
X:\NEU\capstone\data\segments\wildfire\y2mate.com - DD Ambience  Building on Fire  Blaze Inferno Wood Cracking Collapsing Loud Stressing_1_36_seg3.wav,Fire,FireDataset,5.0,train
X:\NEU\capstone\data\segments\fsd50k\420294.wav,Wind,FSD50K,1.0154375,train
X:\NEU\capstone\data\segments\fsd50k\332180.wav,Water,FSD50K,11.04,train
X:\NEU\capstone\data\segments\fsd50k\196337.wav,Fire,FSD50K,6.7105625,train
X:\NEU\capstone\data\segments\wildfire\y2mate.com - DD Ambience  Building on Fire  Blaze Inferno Wood Cracking Collapsing Loud Stressing_1_16_seg3.wav,Fire,FireDataset,5.0,train
X:\NEU\capstone\data\segments\wildfire\y2mate.com - DD Ambience  Building on Fire  Blaze Inferno Wood Cracking Collapsing Loud Stressing_42_seg6.wav,Fire,FireDataset,5.0,train
X:\NEU\capstone\data\segments\wildfire\y2mate.com - DD Ambience  Building on Fire  Blaze Inferno Wood Cracking Collapsing Loud Stressing_56_seg5.wav,Fire,FireDataset,5.0,val
X:\NEU\capstone\data\segments\wildfire\y2mate.com - DD Ambience  Building on Fire  Blaze Inferno Wood Cracking Collapsing Loud Stressing_05_seg8.wav,Fire,FireDataset,5.0,train
X:\NEU\capstone\data\segments\wildfire\videoplayback_29_seg2.wav,Fire,FireDataset,5.0,val
X:\NEU\capstone\data\segments\wildfire\videoplayback_24_seg3.wav,Fire,FireDataset,5.0,train
X:\NEU\capstone\data\segments\wildfire\videoplayback_21_seg0.wav,Fire,FireDataset,5.0,train
X:\NEU\capstone\data\segments\fsd50k\267319.wav,Fire,FSD50K,9.26475,train
X:\NEU\capstone\data\segments\wildfire\y2mate.com - DD Ambience  Building on Fire  Blaze Inferno Wood Cracking Collapsing Loud Stressing_1_22_seg0.wav,Fire,FireDataset,5.0,train
X:\NEU\capstone\data\segments\wildfire\y2mate.com - DD Ambience  Building on Fire  Blaze Inferno Wood Cracking Collapsing Loud Stressing_1_03_seg9.wav,Fire,FireDataset,5.0,val
X:\NEU\capstone\data\segments\wildfire\y2mate.com - DD Ambience  Building on Fire  Blaze Inferno Wood Cracking Collapsing Loud Stressing_60_seg4.wav,Fire,FireDataset,5.0,train
X:\NEU\capstone\data\segments\wildfire\y2mate.com - DD Ambience  Building on Fire  Blaze Inferno Wood Cracking Collapsing Loud Stressing_1_36_seg5.wav,Fire,FireDataset,5.0,train
X:\NEU\capstone\data\segments\wildfire\videoplayback_24_seg5.wav,Fire,FireDataset,5.0,train
X:\NEU\capstone\data\segments\wildfire\videoplayback_66_seg2.wav,Fire,FireDataset,5.0,test
X:\NEU\capstone\data\segments\fsd50k\84682.wav,Water,FSD50K,10.91075,test
X:\NEU\capstone\data\segments\fsd50k\420310.wav,Wind,FSD50K,1.0574375,train
X:\NEU\capstone\data\segments\wildfire\y2mate.com - DD Ambience  Building on Fire  Blaze Inferno Wood Cracking Collapsing Loud Stressing_1_41_seg4.wav,Fire,FireDataset,5.0,train
X:\NEU\capstone\data\segments\wildfire\videoplayback_20_seg8.wav,Fire,FireDataset,5.0,train
X:\NEU\capstone\data\segments\wildfire\y2mate.com - DD Ambience  Building on Fire  Blaze Inferno Wood Cracking Collapsing Loud Stressing_1_48_seg8.wav,Fire,FireDataset,5.0,train
X:\NEU\capstone\data\segments\wildfire\y2mate.com - DD Ambience  Building on Fire  Blaze Inferno Wood Cracking Collapsing Loud Stressing_10_seg7.wav,Fire,FireDataset,5.0,train
X:\NEU\capstone\data\segments\fsd50k\338089.wav,Thunder,FSD50K,15.151,train
X:\NEU\capstone\data\segments\fsd50k\394936.wav,Water,FSD50K,9.6266875,train
X:\NEU\capstone\data\segments\fsd50k\199944.wav,Thunder,FSD50K,26.935125,val
X:\NEU\capstone\data\segments\wildfire\videoplayback_05_seg7.wav,Fire,FireDataset,5.0,train
X:\NEU\capstone\data\segments\wildfire\videoplayback_52_seg5.wav,Fire,FireDataset,5.0,train
X:\NEU\capstone\data\segments\wildfire\y2mate.com - DD Ambience  Building on Fire  Blaze Inferno Wood Cracking Collapsing Loud Stressing_1_47_seg9.wav,Fire,FireDataset,5.0,train
X:\NEU\capstone\data\segments\fsd50k\130053.wav,Fire,FSD50K,14.4395625,train
X:\NEU\capstone\data\segments\wildfire\y2mate.com - DD Ambience  Building on Fire  Blaze Inferno Wood Cracking Collapsing Loud Stressing_1_59_seg7.wav,Fire,FireDataset,5.0,train
X:\NEU\capstone\data\segments\wildfire\y2mate.com - DD Ambience  Building on Fire  Blaze Inferno Wood Cracking Collapsing Loud Stressing_67_seg1.wav,Fire,FireDataset,5.0,train
X:\NEU\capstone\data\segments\fsd50k\349364.wav,Fire,FSD50K,17.7785,train
X:\NEU\capstone\data\segments\wildfire\videoplayback_38_seg8.wav,Fire,FireDataset,5.0,train
X:\NEU\capstone\data\segments\wildfire\videoplayback_26_seg4.wav,Fire,FireDataset,5.0,train
X:\NEU\capstone\data\segments\fsd50k\81487.wav,Water,FSD50K,21.176125,test
X:\NEU\capstone\data\segments\fsd50k\426859.wav,Thunder,FSD50K,17.7339375,train
X:\NEU\capstone\data\segments\wildfire\y2mate.com - DD Ambience  Building on Fire  Blaze Inferno Wood Cracking Collapsing Loud Stressing_1_58_seg2.wav,Fire,FireDataset,5.0,train
X:\NEU\capstone\data\segments\fsd50k\47523.wav,Train,FSD50K,28.1599375,train
X:\NEU\capstone\data\segments\fsd50k\156308.wav,Fire,FSD50K,7.3185,train
X:\NEU\capstone\data\segments\wildfire\y2mate.com - DD Ambience  Building on Fire  Blaze Inferno Wood Cracking Collapsing Loud Stressing_1_60_seg2.wav,Fire,FireDataset,5.0,train
X:\NEU\capstone\data\segments\wildfire\y2mate.com - DD Ambience  Building on Fire  Blaze Inferno Wood Cracking Collapsing Loud Stressing_71_seg4.wav,Fire,FireDataset,5.0,train
X:\NEU\capstone\data\segments\fsd50k\86144.wav,Fire,FSD50K,1.668375,train
X:\NEU\capstone\data\segments\fsd50k\54979.wav,Thunder,FSD50K,18.06625,test
X:\NEU\capstone\data\segments\fsd50k\26841.wav,Train,FSD50K,13.144875,train
X:\NEU\capstone\data\segments\wildfire\videoplayback_34_seg0.wav,Fire,FireDataset,5.0,train
X:\NEU\capstone\data\segments\wildfire\videoplayback_72_seg1.wav,Fire,FireDataset,5.0,val
X:\NEU\capstone\data\segments\wildfire\videoplayback_62_seg3.wav,Fire,FireDataset,5.0,val
X:\NEU\capstone\data\segments\wildfire\videoplayback_13_seg5.wav,Fire,FireDataset,5.0,val
X:\NEU\capstone\data\segments\wildfire\videoplayback_14_seg8.wav,Fire,FireDataset,5.0,train
X:\NEU\capstone\data\segments\wildfire\y2mate.com - DD Ambience  Building on Fire  Blaze Inferno Wood Cracking Collapsing Loud Stressing_1_44_seg6.wav,Fire,FireDataset,5.0,train
X:\NEU\capstone\data\segments\fsd50k\98247.wav,Aircraft,FSD50K,27.0744375,train
X:\NEU\capstone\data\segments\wildfire\y2mate.com - DD Ambience  Building on Fire  Blaze Inferno Wood Cracking Collapsing Loud Stressing_28_seg4.wav,Fire,FireDataset,5.0,test
X:\NEU\capstone\data\segments\wildfire\videoplayback_47_seg5.wav,Fire,FireDataset,5.0,train
X:\NEU\capstone\data\segments\wildfire\y2mate.com - DD Ambience  Building on Fire  Blaze Inferno Wood Cracking Collapsing Loud Stressing_1_64_seg2.wav,Fire,FireDataset,5.0,train
X:\NEU\capstone\data\segments\fsd50k\112677.wav,Train,FSD50K,10.2984375,test
X:\NEU\capstone\data\segments\fsd50k\370339.wav,Fire,FSD50K,7.44,train
X:\NEU\capstone\data\segments\fsd50k\169540.wav,Wind,FSD50K,18.991,train
X:\NEU\capstone\data\segments\wildfire\videoplayback_27_seg5.wav,Fire,FireDataset,5.0,val
X:\NEU\capstone\data\segments\wildfire\y2mate.com - DD Ambience  Building on Fire  Blaze Inferno Wood Cracking Collapsing Loud Stressing_70_seg9.wav,Fire,FireDataset,5.0,val
X:\NEU\capstone\data\segments\wildfire\y2mate.com - DD Ambience  Building on Fire  Blaze Inferno Wood Cracking Collapsing Loud Stressing_1_34_seg9.wav,Fire,FireDataset,5.0,train
X:\NEU\capstone\data\segments\wildfire\y2mate.com - DD Ambience  Building on Fire  Blaze Inferno Wood Cracking Collapsing Loud Stressing_1_09_seg5.wav,Fire,FireDataset,5.0,train
X:\NEU\capstone\data\segments\wildfire\y2mate.com - DD Ambience  Building on Fire  Blaze Inferno Wood Cracking Collapsing Loud Stressing_29_seg6.wav,Fire,FireDataset,5.0,train
X:\NEU\capstone\data\segments\wildfire\y2mate.com - DD Ambience  Building on Fire  Blaze Inferno Wood Cracking Collapsing Loud Stressing_17_seg9.wav,Fire,FireDataset,5.0,train
X:\NEU\capstone\data\segments\wildfire\videoplayback_47_seg4.wav,Fire,FireDataset,5.0,train
X:\NEU\capstone\data\segments\wildfire\videoplayback_50_seg8.wav,Fire,FireDataset,5.0,train
X:\NEU\capstone\data\segments\wildfire\videoplayback_30_seg9.wav,Fire,FireDataset,5.0,train
X:\NEU\capstone\data\segments\wildfire\y2mate.com - DD Ambience  Building on Fire  Blaze Inferno Wood Cracking Collapsing Loud Stressing_63_seg0.wav,Fire,FireDataset,5.0,val
X:\NEU\capstone\data\segments\wildfire\videoplayback_36_seg4.wav,Fire,FireDataset,5.0,train
X:\NEU\capstone\data\segments\wildfire\y2mate.com - DD Ambience  Building on Fire  Blaze Inferno Wood Cracking Collapsing Loud Stressing_1_59_seg0.wav,Fire,FireDataset,5.0,train
X:\NEU\capstone\data\segments\fsd50k\79192.wav,Fire,FSD50K,1.0775,train
X:\NEU\capstone\data\segments\fsd50k\196034.wav,Thunder,FSD50K,27.32725,train
X:\NEU\capstone\data\segments\wildfire\y2mate.com - DD Ambience  Building on Fire  Blaze Inferno Wood Cracking Collapsing Loud Stressing_31_seg1.wav,Fire,FireDataset,5.0,test
X:\NEU\capstone\data\segments\wildfire\y2mate.com - DD Ambience  Building on Fire  Blaze Inferno Wood Cracking Collapsing Loud Stressing_1_12_seg4.wav,Fire,FireDataset,5.0,train
X:\NEU\capstone\data\segments\wildfire\y2mate.com - DD Ambience  Building on Fire  Blaze Inferno Wood Cracking Collapsing Loud Stressing_49_seg3.wav,Fire,FireDataset,5.0,train
X:\NEU\capstone\data\segments\fsd50k\398812.wav,Fire,FSD50K,4.4824375,train
X:\NEU\capstone\data\segments\fsd50k\427549.wav,Water,FSD50K,17.0,train
X:\NEU\capstone\data\segments\fsd50k\181580.wav,Fire,FSD50K,10.6651875,test
X:\NEU\capstone\data\segments\fsd50k\407025.wav,Wind,FSD50K,10.7328125,train
X:\NEU\capstone\data\segments\wildfire\y2mate.com - DD Ambience  Building on Fire  Blaze Inferno Wood Cracking Collapsing Loud Stressing_1_55_seg3.wav,Fire,FireDataset,5.0,train
X:\NEU\capstone\data\segments\fsd50k\38244.wav,Thunder,FSD50K,8.0,train
X:\NEU\capstone\data\segments\fsd50k\135676.wav,Fire,FSD50K,3.0439375,val
X:\NEU\capstone\data\segments\fsd50k\325801.wav,Fire,FSD50K,2.5233125,train
X:\NEU\capstone\data\segments\wildfire\y2mate.com - DD Ambience  Building on Fire  Blaze Inferno Wood Cracking Collapsing Loud Stressing_1_41_seg8.wav,Fire,FireDataset,5.0,train
X:\NEU\capstone\data\segments\wildfire\y2mate.com - DD Ambience  Building on Fire  Blaze Inferno Wood Cracking Collapsing Loud Stressing_32_seg0.wav,Fire,FireDataset,5.0,train
X:\NEU\capstone\data\segments\fsd50k\182897.wav,Wind,FSD50K,4.344375,train
X:\NEU\capstone\data\segments\fsd50k\86753.wav,Train,FSD50K,21.3929375,train
X:\NEU\capstone\data\segments\wildfire\y2mate.com - DD Ambience  Building on Fire  Blaze Inferno Wood Cracking Collapsing Loud Stressing_12_seg6.wav,Fire,FireDataset,5.0,train
X:\NEU\capstone\data\segments\fsd50k\19807.wav,Train,FSD50K,3.1028125,train
X:\NEU\capstone\data\segments\wildfire\y2mate.com - DD Ambience  Building on Fire  Blaze Inferno Wood Cracking Collapsing Loud Stressing_17_seg7.wav,Fire,FireDataset,5.0,train
X:\NEU\capstone\data\segments\fsd50k\178571.wav,Water,FSD50K,26.5159375,train
X:\NEU\capstone\data\segments\wildfire\y2mate.com - DD Ambience  Building on Fire  Blaze Inferno Wood Cracking Collapsing Loud Stressing_1_22_seg1.wav,Fire,FireDataset,5.0,train
X:\NEU\capstone\data\segments\wildfire\y2mate.com - DD Ambience  Building on Fire  Blaze Inferno Wood Cracking Collapsing Loud Stressing_14_seg2.wav,Fire,FireDataset,5.0,train
X:\NEU\capstone\data\segments\fsd50k\367328.wav,Wind,FSD50K,8.68,test
X:\NEU\capstone\data\segments\wildfire\videoplayback_70_seg0.wav,Fire,FireDataset,5.0,train
X:\NEU\capstone\data\segments\wildfire\y2mate.com - DD Ambience  Building on Fire  Blaze Inferno Wood Cracking Collapsing Loud Stressing_47_seg4.wav,Fire,FireDataset,5.0,val
X:\NEU\capstone\data\segments\fsd50k\83296.wav,Train,FSD50K,22.5428125,train
X:\NEU\capstone\data\segments\fsd50k\420314.wav,Wind,FSD50K,2.44575,train
X:\NEU\capstone\data\segments\wildfire\y2mate.com - DD Ambience  Building on Fire  Blaze Inferno Wood Cracking Collapsing Loud Stressing_1_43_seg4.wav,Fire,FireDataset,5.0,train
X:\NEU\capstone\data\segments\wildfire\y2mate.com - DD Ambience  Building on Fire  Blaze Inferno Wood Cracking Collapsing Loud Stressing_1_65_seg1.wav,Fire,FireDataset,5.0,train
X:\NEU\capstone\data\segments\wildfire\y2mate.com - DD Ambience  Building on Fire  Blaze Inferno Wood Cracking Collapsing Loud Stressing_36_seg2.wav,Fire,FireDataset,5.0,train
X:\NEU\capstone\data\segments\wildfire\y2mate.com - DD Ambience  Building on Fire  Blaze Inferno Wood Cracking Collapsing Loud Stressing_1_33_seg5.wav,Fire,FireDataset,5.0,train
X:\NEU\capstone\data\segments\fsd50k\263395.wav,Train,FSD50K,13.536,train
X:\NEU\capstone\data\segments\wildfire\videoplayback_49_seg4.wav,Fire,FireDataset,5.0,train
X:\NEU\capstone\data\segments\fsd50k\268804.wav,Fire,FSD50K,2.1975,train
X:\NEU\capstone\data\segments\fsd50k\95264.wav,Wind,FSD50K,16.0218125,train
X:\NEU\capstone\data\segments\fsd50k\45642.wav,Wind,FSD50K,11.2145,train
X:\NEU\capstone\data\segments\wildfire\y2mate.com - DD Ambience  Building on Fire  Blaze Inferno Wood Cracking Collapsing Loud Stressing_1_10_seg6.wav,Fire,FireDataset,5.0,val
X:\NEU\capstone\data\segments\wildfire\videoplayback_27_seg1.wav,Fire,FireDataset,5.0,train
X:\NEU\capstone\data\segments\wildfire\y2mate.com - DD Ambience  Building on Fire  Blaze Inferno Wood Cracking Collapsing Loud Stressing_1_71_seg1.wav,Fire,FireDataset,5.0,train
X:\NEU\capstone\data\segments\fsd50k\184291.wav,Train,FSD50K,6.0526875,test
X:\NEU\capstone\data\segments\wildfire\y2mate.com - DD Ambience  Building on Fire  Blaze Inferno Wood Cracking Collapsing Loud Stressing_72_seg4.wav,Fire,FireDataset,5.0,train
X:\NEU\capstone\data\segments\fsd50k\327767.wav,Water,FSD50K,5.4595625,train
X:\NEU\capstone\data\segments\wildfire\videoplayback_23_seg2.wav,Fire,FireDataset,5.0,train
X:\NEU\capstone\data\segments\wildfire\y2mate.com - DD Ambience  Building on Fire  Blaze Inferno Wood Cracking Collapsing Loud Stressing_1_08_seg0.wav,Fire,FireDataset,5.0,test
X:\NEU\capstone\data\segments\fsd50k\397368.wav,Train,FSD50K,8.116375,train
X:\NEU\capstone\data\segments\wildfire\y2mate.com - DD Ambience  Building on Fire  Blaze Inferno Wood Cracking Collapsing Loud Stressing_26_seg6.wav,Fire,FireDataset,5.0,train
X:\NEU\capstone\data\segments\wildfire\y2mate.com - DD Ambience  Building on Fire  Blaze Inferno Wood Cracking Collapsing Loud Stressing_1_72_seg0.wav,Fire,FireDataset,5.0,train
X:\NEU\capstone\data\segments\fsd50k\346370.wav,Train,FSD50K,18.006,train
X:\NEU\capstone\data\segments\wildfire\y2mate.com - DD Ambience  Building on Fire  Blaze Inferno Wood Cracking Collapsing Loud Stressing_03_seg5.wav,Fire,FireDataset,5.0,train
X:\NEU\capstone\data\segments\wildfire\y2mate.com - DD Ambience  Building on Fire  Blaze Inferno Wood Cracking Collapsing Loud Stressing_1_72_seg6.wav,Fire,FireDataset,5.0,val
X:\NEU\capstone\data\segments\fsd50k\27074.wav,Thunder,FSD50K,23.9020625,train
X:\NEU\capstone\data\segments\wildfire\y2mate.com - DD Ambience  Building on Fire  Blaze Inferno Wood Cracking Collapsing Loud Stressing_1_62_seg6.wav,Fire,FireDataset,5.0,test
X:\NEU\capstone\data\segments\wildfire\videoplayback_44_seg8.wav,Fire,FireDataset,5.0,train
X:\NEU\capstone\data\segments\wildfire\videoplayback_60_seg7.wav,Fire,FireDataset,5.0,train
X:\NEU\capstone\data\segments\wildfire\y2mate.com - DD Ambience  Building on Fire  Blaze Inferno Wood Cracking Collapsing Loud Stressing_19_seg0.wav,Fire,FireDataset,5.0,test
X:\NEU\capstone\data\segments\wildfire\y2mate.com - DD Ambience  Building on Fire  Blaze Inferno Wood Cracking Collapsing Loud Stressing_1_03_seg7.wav,Fire,FireDataset,5.0,train
X:\NEU\capstone\data\segments\fsd50k\323496.wav,Fire,FSD50K,4.741,train
X:\NEU\capstone\data\segments\fsd50k\167250.wav,Fire,FSD50K,12.0,train
X:\NEU\capstone\data\segments\wildfire\y2mate.com - DD Ambience  Building on Fire  Blaze Inferno Wood Cracking Collapsing Loud Stressing_1_72_seg2.wav,Fire,FireDataset,5.0,train
X:\NEU\capstone\data\segments\wildfire\videoplayback_61_seg3.wav,Fire,FireDataset,5.0,train
X:\NEU\capstone\data\segments\fsd50k\335695.wav,Fire,FSD50K,26.6216875,train
X:\NEU\capstone\data\segments\wildfire\y2mate.com - DD Ambience  Building on Fire  Blaze Inferno Wood Cracking Collapsing Loud Stressing_13_seg6.wav,Fire,FireDataset,5.0,test
X:\NEU\capstone\data\segments\wildfire\y2mate.com - DD Ambience  Building on Fire  Blaze Inferno Wood Cracking Collapsing Loud Stressing_46_seg6.wav,Fire,FireDataset,5.0,test
X:\NEU\capstone\data\segments\fsd50k\242013.wav,Thunder,FSD50K,11.272375,train
X:\NEU\capstone\data\segments\wildfire\videoplayback_01_seg0.wav,Fire,FireDataset,5.0,train
X:\NEU\capstone\data\segments\fsd50k\26096.wav,Aircraft,FSD50K,24.1366875,train
X:\NEU\capstone\data\segments\fsd50k\365007.wav,Water,FSD50K,7.765375,train
X:\NEU\capstone\data\segments\wildfire\y2mate.com - DD Ambience  Building on Fire  Blaze Inferno Wood Cracking Collapsing Loud Stressing_1_64_seg4.wav,Fire,FireDataset,5.0,val
X:\NEU\capstone\data\segments\wildfire\y2mate.com - DD Ambience  Building on Fire  Blaze Inferno Wood Cracking Collapsing Loud Stressing_1_23_seg4.wav,Fire,FireDataset,5.0,train
X:\NEU\capstone\data\segments\wildfire\y2mate.com - DD Ambience  Building on Fire  Blaze Inferno Wood Cracking Collapsing Loud Stressing_62_seg3.wav,Fire,FireDataset,5.0,val
X:\NEU\capstone\data\segments\wildfire\y2mate.com - DD Ambience  Building on Fire  Blaze Inferno Wood Cracking Collapsing Loud Stressing_66_seg8.wav,Fire,FireDataset,5.0,train
X:\NEU\capstone\data\segments\wildfire\videoplayback_25_seg5.wav,Fire,FireDataset,5.0,train
X:\NEU\capstone\data\segments\wildfire\y2mate.com - DD Ambience  Building on Fire  Blaze Inferno Wood Cracking Collapsing Loud Stressing_1_60_seg8.wav,Fire,FireDataset,5.0,train
X:\NEU\capstone\data\segments\fsd50k\84671.wav,Water,FSD50K,3.5581875,train
X:\NEU\capstone\data\segments\fsd50k\124129.wav,Thunder,FSD50K,23.4494375,train
X:\NEU\capstone\data\segments\fsd50k\75693.wav,Wind,FSD50K,6.635125,train
X:\NEU\capstone\data\segments\fsd50k\62058.wav,Train,FSD50K,6.317125,train
X:\NEU\capstone\data\segments\wildfire\y2mate.com - DD Ambience  Building on Fire  Blaze Inferno Wood Cracking Collapsing Loud Stressing_1_26_seg6.wav,Fire,FireDataset,5.0,train
X:\NEU\capstone\data\segments\wildfire\y2mate.com - DD Ambience  Building on Fire  Blaze Inferno Wood Cracking Collapsing Loud Stressing_1_33_seg7.wav,Fire,FireDataset,5.0,train
X:\NEU\capstone\data\segments\fsd50k\37544.wav,Water,FSD50K,4.4350625,train
X:\NEU\capstone\data\segments\wildfire\y2mate.com - DD Ambience  Building on Fire  Blaze Inferno Wood Cracking Collapsing Loud Stressing_1_22_seg6.wav,Fire,FireDataset,5.0,val
X:\NEU\capstone\data\segments\fsd50k\274309.wav,Fire,FSD50K,1.5994375,train
X:\NEU\capstone\data\segments\wildfire\y2mate.com - DD Ambience  Building on Fire  Blaze Inferno Wood Cracking Collapsing Loud Stressing_1_45_seg8.wav,Fire,FireDataset,5.0,train
X:\NEU\capstone\data\segments\wildfire\y2mate.com - DD Ambience  Building on Fire  Blaze Inferno Wood Cracking Collapsing Loud Stressing_40_seg3.wav,Fire,FireDataset,5.0,train
X:\NEU\capstone\data\segments\wildfire\y2mate.com - DD Ambience  Building on Fire  Blaze Inferno Wood Cracking Collapsing Loud Stressing_34_seg3.wav,Fire,FireDataset,5.0,train
X:\NEU\capstone\data\segments\wildfire\y2mate.com - DD Ambience  Building on Fire  Blaze Inferno Wood Cracking Collapsing Loud Stressing_1_57_seg3.wav,Fire,FireDataset,5.0,train
X:\NEU\capstone\data\segments\wildfire\y2mate.com - DD Ambience  Building on Fire  Blaze Inferno Wood Cracking Collapsing Loud Stressing_1_46_seg0.wav,Fire,FireDataset,5.0,train
X:\NEU\capstone\data\segments\fsd50k\398811.wav,Fire,FSD50K,2.2784375,train
X:\NEU\capstone\data\segments\fsd50k\156321.wav,Fire,FSD50K,4.3455625,train
X:\NEU\capstone\data\segments\fsd50k\186924.wav,Fire,FSD50K,11.9925625,val
X:\NEU\capstone\data\segments\wildfire\y2mate.com - DD Ambience  Building on Fire  Blaze Inferno Wood Cracking Collapsing Loud Stressing_1_20_seg5.wav,Fire,FireDataset,5.0,train
X:\NEU\capstone\data\segments\wildfire\y2mate.com - DD Ambience  Building on Fire  Blaze Inferno Wood Cracking Collapsing Loud Stressing_1_32_seg5.wav,Fire,FireDataset,5.0,val
X:\NEU\capstone\data\segments\fsd50k\363868.wav,Water,FSD50K,8.4463125,train
X:\NEU\capstone\data\segments\fsd50k\203721.wav,Thunder,FSD50K,7.0,test
X:\NEU\capstone\data\segments\wildfire\y2mate.com - DD Ambience  Building on Fire  Blaze Inferno Wood Cracking Collapsing Loud Stressing_1_69_seg9.wav,Fire,FireDataset,5.0,train
X:\NEU\capstone\data\segments\fsd50k\182907.wav,Wind,FSD50K,4.80475,train
X:\NEU\capstone\data\segments\fsd50k\123632.wav,Fire,FSD50K,3.4928125,val
X:\NEU\capstone\data\segments\wildfire\y2mate.com - DD Ambience  Building on Fire  Blaze Inferno Wood Cracking Collapsing Loud Stressing_1_22_seg3.wav,Fire,FireDataset,5.0,train
X:\NEU\capstone\data\segments\wildfire\y2mate.com - DD Ambience  Building on Fire  Blaze Inferno Wood Cracking Collapsing Loud Stressing_70_seg8.wav,Fire,FireDataset,5.0,train
X:\NEU\capstone\data\segments\fsd50k\19002.wav,Train,FSD50K,7.6595625,train
X:\NEU\capstone\data\segments\fsd50k\74328.wav,Fire,FSD50K,4.4156875,train
X:\NEU\capstone\data\segments\fsd50k\39983.wav,Aircraft,FSD50K,30.0,train
X:\NEU\capstone\data\segments\fsd50k\112694.wav,Train,FSD50K,11.0,train
X:\NEU\capstone\data\segments\wildfire\y2mate.com - DD Ambience  Building on Fire  Blaze Inferno Wood Cracking Collapsing Loud Stressing_1_57_seg9.wav,Fire,FireDataset,5.0,train
X:\NEU\capstone\data\segments\wildfire\y2mate.com - DD Ambience  Building on Fire  Blaze Inferno Wood Cracking Collapsing Loud Stressing_1_37_seg7.wav,Fire,FireDataset,5.0,train
X:\NEU\capstone\data\segments\wildfire\y2mate.com - DD Ambience  Building on Fire  Blaze Inferno Wood Cracking Collapsing Loud Stressing_29_seg5.wav,Fire,FireDataset,5.0,train
X:\NEU\capstone\data\segments\wildfire\y2mate.com - DD Ambience  Building on Fire  Blaze Inferno Wood Cracking Collapsing Loud Stressing_03_seg6.wav,Fire,FireDataset,5.0,train
X:\NEU\capstone\data\segments\wildfire\y2mate.com - DD Ambience  Building on Fire  Blaze Inferno Wood Cracking Collapsing Loud Stressing_63_seg1.wav,Fire,FireDataset,5.0,test
X:\NEU\capstone\data\segments\wildfire\y2mate.com - DD Ambience  Building on Fire  Blaze Inferno Wood Cracking Collapsing Loud Stressing_53_seg8.wav,Fire,FireDataset,5.0,test
X:\NEU\capstone\data\segments\fsd50k\427602.wav,Water,FSD50K,22.5204375,train
X:\NEU\capstone\data\segments\wildfire\y2mate.com - DD Ambience  Building on Fire  Blaze Inferno Wood Cracking Collapsing Loud Stressing_23_seg4.wav,Fire,FireDataset,5.0,test
X:\NEU\capstone\data\segments\fsd50k\393789.wav,Fire,FSD50K,2.580375,train
X:\NEU\capstone\data\segments\fsd50k\423355.wav,Train,FSD50K,2.0,train
X:\NEU\capstone\data\segments\fsd50k\395937.wav,Water,FSD50K,30.0,train
X:\NEU\capstone\data\segments\wildfire\y2mate.com - DD Ambience  Building on Fire  Blaze Inferno Wood Cracking Collapsing Loud Stressing_42_seg3.wav,Fire,FireDataset,5.0,val
X:\NEU\capstone\data\segments\wildfire\videoplayback_23_seg3.wav,Fire,FireDataset,5.0,train
X:\NEU\capstone\data\segments\wildfire\y2mate.com - DD Ambience  Building on Fire  Blaze Inferno Wood Cracking Collapsing Loud Stressing_36_seg0.wav,Fire,FireDataset,5.0,train
X:\NEU\capstone\data\segments\fsd50k\341945.wav,Thunder,FSD50K,11.30175,train
X:\NEU\capstone\data\segments\wildfire\videoplayback_41_seg5.wav,Fire,FireDataset,5.0,train
X:\NEU\capstone\data\segments\fsd50k\156325.wav,Fire,FSD50K,2.9171875,train
X:\NEU\capstone\data\segments\fsd50k\51497.wav,Thunder,FSD50K,13.2139375,train
X:\NEU\capstone\data\segments\wildfire\y2mate.com - DD Ambience  Building on Fire  Blaze Inferno Wood Cracking Collapsing Loud Stressing_1_16_seg6.wav,Fire,FireDataset,5.0,train
X:\NEU\capstone\data\segments\fsd50k\181571.wav,Fire,FSD50K,9.2030625,train
X:\NEU\capstone\data\segments\fsd50k\400992.wav,Wind,FSD50K,10.716625,train
X:\NEU\capstone\data\segments\wildfire\y2mate.com - DD Ambience  Building on Fire  Blaze Inferno Wood Cracking Collapsing Loud Stressing_1_58_seg7.wav,Fire,FireDataset,5.0,val
X:\NEU\capstone\data\segments\wildfire\y2mate.com - DD Ambience  Building on Fire  Blaze Inferno Wood Cracking Collapsing Loud Stressing_1_21_seg3.wav,Fire,FireDataset,5.0,train
X:\NEU\capstone\data\segments\wildfire\y2mate.com - DD Ambience  Building on Fire  Blaze Inferno Wood Cracking Collapsing Loud Stressing_06_seg5.wav,Fire,FireDataset,5.0,train
X:\NEU\capstone\data\segments\wildfire\y2mate.com - DD Ambience  Building on Fire  Blaze Inferno Wood Cracking Collapsing Loud Stressing_32_seg1.wav,Fire,FireDataset,5.0,train
X:\NEU\capstone\data\segments\fsd50k\136690.wav,Water,FSD50K,8.0,train
X:\NEU\capstone\data\segments\wildfire\y2mate.com - DD Ambience  Building on Fire  Blaze Inferno Wood Cracking Collapsing Loud Stressing_1_70_seg5.wav,Fire,FireDataset,5.0,test
X:\NEU\capstone\data\segments\wildfire\videoplayback_69_seg7.wav,Fire,FireDataset,5.0,test
X:\NEU\capstone\data\segments\fsd50k\362131.wav,Water,FSD50K,28.2493125,train
X:\NEU\capstone\data\segments\wildfire\videoplayback_25_seg3.wav,Fire,FireDataset,5.0,val
X:\NEU\capstone\data\segments\fsd50k\153412.wav,Wind,FSD50K,1.6406875,test
X:\NEU\capstone\data\segments\wildfire\y2mate.com - DD Ambience  Building on Fire  Blaze Inferno Wood Cracking Collapsing Loud Stressing_1_28_seg5.wav,Fire,FireDataset,5.0,train
X:\NEU\capstone\data\segments\fsd50k\25888.wav,Train,FSD50K,14.8636875,train
X:\NEU\capstone\data\segments\fsd50k\422741.wav,Fire,FSD50K,2.3895625,train
X:\NEU\capstone\data\segments\wildfire\y2mate.com - DD Ambience  Building on Fire  Blaze Inferno Wood Cracking Collapsing Loud Stressing_44_seg6.wav,Fire,FireDataset,5.0,train
X:\NEU\capstone\data\segments\wildfire\videoplayback_08_seg1.wav,Fire,FireDataset,5.0,train
X:\NEU\capstone\data\segments\wildfire\videoplayback_09_seg0.wav,Fire,FireDataset,5.0,test
X:\NEU\capstone\data\segments\wildfire\y2mate.com - DD Ambience  Building on Fire  Blaze Inferno Wood Cracking Collapsing Loud Stressing_1_52_seg2.wav,Fire,FireDataset,5.0,train
X:\NEU\capstone\data\segments\wildfire\videoplayback_21_seg5.wav,Fire,FireDataset,5.0,train
X:\NEU\capstone\data\segments\fsd50k\85833.wav,Fire,FSD50K,8.0,train
X:\NEU\capstone\data\segments\fsd50k\327950.wav,Thunder,FSD50K,7.4884375,train
X:\NEU\capstone\data\segments\fsd50k\47529.wav,Train,FSD50K,21.01075,train
X:\NEU\capstone\data\segments\fsd50k\19000.wav,Train,FSD50K,29.65675,train
X:\NEU\capstone\data\segments\fsd50k\73316.wav,Thunder,FSD50K,22.047375,train
X:\NEU\capstone\data\segments\fsd50k\392137.wav,Wind,FSD50K,3.0,train
X:\NEU\capstone\data\segments\wildfire\y2mate.com - DD Ambience  Building on Fire  Blaze Inferno Wood Cracking Collapsing Loud Stressing_57_seg0.wav,Fire,FireDataset,5.0,train
X:\NEU\capstone\data\segments\fsd50k\275598.wav,Water,FSD50K,12.379125,val
X:\NEU\capstone\data\segments\wildfire\y2mate.com - DD Ambience  Building on Fire  Blaze Inferno Wood Cracking Collapsing Loud Stressing_50_seg5.wav,Fire,FireDataset,5.0,val
X:\NEU\capstone\data\segments\wildfire\videoplayback_54_seg2.wav,Fire,FireDataset,5.0,train
X:\NEU\capstone\data\segments\wildfire\y2mate.com - DD Ambience  Building on Fire  Blaze Inferno Wood Cracking Collapsing Loud Stressing_06_seg0.wav,Fire,FireDataset,5.0,train
X:\NEU\capstone\data\segments\wildfire\videoplayback_68_seg4.wav,Fire,FireDataset,5.0,train
X:\NEU\capstone\data\segments\wildfire\videoplayback_35_seg4.wav,Fire,FireDataset,5.0,train
X:\NEU\capstone\data\segments\wildfire\videoplayback_01_seg1.wav,Fire,FireDataset,5.0,val
X:\NEU\capstone\data\segments\wildfire\videoplayback_38_seg3.wav,Fire,FireDataset,5.0,train
X:\NEU\capstone\data\segments\fsd50k\274406.wav,Water,FSD50K,13.421,val
X:\NEU\capstone\data\segments\fsd50k\151875.wav,Water,FSD50K,25.3894375,train
X:\NEU\capstone\data\segments\wildfire\videoplayback_14_seg9.wav,Fire,FireDataset,5.0,test
X:\NEU\capstone\data\segments\wildfire\y2mate.com - DD Ambience  Building on Fire  Blaze Inferno Wood Cracking Collapsing Loud Stressing_1_55_seg1.wav,Fire,FireDataset,5.0,train
X:\NEU\capstone\data\segments\wildfire\videoplayback_45_seg8.wav,Fire,FireDataset,5.0,train
X:\NEU\capstone\data\segments\fsd50k\381664.wav,Fire,FSD50K,24.8248125,train
X:\NEU\capstone\data\segments\fsd50k\257055.wav,Fire,FSD50K,21.91675,val
X:\NEU\capstone\data\segments\wildfire\videoplayback_05_seg6.wav,Fire,FireDataset,5.0,test
X:\NEU\capstone\data\segments\fsd50k\402801.wav,Wind,FSD50K,12.2470625,train
X:\NEU\capstone\data\segments\fsd50k\238798.wav,Wind,FSD50K,4.41275,train
X:\NEU\capstone\data\segments\wildfire\videoplayback_43_seg3.wav,Fire,FireDataset,5.0,train
X:\NEU\capstone\data\segments\wildfire\videoplayback_24_seg7.wav,Fire,FireDataset,5.0,train
X:\NEU\capstone\data\segments\wildfire\y2mate.com - DD Ambience  Building on Fire  Blaze Inferno Wood Cracking Collapsing Loud Stressing_1_61_seg5.wav,Fire,FireDataset,5.0,train
X:\NEU\capstone\data\segments\wildfire\y2mate.com - DD Ambience  Building on Fire  Blaze Inferno Wood Cracking Collapsing Loud Stressing_23_seg3.wav,Fire,FireDataset,5.0,train
X:\NEU\capstone\data\segments\wildfire\y2mate.com - DD Ambience  Building on Fire  Blaze Inferno Wood Cracking Collapsing Loud Stressing_46_seg7.wav,Fire,FireDataset,5.0,train
X:\NEU\capstone\data\segments\wildfire\y2mate.com - DD Ambience  Building on Fire  Blaze Inferno Wood Cracking Collapsing Loud Stressing_32_seg9.wav,Fire,FireDataset,5.0,train
X:\NEU\capstone\data\segments\wildfire\y2mate.com - DD Ambience  Building on Fire  Blaze Inferno Wood Cracking Collapsing Loud Stressing_1_39_seg9.wav,Fire,FireDataset,5.0,train
X:\NEU\capstone\data\segments\wildfire\y2mate.com - DD Ambience  Building on Fire  Blaze Inferno Wood Cracking Collapsing Loud Stressing_54_seg5.wav,Fire,FireDataset,5.0,train
X:\NEU\capstone\data\segments\wildfire\y2mate.com - DD Ambience  Building on Fire  Blaze Inferno Wood Cracking Collapsing Loud Stressing_1_46_seg4.wav,Fire,FireDataset,5.0,train
X:\NEU\capstone\data\segments\fsd50k\420315.wav,Wind,FSD50K,1.0711875,train
X:\NEU\capstone\data\segments\wildfire\y2mate.com - DD Ambience  Building on Fire  Blaze Inferno Wood Cracking Collapsing Loud Stressing_12_seg2.wav,Fire,FireDataset,5.0,train
X:\NEU\capstone\data\segments\wildfire\videoplayback_28_seg8.wav,Fire,FireDataset,5.0,train
X:\NEU\capstone\data\segments\wildfire\videoplayback_29_seg3.wav,Fire,FireDataset,5.0,val
X:\NEU\capstone\data\segments\wildfire\y2mate.com - DD Ambience  Building on Fire  Blaze Inferno Wood Cracking Collapsing Loud Stressing_07_seg3.wav,Fire,FireDataset,5.0,train
X:\NEU\capstone\data\segments\wildfire\y2mate.com - DD Ambience  Building on Fire  Blaze Inferno Wood Cracking Collapsing Loud Stressing_1_45_seg4.wav,Fire,FireDataset,5.0,train
X:\NEU\capstone\data\segments\wildfire\videoplayback_03_seg8.wav,Fire,FireDataset,5.0,train
X:\NEU\capstone\data\segments\wildfire\videoplayback_72_seg0.wav,Fire,FireDataset,5.0,train
X:\NEU\capstone\data\segments\fsd50k\422859.wav,Wind,FSD50K,11.3496875,train
X:\NEU\capstone\data\segments\wildfire\y2mate.com - DD Ambience  Building on Fire  Blaze Inferno Wood Cracking Collapsing Loud Stressing_17_seg1.wav,Fire,FireDataset,5.0,test
X:\NEU\capstone\data\segments\wildfire\videoplayback_62_seg4.wav,Fire,FireDataset,5.0,train
X:\NEU\capstone\data\segments\fsd50k\218067.wav,Fire,FSD50K,1.92,train
X:\NEU\capstone\data\segments\fsd50k\259316.wav,Thunder,FSD50K,17.76,test
X:\NEU\capstone\data\segments\wildfire\y2mate.com - DD Ambience  Building on Fire  Blaze Inferno Wood Cracking Collapsing Loud Stressing_1_50_seg8.wav,Fire,FireDataset,5.0,train
X:\NEU\capstone\data\segments\wildfire\videoplayback_44_seg7.wav,Fire,FireDataset,5.0,train
X:\NEU\capstone\data\segments\wildfire\y2mate.com - DD Ambience  Building on Fire  Blaze Inferno Wood Cracking Collapsing Loud Stressing_1_51_seg4.wav,Fire,FireDataset,5.0,train
X:\NEU\capstone\data\segments\wildfire\videoplayback_04_seg3.wav,Fire,FireDataset,5.0,train
X:\NEU\capstone\data\segments\fsd50k\156331.wav,Fire,FSD50K,3.3858125,train
X:\NEU\capstone\data\segments\wildfire\y2mate.com - DD Ambience  Building on Fire  Blaze Inferno Wood Cracking Collapsing Loud Stressing_23_seg0.wav,Fire,FireDataset,5.0,train
X:\NEU\capstone\data\segments\fsd50k\156334.wav,Fire,FSD50K,4.1641875,test
X:\NEU\capstone\data\segments\fsd50k\75646.wav,Wind,FSD50K,1.1841875,val
X:\NEU\capstone\data\segments\fsd50k\55019.wav,Thunder,FSD50K,22.5151875,test
X:\NEU\capstone\data\segments\wildfire\videoplayback_36_seg8.wav,Fire,FireDataset,5.0,train
X:\NEU\capstone\data\segments\fsd50k\17515.wav,Fire,FSD50K,11.35275,train
X:\NEU\capstone\data\segments\wildfire\videoplayback_68_seg2.wav,Fire,FireDataset,5.0,train
X:\NEU\capstone\data\segments\fsd50k\380153.wav,Water,FSD50K,27.489,train
X:\NEU\capstone\data\segments\fsd50k\78430.wav,Wind,FSD50K,29.7996875,train
X:\NEU\capstone\data\segments\fsd50k\407014.wav,Wind,FSD50K,9.71075,train
X:\NEU\capstone\data\segments\fsd50k\79253.wav,Wind,FSD50K,8.2410625,train
X:\NEU\capstone\data\segments\fsd50k\26128.wav,Aircraft,FSD50K,19.4133125,train
X:\NEU\capstone\data\segments\wildfire\videoplayback_32_seg5.wav,Fire,FireDataset,5.0,test
X:\NEU\capstone\data\segments\wildfire\y2mate.com - DD Ambience  Building on Fire  Blaze Inferno Wood Cracking Collapsing Loud Stressing_22_seg2.wav,Fire,FireDataset,5.0,train
X:\NEU\capstone\data\segments\fsd50k\237402.wav,Fire,FSD50K,4.408,train
X:\NEU\capstone\data\segments\wildfire\videoplayback_35_seg8.wav,Fire,FireDataset,5.0,train
X:\NEU\capstone\data\segments\wildfire\y2mate.com - DD Ambience  Building on Fire  Blaze Inferno Wood Cracking Collapsing Loud Stressing_1_45_seg7.wav,Fire,FireDataset,5.0,train
X:\NEU\capstone\data\segments\fsd50k\398810.wav,Fire,FSD50K,5.781375,train
X:\NEU\capstone\data\segments\fsd50k\184412.wav,Aircraft,FSD50K,6.0,train
X:\NEU\capstone\data\segments\wildfire\y2mate.com - DD Ambience  Building on Fire  Blaze Inferno Wood Cracking Collapsing Loud Stressing_1_32_seg7.wav,Fire,FireDataset,5.0,val
X:\NEU\capstone\data\segments\fsd50k\325559.wav,Fire,FSD50K,7.0549375,train
X:\NEU\capstone\data\segments\wildfire\videoplayback_40_seg9.wav,Fire,FireDataset,5.0,val
X:\NEU\capstone\data\segments\fsd50k\199958.wav,Thunder,FSD50K,18.1115625,train
X:\NEU\capstone\data\segments\wildfire\y2mate.com - DD Ambience  Building on Fire  Blaze Inferno Wood Cracking Collapsing Loud Stressing_57_seg5.wav,Fire,FireDataset,5.0,val
X:\NEU\capstone\data\segments\wildfire\y2mate.com - DD Ambience  Building on Fire  Blaze Inferno Wood Cracking Collapsing Loud Stressing_1_39_seg4.wav,Fire,FireDataset,5.0,test
X:\NEU\capstone\data\segments\fsd50k\125846.wav,Train,FSD50K,11.0759375,train
X:\NEU\capstone\data\segments\fsd50k\370362.wav,Fire,FSD50K,1.3496875,val
X:\NEU\capstone\data\segments\wildfire\videoplayback_33_seg9.wav,Fire,FireDataset,5.0,train
X:\NEU\capstone\data\segments\wildfire\y2mate.com - DD Ambience  Building on Fire  Blaze Inferno Wood Cracking Collapsing Loud Stressing_57_seg7.wav,Fire,FireDataset,5.0,train
X:\NEU\capstone\data\segments\wildfire\y2mate.com - DD Ambience  Building on Fire  Blaze Inferno Wood Cracking Collapsing Loud Stressing_1_08_seg1.wav,Fire,FireDataset,5.0,train
X:\NEU\capstone\data\segments\fsd50k\378643.wav,Fire,FSD50K,2.7236875,train
X:\NEU\capstone\data\segments\fsd50k\243965.wav,Thunder,FSD50K,3.285625,train
X:\NEU\capstone\data\segments\fsd50k\110735.wav,Train,FSD50K,23.10375,train
X:\NEU\capstone\data\segments\fsd50k\249508.wav,Thunder,FSD50K,12.37225,train
X:\NEU\capstone\data\segments\fsd50k\199950.wav,Thunder,FSD50K,18.4830625,train
X:\NEU\capstone\data\segments\fsd50k\53669.wav,Fire,FSD50K,9.84525,train
X:\NEU\capstone\data\segments\wildfire\y2mate.com - DD Ambience  Building on Fire  Blaze Inferno Wood Cracking Collapsing Loud Stressing_1_12_seg6.wav,Fire,FireDataset,5.0,val
X:\NEU\capstone\data\segments\wildfire\y2mate.com - DD Ambience  Building on Fire  Blaze Inferno Wood Cracking Collapsing Loud Stressing_63_seg3.wav,Fire,FireDataset,5.0,train
X:\NEU\capstone\data\segments\fsd50k\431473.wav,Aircraft,FSD50K,8.8304375,train
X:\NEU\capstone\data\segments\wildfire\videoplayback_62_seg6.wav,Fire,FireDataset,5.0,train
X:\NEU\capstone\data\segments\fsd50k\342637.wav,Fire,FSD50K,17.6286875,train
X:\NEU\capstone\data\segments\fsd50k\405460.wav,Water,FSD50K,12.4226875,train
X:\NEU\capstone\data\segments\wildfire\y2mate.com - DD Ambience  Building on Fire  Blaze Inferno Wood Cracking Collapsing Loud Stressing_29_seg3.wav,Fire,FireDataset,5.0,train
X:\NEU\capstone\data\segments\wildfire\videoplayback_30_seg4.wav,Fire,FireDataset,5.0,train
X:\NEU\capstone\data\segments\wildfire\y2mate.com - DD Ambience  Building on Fire  Blaze Inferno Wood Cracking Collapsing Loud Stressing_1_03_seg6.wav,Fire,FireDataset,5.0,train
X:\NEU\capstone\data\segments\wildfire\y2mate.com - DD Ambience  Building on Fire  Blaze Inferno Wood Cracking Collapsing Loud Stressing_1_13_seg9.wav,Fire,FireDataset,5.0,train
X:\NEU\capstone\data\segments\fsd50k\47524.wav,Train,FSD50K,28.6315,train
X:\NEU\capstone\data\segments\wildfire\y2mate.com - DD Ambience  Building on Fire  Blaze Inferno Wood Cracking Collapsing Loud Stressing_06_seg7.wav,Fire,FireDataset,5.0,train
X:\NEU\capstone\data\segments\wildfire\videoplayback_10_seg2.wav,Fire,FireDataset,5.0,train
X:\NEU\capstone\data\segments\fsd50k\406767.wav,Water,FSD50K,0.6051875,train
X:\NEU\capstone\data\segments\wildfire\videoplayback_20_seg6.wav,Fire,FireDataset,5.0,train
X:\NEU\capstone\data\segments\fsd50k\19805.wav,Train,FSD50K,3.0663125,train
X:\NEU\capstone\data\segments\fsd50k\124128.wav,Thunder,FSD50K,28.88725,train
X:\NEU\capstone\data\segments\fsd50k\251974.wav,Aircraft,FSD50K,16.1828125,train
X:\NEU\capstone\data\segments\wildfire\y2mate.com - DD Ambience  Building on Fire  Blaze Inferno Wood Cracking Collapsing Loud Stressing_54_seg8.wav,Fire,FireDataset,5.0,train
X:\NEU\capstone\data\segments\fsd50k\276291.wav,Aircraft,FSD50K,20.582,train
X:\NEU\capstone\data\segments\fsd50k\407013.wav,Wind,FSD50K,14.325375,train
X:\NEU\capstone\data\segments\wildfire\y2mate.com - DD Ambience  Building on Fire  Blaze Inferno Wood Cracking Collapsing Loud Stressing_59_seg7.wav,Fire,FireDataset,5.0,test
X:\NEU\capstone\data\segments\fsd50k\68749.wav,Wind,FSD50K,7.8999375,train
X:\NEU\capstone\data\segments\wildfire\y2mate.com - DD Ambience  Building on Fire  Blaze Inferno Wood Cracking Collapsing Loud Stressing_1_58_seg4.wav,Fire,FireDataset,5.0,train
X:\NEU\capstone\data\segments\fsd50k\24519.wav,Train,FSD50K,6.8205625,train
X:\NEU\capstone\data\segments\wildfire\y2mate.com - DD Ambience  Building on Fire  Blaze Inferno Wood Cracking Collapsing Loud Stressing_1_42_seg2.wav,Fire,FireDataset,5.0,train
X:\NEU\capstone\data\segments\wildfire\videoplayback_40_seg4.wav,Fire,FireDataset,5.0,train
X:\NEU\capstone\data\segments\wildfire\y2mate.com - DD Ambience  Building on Fire  Blaze Inferno Wood Cracking Collapsing Loud Stressing_68_seg6.wav,Fire,FireDataset,5.0,train
X:\NEU\capstone\data\segments\wildfire\y2mate.com - DD Ambience  Building on Fire  Blaze Inferno Wood Cracking Collapsing Loud Stressing_35_seg9.wav,Fire,FireDataset,5.0,train
X:\NEU\capstone\data\segments\fsd50k\167034.wav,Water,FSD50K,26.3198125,train
X:\NEU\capstone\data\segments\wildfire\y2mate.com - DD Ambience  Building on Fire  Blaze Inferno Wood Cracking Collapsing Loud Stressing_15_seg9.wav,Fire,FireDataset,5.0,train
X:\NEU\capstone\data\segments\fsd50k\22937.wav,Thunder,FSD50K,16.0391875,test
X:\NEU\capstone\data\segments\wildfire\y2mate.com - DD Ambience  Building on Fire  Blaze Inferno Wood Cracking Collapsing Loud Stressing_1_09_seg1.wav,Fire,FireDataset,5.0,val
X:\NEU\capstone\data\segments\wildfire\y2mate.com - DD Ambience  Building on Fire  Blaze Inferno Wood Cracking Collapsing Loud Stressing_25_seg2.wav,Fire,FireDataset,5.0,val
X:\NEU\capstone\data\segments\fsd50k\421882.wav,Fire,FSD50K,10.41175,train
X:\NEU\capstone\data\segments\wildfire\videoplayback_29_seg8.wav,Fire,FireDataset,5.0,val
X:\NEU\capstone\data\segments\wildfire\y2mate.com - DD Ambience  Building on Fire  Blaze Inferno Wood Cracking Collapsing Loud Stressing_1_11_seg6.wav,Fire,FireDataset,5.0,train
X:\NEU\capstone\data\segments\wildfire\videoplayback_16_seg4.wav,Fire,FireDataset,5.0,train
X:\NEU\capstone\data\segments\fsd50k\140036.wav,Train,FSD50K,4.16575,train
X:\NEU\capstone\data\segments\wildfire\y2mate.com - DD Ambience  Building on Fire  Blaze Inferno Wood Cracking Collapsing Loud Stressing_1_18_seg7.wav,Fire,FireDataset,5.0,train
X:\NEU\capstone\data\segments\fsd50k\162408.wav,Aircraft,FSD50K,15.4981875,val
X:\NEU\capstone\data\segments\fsd50k\49164.wav,Fire,FSD50K,3.5,train
X:\NEU\capstone\data\segments\fsd50k\42973.wav,Wind,FSD50K,16.0219375,train
X:\NEU\capstone\data\segments\fsd50k\339450.wav,Fire,FSD50K,5.077625,train
X:\NEU\capstone\data\segments\fsd50k\273988.wav,Water,FSD50K,1.886375,train
X:\NEU\capstone\data\segments\wildfire\videoplayback_39_seg2.wav,Fire,FireDataset,5.0,test
X:\NEU\capstone\data\segments\fsd50k\324685.wav,Fire,FSD50K,0.360375,train
X:\NEU\capstone\data\segments\wildfire\y2mate.com - DD Ambience  Building on Fire  Blaze Inferno Wood Cracking Collapsing Loud Stressing_1_70_seg6.wav,Fire,FireDataset,5.0,train
X:\NEU\capstone\data\segments\fsd50k\240792.wav,Thunder,FSD50K,6.8679375,test
X:\NEU\capstone\data\segments\wildfire\videoplayback_12_seg3.wav,Fire,FireDataset,5.0,train
X:\NEU\capstone\data\segments\wildfire\y2mate.com - DD Ambience  Building on Fire  Blaze Inferno Wood Cracking Collapsing Loud Stressing_1_07_seg4.wav,Fire,FireDataset,5.0,train
X:\NEU\capstone\data\segments\wildfire\y2mate.com - DD Ambience  Building on Fire  Blaze Inferno Wood Cracking Collapsing Loud Stressing_1_04_seg3.wav,Fire,FireDataset,5.0,train
X:\NEU\capstone\data\segments\wildfire\y2mate.com - DD Ambience  Building on Fire  Blaze Inferno Wood Cracking Collapsing Loud Stressing_1_49_seg8.wav,Fire,FireDataset,5.0,train
X:\NEU\capstone\data\segments\fsd50k\101676.wav,Water,FSD50K,13.4315,test
X:\NEU\capstone\data\segments\wildfire\y2mate.com - DD Ambience  Building on Fire  Blaze Inferno Wood Cracking Collapsing Loud Stressing_41_seg7.wav,Fire,FireDataset,5.0,train
X:\NEU\capstone\data\segments\fsd50k\162415.wav,Wind,FSD50K,7.8143125,train
X:\NEU\capstone\data\segments\fsd50k\190074.wav,Fire,FSD50K,3.062875,train
X:\NEU\capstone\data\segments\fsd50k\404317.wav,Water,FSD50K,20.62325,test
X:\NEU\capstone\data\segments\wildfire\videoplayback_02_seg2.wav,Fire,FireDataset,5.0,train
X:\NEU\capstone\data\segments\wildfire\y2mate.com - DD Ambience  Building on Fire  Blaze Inferno Wood Cracking Collapsing Loud Stressing_1_17_seg5.wav,Fire,FireDataset,5.0,train
X:\NEU\capstone\data\segments\fsd50k\378632.wav,Fire,FSD50K,5.454375,train
X:\NEU\capstone\data\segments\wildfire\y2mate.com - DD Ambience  Building on Fire  Blaze Inferno Wood Cracking Collapsing Loud Stressing_1_56_seg8.wav,Fire,FireDataset,5.0,train
X:\NEU\capstone\data\segments\wildfire\y2mate.com - DD Ambience  Building on Fire  Blaze Inferno Wood Cracking Collapsing Loud Stressing_1_33_seg6.wav,Fire,FireDataset,5.0,test
X:\NEU\capstone\data\segments\wildfire\y2mate.com - DD Ambience  Building on Fire  Blaze Inferno Wood Cracking Collapsing Loud Stressing_72_seg3.wav,Fire,FireDataset,5.0,train
X:\NEU\capstone\data\segments\wildfire\videoplayback_55_seg6.wav,Fire,FireDataset,5.0,train
X:\NEU\capstone\data\segments\wildfire\y2mate.com - DD Ambience  Building on Fire  Blaze Inferno Wood Cracking Collapsing Loud Stressing_51_seg0.wav,Fire,FireDataset,5.0,train
X:\NEU\capstone\data\segments\fsd50k\57194.wav,Train,FSD50K,16.97375,train
X:\NEU\capstone\data\segments\wildfire\y2mate.com - DD Ambience  Building on Fire  Blaze Inferno Wood Cracking Collapsing Loud Stressing_47_seg5.wav,Fire,FireDataset,5.0,test
X:\NEU\capstone\data\segments\wildfire\y2mate.com - DD Ambience  Building on Fire  Blaze Inferno Wood Cracking Collapsing Loud Stressing_1_05_seg4.wav,Fire,FireDataset,5.0,train
X:\NEU\capstone\data\segments\wildfire\videoplayback_33_seg6.wav,Fire,FireDataset,5.0,test
X:\NEU\capstone\data\segments\wildfire\videoplayback_49_seg6.wav,Fire,FireDataset,5.0,test
X:\NEU\capstone\data\segments\fsd50k\26842.wav,Train,FSD50K,20.24775,train
X:\NEU\capstone\data\segments\wildfire\videoplayback_65_seg3.wav,Fire,FireDataset,5.0,train
X:\NEU\capstone\data\segments\fsd50k\174882.wav,Train,FSD50K,16.8305625,train
X:\NEU\capstone\data\segments\fsd50k\123359.wav,Thunder,FSD50K,13.5360625,train
X:\NEU\capstone\data\segments\wildfire\videoplayback_44_seg0.wav,Fire,FireDataset,5.0,train
X:\NEU\capstone\data\segments\wildfire\videoplayback_28_seg5.wav,Fire,FireDataset,5.0,val
X:\NEU\capstone\data\segments\fsd50k\181071.wav,Aircraft,FSD50K,21.930125,train
X:\NEU\capstone\data\segments\wildfire\videoplayback_41_seg2.wav,Fire,FireDataset,5.0,val
X:\NEU\capstone\data\segments\fsd50k\398742.wav,Water,FSD50K,26.0155,test
X:\NEU\capstone\data\segments\wildfire\y2mate.com - DD Ambience  Building on Fire  Blaze Inferno Wood Cracking Collapsing Loud Stressing_44_seg3.wav,Fire,FireDataset,5.0,train
X:\NEU\capstone\data\segments\fsd50k\334925.wav,Fire,FSD50K,6.9928125,train
X:\NEU\capstone\data\segments\fsd50k\251976.wav,Aircraft,FSD50K,23.27325,test
X:\NEU\capstone\data\segments\wildfire\y2mate.com - DD Ambience  Building on Fire  Blaze Inferno Wood Cracking Collapsing Loud Stressing_1_49_seg6.wav,Fire,FireDataset,5.0,val
X:\NEU\capstone\data\segments\wildfire\y2mate.com - DD Ambience  Building on Fire  Blaze Inferno Wood Cracking Collapsing Loud Stressing_1_10_seg2.wav,Fire,FireDataset,5.0,test
X:\NEU\capstone\data\segments\wildfire\y2mate.com - DD Ambience  Building on Fire  Blaze Inferno Wood Cracking Collapsing Loud Stressing_28_seg5.wav,Fire,FireDataset,5.0,train
X:\NEU\capstone\data\segments\wildfire\y2mate.com - DD Ambience  Building on Fire  Blaze Inferno Wood Cracking Collapsing Loud Stressing_51_seg3.wav,Fire,FireDataset,5.0,train
X:\NEU\capstone\data\segments\fsd50k\5997.wav,Wind,FSD50K,15.8,train
X:\NEU\capstone\data\segments\fsd50k\37304.wav,Thunder,FSD50K,18.0,train
X:\NEU\capstone\data\segments\wildfire\videoplayback_53_seg2.wav,Fire,FireDataset,5.0,train
X:\NEU\capstone\data\segments\fsd50k\265627.wav,Water,FSD50K,29.3544375,val
X:\NEU\capstone\data\segments\wildfire\y2mate.com - DD Ambience  Building on Fire  Blaze Inferno Wood Cracking Collapsing Loud Stressing_43_seg0.wav,Fire,FireDataset,5.0,train
X:\NEU\capstone\data\segments\fsd50k\177888.wav,Fire,FSD50K,15.0095625,train
X:\NEU\capstone\data\segments\fsd50k\68324.wav,Water,FSD50K,4.8845,val
X:\NEU\capstone\data\segments\wildfire\y2mate.com - DD Ambience  Building on Fire  Blaze Inferno Wood Cracking Collapsing Loud Stressing_68_seg8.wav,Fire,FireDataset,5.0,train
X:\NEU\capstone\data\segments\fsd50k\388565.wav,Train,FSD50K,4.7230625,train
X:\NEU\capstone\data\segments\fsd50k\201309.wav,Train,FSD50K,2.809625,test
X:\NEU\capstone\data\segments\fsd50k\240793.wav,Thunder,FSD50K,12.4545625,train
X:\NEU\capstone\data\segments\wildfire\y2mate.com - DD Ambience  Building on Fire  Blaze Inferno Wood Cracking Collapsing Loud Stressing_18_seg5.wav,Fire,FireDataset,5.0,train
X:\NEU\capstone\data\segments\wildfire\y2mate.com - DD Ambience  Building on Fire  Blaze Inferno Wood Cracking Collapsing Loud Stressing_1_31_seg4.wav,Fire,FireDataset,5.0,train
X:\NEU\capstone\data\segments\fsd50k\392830.wav,Water,FSD50K,26.09775,train
X:\NEU\capstone\data\segments\wildfire\y2mate.com - DD Ambience  Building on Fire  Blaze Inferno Wood Cracking Collapsing Loud Stressing_11_seg5.wav,Fire,FireDataset,5.0,train
X:\NEU\capstone\data\segments\fsd50k\393076.wav,Fire,FSD50K,3.7151875,train
X:\NEU\capstone\data\segments\fsd50k\394406.wav,Fire,FSD50K,1.9365,train
X:\NEU\capstone\data\segments\fsd50k\406762.wav,Water,FSD50K,0.52775,test
X:\NEU\capstone\data\segments\fsd50k\398738.wav,Water,FSD50K,13.999875,train
X:\NEU\capstone\data\segments\fsd50k\386165.wav,Fire,FSD50K,3.0,test
X:\NEU\capstone\data\segments\fsd50k\339449.wav,Fire,FSD50K,4.131875,train
X:\NEU\capstone\data\segments\wildfire\y2mate.com - DD Ambience  Building on Fire  Blaze Inferno Wood Cracking Collapsing Loud Stressing_1_36_seg0.wav,Fire,FireDataset,5.0,test
X:\NEU\capstone\data\segments\wildfire\videoplayback_20_seg7.wav,Fire,FireDataset,5.0,train
X:\NEU\capstone\data\segments\wildfire\y2mate.com - DD Ambience  Building on Fire  Blaze Inferno Wood Cracking Collapsing Loud Stressing_16_seg2.wav,Fire,FireDataset,5.0,train
X:\NEU\capstone\data\segments\wildfire\y2mate.com - DD Ambience  Building on Fire  Blaze Inferno Wood Cracking Collapsing Loud Stressing_36_seg5.wav,Fire,FireDataset,5.0,train
X:\NEU\capstone\data\segments\wildfire\y2mate.com - DD Ambience  Building on Fire  Blaze Inferno Wood Cracking Collapsing Loud Stressing_25_seg8.wav,Fire,FireDataset,5.0,test
X:\NEU\capstone\data\segments\wildfire\y2mate.com - DD Ambience  Building on Fire  Blaze Inferno Wood Cracking Collapsing Loud Stressing_04_seg3.wav,Fire,FireDataset,5.0,train
X:\NEU\capstone\data\segments\fsd50k\195436.wav,Thunder,FSD50K,10.0,test
X:\NEU\capstone\data\segments\fsd50k\161044.wav,Fire,FSD50K,9.167875,train
X:\NEU\capstone\data\segments\fsd50k\386198.wav,Fire,FSD50K,12.0,test
X:\NEU\capstone\data\segments\fsd50k\87289.wav,Wind,FSD50K,27.11,train
X:\NEU\capstone\data\segments\fsd50k\378644.wav,Fire,FSD50K,2.7236875,train
X:\NEU\capstone\data\segments\wildfire\y2mate.com - DD Ambience  Building on Fire  Blaze Inferno Wood Cracking Collapsing Loud Stressing_1_61_seg3.wav,Fire,FireDataset,5.0,train
X:\NEU\capstone\data\segments\wildfire\y2mate.com - DD Ambience  Building on Fire  Blaze Inferno Wood Cracking Collapsing Loud Stressing_1_39_seg1.wav,Fire,FireDataset,5.0,train
X:\NEU\capstone\data\segments\wildfire\y2mate.com - DD Ambience  Building on Fire  Blaze Inferno Wood Cracking Collapsing Loud Stressing_1_60_seg1.wav,Fire,FireDataset,5.0,train
X:\NEU\capstone\data\segments\wildfire\y2mate.com - DD Ambience  Building on Fire  Blaze Inferno Wood Cracking Collapsing Loud Stressing_39_seg7.wav,Fire,FireDataset,5.0,val
X:\NEU\capstone\data\segments\fsd50k\363935.wav,Wind,FSD50K,2.816,train
X:\NEU\capstone\data\segments\wildfire\videoplayback_68_seg7.wav,Fire,FireDataset,5.0,test
X:\NEU\capstone\data\segments\wildfire\y2mate.com - DD Ambience  Building on Fire  Blaze Inferno Wood Cracking Collapsing Loud Stressing_1_54_seg7.wav,Fire,FireDataset,5.0,train
X:\NEU\capstone\data\segments\wildfire\y2mate.com - DD Ambience  Building on Fire  Blaze Inferno Wood Cracking Collapsing Loud Stressing_49_seg0.wav,Fire,FireDataset,5.0,train
X:\NEU\capstone\data\segments\fsd50k\420298.wav,Wind,FSD50K,1.7359375,train
X:\NEU\capstone\data\segments\wildfire\y2mate.com - DD Ambience  Building on Fire  Blaze Inferno Wood Cracking Collapsing Loud Stressing_1_65_seg2.wav,Fire,FireDataset,5.0,train
X:\NEU\capstone\data\segments\fsd50k\135594.wav,Thunder,FSD50K,15.072625,train
X:\NEU\capstone\data\segments\fsd50k\85838.wav,Fire,FSD50K,2.0,train
X:\NEU\capstone\data\segments\wildfire\videoplayback_04_seg8.wav,Fire,FireDataset,5.0,test
X:\NEU\capstone\data\segments\fsd50k\146205.wav,Train,FSD50K,4.0673125,train
X:\NEU\capstone\data\segments\wildfire\videoplayback_08_seg0.wav,Fire,FireDataset,5.0,val
X:\NEU\capstone\data\segments\fsd50k\42267.wav,Thunder,FSD50K,20.84,val
X:\NEU\capstone\data\segments\fsd50k\421878.wav,Fire,FSD50K,11.9451875,train
X:\NEU\capstone\data\segments\fsd50k\371839.wav,Fire,FSD50K,11.46775,train
X:\NEU\capstone\data\segments\wildfire\videoplayback_47_seg9.wav,Fire,FireDataset,5.0,train
X:\NEU\capstone\data\segments\wildfire\videoplayback_35_seg1.wav,Fire,FireDataset,5.0,train
X:\NEU\capstone\data\segments\wildfire\videoplayback_22_seg1.wav,Fire,FireDataset,5.0,train
X:\NEU\capstone\data\segments\wildfire\y2mate.com - DD Ambience  Building on Fire  Blaze Inferno Wood Cracking Collapsing Loud Stressing_13_seg1.wav,Fire,FireDataset,5.0,train
X:\NEU\capstone\data\segments\wildfire\y2mate.com - DD Ambience  Building on Fire  Blaze Inferno Wood Cracking Collapsing Loud Stressing_12_seg3.wav,Fire,FireDataset,5.0,train
X:\NEU\capstone\data\segments\wildfire\y2mate.com - DD Ambience  Building on Fire  Blaze Inferno Wood Cracking Collapsing Loud Stressing_1_07_seg8.wav,Fire,FireDataset,5.0,train
X:\NEU\capstone\data\segments\fsd50k\244229.wav,Fire,FSD50K,19.3654375,val
X:\NEU\capstone\data\segments\wildfire\y2mate.com - DD Ambience  Building on Fire  Blaze Inferno Wood Cracking Collapsing Loud Stressing_63_seg4.wav,Fire,FireDataset,5.0,train
X:\NEU\capstone\data\segments\fsd50k\151198.wav,Thunder,FSD50K,5.205,train
X:\NEU\capstone\data\segments\wildfire\videoplayback_68_seg6.wav,Fire,FireDataset,5.0,train
X:\NEU\capstone\data\segments\fsd50k\87168.wav,Fire,FSD50K,20.7688125,train
X:\NEU\capstone\data\segments\fsd50k\394070.wav,Thunder,FSD50K,4.7275625,train
X:\NEU\capstone\data\segments\fsd50k\351243.wav,Wind,FSD50K,2.5863125,train
X:\NEU\capstone\data\segments\wildfire\y2mate.com - DD Ambience  Building on Fire  Blaze Inferno Wood Cracking Collapsing Loud Stressing_1_46_seg2.wav,Fire,FireDataset,5.0,train
X:\NEU\capstone\data\segments\wildfire\videoplayback_29_seg9.wav,Fire,FireDataset,5.0,val
X:\NEU\capstone\data\segments\wildfire\videoplayback_61_seg0.wav,Fire,FireDataset,5.0,test
X:\NEU\capstone\data\segments\wildfire\videoplayback_68_seg3.wav,Fire,FireDataset,5.0,train
X:\NEU\capstone\data\segments\wildfire\y2mate.com - DD Ambience  Building on Fire  Blaze Inferno Wood Cracking Collapsing Loud Stressing_1_14_seg7.wav,Fire,FireDataset,5.0,val
X:\NEU\capstone\data\segments\wildfire\videoplayback_64_seg5.wav,Fire,FireDataset,5.0,test
X:\NEU\capstone\data\segments\wildfire\y2mate.com - DD Ambience  Building on Fire  Blaze Inferno Wood Cracking Collapsing Loud Stressing_1_69_seg5.wav,Fire,FireDataset,5.0,val
X:\NEU\capstone\data\segments\wildfire\videoplayback_22_seg2.wav,Fire,FireDataset,5.0,train
X:\NEU\capstone\data\segments\fsd50k\160157.wav,Thunder,FSD50K,21.3890625,train
X:\NEU\capstone\data\segments\fsd50k\70895.wav,Fire,FSD50K,15.18525,train
X:\NEU\capstone\data\segments\fsd50k\182904.wav,Wind,FSD50K,7.3316875,train
X:\NEU\capstone\data\segments\wildfire\y2mate.com - DD Ambience  Building on Fire  Blaze Inferno Wood Cracking Collapsing Loud Stressing_31_seg2.wav,Fire,FireDataset,5.0,train
X:\NEU\capstone\data\segments\wildfire\y2mate.com - DD Ambience  Building on Fire  Blaze Inferno Wood Cracking Collapsing Loud Stressing_1_11_seg0.wav,Fire,FireDataset,5.0,train
X:\NEU\capstone\data\segments\wildfire\y2mate.com - DD Ambience  Building on Fire  Blaze Inferno Wood Cracking Collapsing Loud Stressing_20_seg5.wav,Fire,FireDataset,5.0,test
X:\NEU\capstone\data\segments\wildfire\videoplayback_36_seg1.wav,Fire,FireDataset,5.0,train
X:\NEU\capstone\data\segments\fsd50k\151201.wav,Thunder,FSD50K,7.4681875,train
X:\NEU\capstone\data\segments\wildfire\videoplayback_60_seg1.wav,Fire,FireDataset,5.0,test
X:\NEU\capstone\data\segments\wildfire\videoplayback_64_seg9.wav,Fire,FireDataset,5.0,train
X:\NEU\capstone\data\segments\wildfire\y2mate.com - DD Ambience  Building on Fire  Blaze Inferno Wood Cracking Collapsing Loud Stressing_1_20_seg4.wav,Fire,FireDataset,5.0,train
X:\NEU\capstone\data\segments\wildfire\videoplayback_61_seg4.wav,Fire,FireDataset,5.0,train
X:\NEU\capstone\data\segments\fsd50k\420293.wav,Wind,FSD50K,1.602875,val
X:\NEU\capstone\data\segments\wildfire\y2mate.com - DD Ambience  Building on Fire  Blaze Inferno Wood Cracking Collapsing Loud Stressing_59_seg3.wav,Fire,FireDataset,5.0,train
X:\NEU\capstone\data\segments\fsd50k\48495.wav,Thunder,FSD50K,18.6920625,train
X:\NEU\capstone\data\segments\wildfire\y2mate.com - DD Ambience  Building on Fire  Blaze Inferno Wood Cracking Collapsing Loud Stressing_1_32_seg8.wav,Fire,FireDataset,5.0,train
X:\NEU\capstone\data\segments\fsd50k\323056.wav,Train,FSD50K,12.642625,train
X:\NEU\capstone\data\segments\fsd50k\190073.wav,Fire,FSD50K,5.4544375,train
X:\NEU\capstone\data\segments\fsd50k\399212.wav,Fire,FSD50K,2.487875,train
X:\NEU\capstone\data\segments\fsd50k\380941.wav,Wind,FSD50K,19.2958125,test
X:\NEU\capstone\data\segments\fsd50k\77595.wav,Thunder,FSD50K,13.906375,train
X:\NEU\capstone\data\segments\fsd50k\69494.wav,Train,FSD50K,23.466625,train
X:\NEU\capstone\data\segments\fsd50k\400407.wav,Fire,FSD50K,11.0900625,test
X:\NEU\capstone\data\segments\wildfire\y2mate.com - DD Ambience  Building on Fire  Blaze Inferno Wood Cracking Collapsing Loud Stressing_1_16_seg5.wav,Fire,FireDataset,5.0,train
X:\NEU\capstone\data\segments\fsd50k\420300.wav,Wind,FSD50K,1.0125625,train
X:\NEU\capstone\data\segments\wildfire\videoplayback_25_seg2.wav,Fire,FireDataset,5.0,train
X:\NEU\capstone\data\segments\fsd50k\254307.wav,Fire,FSD50K,1.685125,train
X:\NEU\capstone\data\segments\wildfire\y2mate.com - DD Ambience  Building on Fire  Blaze Inferno Wood Cracking Collapsing Loud Stressing_1_16_seg4.wav,Fire,FireDataset,5.0,train
X:\NEU\capstone\data\segments\fsd50k\2396.wav,Wind,FSD50K,8.880125,train
X:\NEU\capstone\data\segments\wildfire\y2mate.com - DD Ambience  Building on Fire  Blaze Inferno Wood Cracking Collapsing Loud Stressing_61_seg3.wav,Fire,FireDataset,5.0,val
X:\NEU\capstone\data\segments\wildfire\y2mate.com - DD Ambience  Building on Fire  Blaze Inferno Wood Cracking Collapsing Loud Stressing_10_seg0.wav,Fire,FireDataset,5.0,train
X:\NEU\capstone\data\segments\wildfire\y2mate.com - DD Ambience  Building on Fire  Blaze Inferno Wood Cracking Collapsing Loud Stressing_08_seg0.wav,Fire,FireDataset,5.0,train
X:\NEU\capstone\data\segments\wildfire\videoplayback_23_seg9.wav,Fire,FireDataset,5.0,train
X:\NEU\capstone\data\segments\fsd50k\319642.wav,Fire,FSD50K,0.758875,train
X:\NEU\capstone\data\segments\fsd50k\423906.wav,Train,FSD50K,10.2625,train
X:\NEU\capstone\data\segments\fsd50k\57179.wav,Thunder,FSD50K,17.0,test
X:\NEU\capstone\data\segments\fsd50k\371719.wav,Wind,FSD50K,14.088,train
X:\NEU\capstone\data\segments\fsd50k\202636.wav,Water,FSD50K,26.117375,train
X:\NEU\capstone\data\segments\wildfire\y2mate.com - DD Ambience  Building on Fire  Blaze Inferno Wood Cracking Collapsing Loud Stressing_63_seg8.wav,Fire,FireDataset,5.0,train
X:\NEU\capstone\data\segments\fsd50k\181570.wav,Fire,FSD50K,13.8905625,train
X:\NEU\capstone\data\segments\fsd50k\376837.wav,Fire,FSD50K,9.32,test
X:\NEU\capstone\data\segments\fsd50k\98853.wav,Train,FSD50K,17.056625,train
X:\NEU\capstone\data\segments\wildfire\videoplayback_12_seg8.wav,Fire,FireDataset,5.0,test
X:\NEU\capstone\data\segments\wildfire\y2mate.com - DD Ambience  Building on Fire  Blaze Inferno Wood Cracking Collapsing Loud Stressing_19_seg5.wav,Fire,FireDataset,5.0,train
X:\NEU\capstone\data\segments\fsd50k\324739.wav,Fire,FSD50K,1.2648125,train
X:\NEU\capstone\data\segments\wildfire\y2mate.com - DD Ambience  Building on Fire  Blaze Inferno Wood Cracking Collapsing Loud Stressing_38_seg6.wav,Fire,FireDataset,5.0,val
X:\NEU\capstone\data\segments\wildfire\y2mate.com - DD Ambience  Building on Fire  Blaze Inferno Wood Cracking Collapsing Loud Stressing_1_29_seg3.wav,Fire,FireDataset,5.0,train
X:\NEU\capstone\data\segments\fsd50k\77586.wav,Thunder,FSD50K,4.0860625,train
X:\NEU\capstone\data\segments\fsd50k\316891.wav,Water,FSD50K,12.544,train
X:\NEU\capstone\data\segments\wildfire\y2mate.com - DD Ambience  Building on Fire  Blaze Inferno Wood Cracking Collapsing Loud Stressing_1_04_seg9.wav,Fire,FireDataset,5.0,train
X:\NEU\capstone\data\segments\wildfire\y2mate.com - DD Ambience  Building on Fire  Blaze Inferno Wood Cracking Collapsing Loud Stressing_1_31_seg7.wav,Fire,FireDataset,5.0,val
X:\NEU\capstone\data\segments\fsd50k\132630.wav,Fire,FSD50K,19.3105625,train
X:\NEU\capstone\data\segments\fsd50k\336732.wav,Wind,FSD50K,18.75,train
X:\NEU\capstone\data\segments\fsd50k\74214.wav,Thunder,FSD50K,22.109,train
X:\NEU\capstone\data\segments\wildfire\y2mate.com - DD Ambience  Building on Fire  Blaze Inferno Wood Cracking Collapsing Loud Stressing_1_20_seg3.wav,Fire,FireDataset,5.0,train
X:\NEU\capstone\data\segments\wildfire\y2mate.com - DD Ambience  Building on Fire  Blaze Inferno Wood Cracking Collapsing Loud Stressing_1_18_seg5.wav,Fire,FireDataset,5.0,train
X:\NEU\capstone\data\segments\wildfire\y2mate.com - DD Ambience  Building on Fire  Blaze Inferno Wood Cracking Collapsing Loud Stressing_58_seg9.wav,Fire,FireDataset,5.0,train
X:\NEU\capstone\data\segments\wildfire\videoplayback_12_seg9.wav,Fire,FireDataset,5.0,train
X:\NEU\capstone\data\segments\wildfire\y2mate.com - DD Ambience  Building on Fire  Blaze Inferno Wood Cracking Collapsing Loud Stressing_31_seg6.wav,Fire,FireDataset,5.0,val
X:\NEU\capstone\data\segments\wildfire\y2mate.com - DD Ambience  Building on Fire  Blaze Inferno Wood Cracking Collapsing Loud Stressing_18_seg6.wav,Fire,FireDataset,5.0,train
X:\NEU\capstone\data\segments\wildfire\y2mate.com - DD Ambience  Building on Fire  Blaze Inferno Wood Cracking Collapsing Loud Stressing_1_56_seg2.wav,Fire,FireDataset,5.0,train
X:\NEU\capstone\data\segments\fsd50k\27243.wav,Thunder,FSD50K,17.480875,train
X:\NEU\capstone\data\segments\wildfire\y2mate.com - DD Ambience  Building on Fire  Blaze Inferno Wood Cracking Collapsing Loud Stressing_10_seg9.wav,Fire,FireDataset,5.0,train
X:\NEU\capstone\data\segments\wildfire\y2mate.com - DD Ambience  Building on Fire  Blaze Inferno Wood Cracking Collapsing Loud Stressing_46_seg3.wav,Fire,FireDataset,5.0,train
X:\NEU\capstone\data\segments\wildfire\y2mate.com - DD Ambience  Building on Fire  Blaze Inferno Wood Cracking Collapsing Loud Stressing_04_seg2.wav,Fire,FireDataset,5.0,train
X:\NEU\capstone\data\segments\fsd50k\195344.wav,Thunder,FSD50K,26.7911875,test
X:\NEU\capstone\data\segments\wildfire\y2mate.com - DD Ambience  Building on Fire  Blaze Inferno Wood Cracking Collapsing Loud Stressing_01_seg6.wav,Fire,FireDataset,5.0,train
X:\NEU\capstone\data\segments\wildfire\y2mate.com - DD Ambience  Building on Fire  Blaze Inferno Wood Cracking Collapsing Loud Stressing_1_42_seg6.wav,Fire,FireDataset,5.0,test
X:\NEU\capstone\data\segments\wildfire\videoplayback_13_seg0.wav,Fire,FireDataset,5.0,train
X:\NEU\capstone\data\segments\fsd50k\85840.wav,Fire,FSD50K,2.5,train
X:\NEU\capstone\data\segments\fsd50k\196326.wav,Fire,FSD50K,12.1440625,test
X:\NEU\capstone\data\segments\fsd50k\92887.wav,Train,FSD50K,15.185375,train
X:\NEU\capstone\data\segments\wildfire\y2mate.com - DD Ambience  Building on Fire  Blaze Inferno Wood Cracking Collapsing Loud Stressing_70_seg7.wav,Fire,FireDataset,5.0,test
X:\NEU\capstone\data\segments\wildfire\y2mate.com - DD Ambience  Building on Fire  Blaze Inferno Wood Cracking Collapsing Loud Stressing_1_28_seg4.wav,Fire,FireDataset,5.0,train
X:\NEU\capstone\data\segments\wildfire\videoplayback_04_seg0.wav,Fire,FireDataset,5.0,train
X:\NEU\capstone\data\segments\wildfire\videoplayback_01_seg9.wav,Fire,FireDataset,5.0,train
X:\NEU\capstone\data\segments\fsd50k\27245.wav,Thunder,FSD50K,12.325625,train
X:\NEU\capstone\data\segments\wildfire\y2mate.com - DD Ambience  Building on Fire  Blaze Inferno Wood Cracking Collapsing Loud Stressing_04_seg4.wav,Fire,FireDataset,5.0,train
X:\NEU\capstone\data\segments\fsd50k\184947.wav,Aircraft,FSD50K,13.73725,train
X:\NEU\capstone\data\segments\fsd50k\261606.wav,Fire,FSD50K,4.4946875,train
X:\NEU\capstone\data\segments\wildfire\videoplayback_43_seg6.wav,Fire,FireDataset,5.0,train
X:\NEU\capstone\data\segments\fsd50k\99081.wav,Thunder,FSD50K,18.5759375,test
X:\NEU\capstone\data\segments\fsd50k\121940.wav,Wind,FSD50K,18.436625,train
X:\NEU\capstone\data\segments\wildfire\videoplayback_35_seg6.wav,Fire,FireDataset,5.0,train
X:\NEU\capstone\data\segments\wildfire\y2mate.com - DD Ambience  Building on Fire  Blaze Inferno Wood Cracking Collapsing Loud Stressing_45_seg2.wav,Fire,FireDataset,5.0,val
X:\NEU\capstone\data\segments\wildfire\y2mate.com - DD Ambience  Building on Fire  Blaze Inferno Wood Cracking Collapsing Loud Stressing_48_seg7.wav,Fire,FireDataset,5.0,test
X:\NEU\capstone\data\segments\wildfire\y2mate.com - DD Ambience  Building on Fire  Blaze Inferno Wood Cracking Collapsing Loud Stressing_1_48_seg9.wav,Fire,FireDataset,5.0,test
X:\NEU\capstone\data\segments\wildfire\y2mate.com - DD Ambience  Building on Fire  Blaze Inferno Wood Cracking Collapsing Loud Stressing_1_67_seg9.wav,Fire,FireDataset,5.0,train
X:\NEU\capstone\data\segments\wildfire\videoplayback_62_seg7.wav,Fire,FireDataset,5.0,test
X:\NEU\capstone\data\segments\fsd50k\245873.wav,Train,FSD50K,11.389375,train
X:\NEU\capstone\data\segments\wildfire\y2mate.com - DD Ambience  Building on Fire  Blaze Inferno Wood Cracking Collapsing Loud Stressing_1_14_seg3.wav,Fire,FireDataset,5.0,train
X:\NEU\capstone\data\segments\wildfire\videoplayback_17_seg5.wav,Fire,FireDataset,5.0,train
X:\NEU\capstone\data\segments\wildfire\y2mate.com - DD Ambience  Building on Fire  Blaze Inferno Wood Cracking Collapsing Loud Stressing_1_30_seg0.wav,Fire,FireDataset,5.0,train
X:\NEU\capstone\data\segments\fsd50k\195439.wav,Thunder,FSD50K,3.68375,val
X:\NEU\capstone\data\segments\fsd50k\161545.wav,Water,FSD50K,9.519,test
X:\NEU\capstone\data\segments\wildfire\y2mate.com - DD Ambience  Building on Fire  Blaze Inferno Wood Cracking Collapsing Loud Stressing_1_05_seg8.wav,Fire,FireDataset,5.0,train
X:\NEU\capstone\data\segments\wildfire\videoplayback_70_seg7.wav,Fire,FireDataset,5.0,test
X:\NEU\capstone\data\segments\wildfire\videoplayback_71_seg5.wav,Fire,FireDataset,5.0,train
X:\NEU\capstone\data\segments\wildfire\videoplayback_19_seg2.wav,Fire,FireDataset,5.0,train
X:\NEU\capstone\data\segments\wildfire\y2mate.com - DD Ambience  Building on Fire  Blaze Inferno Wood Cracking Collapsing Loud Stressing_1_53_seg9.wav,Fire,FireDataset,5.0,train
X:\NEU\capstone\data\segments\wildfire\videoplayback_57_seg0.wav,Fire,FireDataset,5.0,train
X:\NEU\capstone\data\segments\wildfire\y2mate.com - DD Ambience  Building on Fire  Blaze Inferno Wood Cracking Collapsing Loud Stressing_1_03_seg0.wav,Fire,FireDataset,5.0,test
X:\NEU\capstone\data\segments\fsd50k\398814.wav,Fire,FSD50K,8.6658125,train
X:\NEU\capstone\data\segments\wildfire\y2mate.com - DD Ambience  Building on Fire  Blaze Inferno Wood Cracking Collapsing Loud Stressing_1_33_seg3.wav,Fire,FireDataset,5.0,train
X:\NEU\capstone\data\segments\fsd50k\336507.wav,Fire,FSD50K,15.6705625,train
X:\NEU\capstone\data\segments\wildfire\y2mate.com - DD Ambience  Building on Fire  Blaze Inferno Wood Cracking Collapsing Loud Stressing_56_seg9.wav,Fire,FireDataset,5.0,train
X:\NEU\capstone\data\segments\wildfire\y2mate.com - DD Ambience  Building on Fire  Blaze Inferno Wood Cracking Collapsing Loud Stressing_58_seg4.wav,Fire,FireDataset,5.0,train
X:\NEU\capstone\data\segments\fsd50k\249418.wav,Fire,FSD50K,16.18725,test
X:\NEU\capstone\data\segments\fsd50k\414984.wav,Fire,FSD50K,6.6626875,train
X:\NEU\capstone\data\segments\fsd50k\196335.wav,Fire,FSD50K,14.3499375,train
X:\NEU\capstone\data\segments\wildfire\y2mate.com - DD Ambience  Building on Fire  Blaze Inferno Wood Cracking Collapsing Loud Stressing_37_seg2.wav,Fire,FireDataset,5.0,train
X:\NEU\capstone\data\segments\fsd50k\420220.wav,Water,FSD50K,2.7906875,train
X:\NEU\capstone\data\segments\fsd50k\16652.wav,Water,FSD50K,18.5930625,train
X:\NEU\capstone\data\segments\wildfire\videoplayback_01_seg2.wav,Fire,FireDataset,5.0,train
X:\NEU\capstone\data\segments\fsd50k\124372.wav,Fire,FSD50K,2.0959375,train
X:\NEU\capstone\data\segments\wildfire\y2mate.com - DD Ambience  Building on Fire  Blaze Inferno Wood Cracking Collapsing Loud Stressing_50_seg0.wav,Fire,FireDataset,5.0,train
X:\NEU\capstone\data\segments\fsd50k\338091.wav,Thunder,FSD50K,10.7101875,val
X:\NEU\capstone\data\segments\fsd50k\62253.wav,Thunder,FSD50K,22.0230625,train
X:\NEU\capstone\data\segments\fsd50k\28647.wav,Thunder,FSD50K,10.2915625,val
X:\NEU\capstone\data\segments\fsd50k\255332.wav,Fire,FSD50K,15.48625,train
X:\NEU\capstone\data\segments\wildfire\y2mate.com - DD Ambience  Building on Fire  Blaze Inferno Wood Cracking Collapsing Loud Stressing_1_71_seg3.wav,Fire,FireDataset,5.0,test
X:\NEU\capstone\data\segments\fsd50k\166550.wav,Fire,FSD50K,15.5398125,train
X:\NEU\capstone\data\segments\fsd50k\201737.wav,Fire,FSD50K,2.9241875,train
X:\NEU\capstone\data\segments\fsd50k\363092.wav,Fire,FSD50K,21.0329375,train
X:\NEU\capstone\data\segments\fsd50k\196317.wav,Fire,FSD50K,3.29725,train
X:\NEU\capstone\data\segments\fsd50k\237410.wav,Thunder,FSD50K,9.8959375,test
X:\NEU\capstone\data\segments\fsd50k\17500.wav,Train,FSD50K,11.5620625,test
X:\NEU\capstone\data\segments\wildfire\y2mate.com - DD Ambience  Building on Fire  Blaze Inferno Wood Cracking Collapsing Loud Stressing_1_56_seg9.wav,Fire,FireDataset,5.0,train
X:\NEU\capstone\data\segments\wildfire\y2mate.com - DD Ambience  Building on Fire  Blaze Inferno Wood Cracking Collapsing Loud Stressing_1_26_seg5.wav,Fire,FireDataset,5.0,train
X:\NEU\capstone\data\segments\wildfire\y2mate.com - DD Ambience  Building on Fire  Blaze Inferno Wood Cracking Collapsing Loud Stressing_1_36_seg6.wav,Fire,FireDataset,5.0,train
X:\NEU\capstone\data\segments\fsd50k\85141.wav,Water,FSD50K,25.542625,train
X:\NEU\capstone\data\segments\wildfire\y2mate.com - DD Ambience  Building on Fire  Blaze Inferno Wood Cracking Collapsing Loud Stressing_46_seg8.wav,Fire,FireDataset,5.0,val
X:\NEU\capstone\data\segments\wildfire\y2mate.com - DD Ambience  Building on Fire  Blaze Inferno Wood Cracking Collapsing Loud Stressing_1_16_seg8.wav,Fire,FireDataset,5.0,train
X:\NEU\capstone\data\segments\fsd50k\278885.wav,Train,FSD50K,4.1203125,train
X:\NEU\capstone\data\segments\fsd50k\84673.wav,Water,FSD50K,24.887375,train
X:\NEU\capstone\data\segments\fsd50k\112689.wav,Train,FSD50K,15.29925,train
X:\NEU\capstone\data\segments\wildfire\videoplayback_10_seg3.wav,Fire,FireDataset,5.0,train
X:\NEU\capstone\data\segments\wildfire\y2mate.com - DD Ambience  Building on Fire  Blaze Inferno Wood Cracking Collapsing Loud Stressing_1_47_seg8.wav,Fire,FireDataset,5.0,val
X:\NEU\capstone\data\segments\fsd50k\33806.wav,Train,FSD50K,3.505625,val
X:\NEU\capstone\data\segments\wildfire\y2mate.com - DD Ambience  Building on Fire  Blaze Inferno Wood Cracking Collapsing Loud Stressing_64_seg0.wav,Fire,FireDataset,5.0,train
X:\NEU\capstone\data\segments\wildfire\y2mate.com - DD Ambience  Building on Fire  Blaze Inferno Wood Cracking Collapsing Loud Stressing_1_63_seg0.wav,Fire,FireDataset,5.0,train
X:\NEU\capstone\data\segments\fsd50k\59441.wav,Train,FSD50K,14.053875,train
X:\NEU\capstone\data\segments\fsd50k\432436.wav,Fire,FSD50K,11.338875,train
X:\NEU\capstone\data\segments\wildfire\y2mate.com - DD Ambience  Building on Fire  Blaze Inferno Wood Cracking Collapsing Loud Stressing_1_02_seg3.wav,Fire,FireDataset,5.0,train
X:\NEU\capstone\data\segments\wildfire\y2mate.com - DD Ambience  Building on Fire  Blaze Inferno Wood Cracking Collapsing Loud Stressing_1_23_seg5.wav,Fire,FireDataset,5.0,val
X:\NEU\capstone\data\segments\wildfire\videoplayback_29_seg4.wav,Fire,FireDataset,5.0,train
X:\NEU\capstone\data\segments\fsd50k\424809.wav,Water,FSD50K,26.7711875,train
X:\NEU\capstone\data\segments\wildfire\y2mate.com - DD Ambience  Building on Fire  Blaze Inferno Wood Cracking Collapsing Loud Stressing_1_48_seg0.wav,Fire,FireDataset,5.0,test
X:\NEU\capstone\data\segments\fsd50k\394404.wav,Fire,FSD50K,18.1838125,test
X:\NEU\capstone\data\segments\fsd50k\80374.wav,Train,FSD50K,18.168,train
X:\NEU\capstone\data\segments\wildfire\y2mate.com - DD Ambience  Building on Fire  Blaze Inferno Wood Cracking Collapsing Loud Stressing_37_seg4.wav,Fire,FireDataset,5.0,train
X:\NEU\capstone\data\segments\wildfire\videoplayback_43_seg7.wav,Fire,FireDataset,5.0,train
X:\NEU\capstone\data\segments\wildfire\y2mate.com - DD Ambience  Building on Fire  Blaze Inferno Wood Cracking Collapsing Loud Stressing_1_52_seg0.wav,Fire,FireDataset,5.0,train
X:\NEU\capstone\data\segments\wildfire\videoplayback_71_seg0.wav,Fire,FireDataset,5.0,train
X:\NEU\capstone\data\segments\wildfire\y2mate.com - DD Ambience  Building on Fire  Blaze Inferno Wood Cracking Collapsing Loud Stressing_1_62_seg7.wav,Fire,FireDataset,5.0,train
X:\NEU\capstone\data\segments\fsd50k\219591.wav,Train,FSD50K,19.5643125,val
X:\NEU\capstone\data\segments\fsd50k\134956.wav,Water,FSD50K,11.1466875,train
X:\NEU\capstone\data\segments\fsd50k\419305.wav,Fire,FSD50K,11.0,train
X:\NEU\capstone\data\segments\wildfire\videoplayback_14_seg1.wav,Fire,FireDataset,5.0,train
X:\NEU\capstone\data\segments\fsd50k\420316.wav,Wind,FSD50K,0.9371875,train
X:\NEU\capstone\data\segments\fsd50k\202748.wav,Fire,FSD50K,24.346125,train
X:\NEU\capstone\data\segments\wildfire\y2mate.com - DD Ambience  Building on Fire  Blaze Inferno Wood Cracking Collapsing Loud Stressing_20_seg8.wav,Fire,FireDataset,5.0,train
X:\NEU\capstone\data\segments\wildfire\y2mate.com - DD Ambience  Building on Fire  Blaze Inferno Wood Cracking Collapsing Loud Stressing_1_63_seg7.wav,Fire,FireDataset,5.0,train
X:\NEU\capstone\data\segments\wildfire\videoplayback_36_seg5.wav,Fire,FireDataset,5.0,train
X:\NEU\capstone\data\segments\fsd50k\75643.wav,Wind,FSD50K,9.8220625,train
X:\NEU\capstone\data\segments\wildfire\y2mate.com - DD Ambience  Building on Fire  Blaze Inferno Wood Cracking Collapsing Loud Stressing_65_seg0.wav,Fire,FireDataset,5.0,train
X:\NEU\capstone\data\segments\wildfire\y2mate.com - DD Ambience  Building on Fire  Blaze Inferno Wood Cracking Collapsing Loud Stressing_1_13_seg8.wav,Fire,FireDataset,5.0,train
X:\NEU\capstone\data\segments\fsd50k\251626.wav,Water,FSD50K,7.765375,train
X:\NEU\capstone\data\segments\wildfire\y2mate.com - DD Ambience  Building on Fire  Blaze Inferno Wood Cracking Collapsing Loud Stressing_66_seg2.wav,Fire,FireDataset,5.0,test
X:\NEU\capstone\data\segments\fsd50k\71963.wav,Thunder,FSD50K,21.9660625,val
X:\NEU\capstone\data\segments\wildfire\y2mate.com - DD Ambience  Building on Fire  Blaze Inferno Wood Cracking Collapsing Loud Stressing_1_01_seg3.wav,Fire,FireDataset,5.0,train
X:\NEU\capstone\data\segments\fsd50k\41135.wav,Water,FSD50K,23.4840625,train
X:\NEU\capstone\data\segments\wildfire\y2mate.com - DD Ambience  Building on Fire  Blaze Inferno Wood Cracking Collapsing Loud Stressing_37_seg8.wav,Fire,FireDataset,5.0,train
X:\NEU\capstone\data\segments\fsd50k\16751.wav,Water,FSD50K,2.0548125,train
X:\NEU\capstone\data\segments\wildfire\y2mate.com - DD Ambience  Building on Fire  Blaze Inferno Wood Cracking Collapsing Loud Stressing_17_seg0.wav,Fire,FireDataset,5.0,train
X:\NEU\capstone\data\segments\wildfire\y2mate.com - DD Ambience  Building on Fire  Blaze Inferno Wood Cracking Collapsing Loud Stressing_1_38_seg1.wav,Fire,FireDataset,5.0,train
X:\NEU\capstone\data\segments\fsd50k\18809.wav,Water,FSD50K,15.6049375,train
X:\NEU\capstone\data\segments\wildfire\y2mate.com - DD Ambience  Building on Fire  Blaze Inferno Wood Cracking Collapsing Loud Stressing_1_11_seg7.wav,Fire,FireDataset,5.0,train
X:\NEU\capstone\data\segments\fsd50k\391687.wav,Water,FSD50K,12.6465625,train
X:\NEU\capstone\data\segments\wildfire\videoplayback_60_seg0.wav,Fire,FireDataset,5.0,train
X:\NEU\capstone\data\segments\wildfire\y2mate.com - DD Ambience  Building on Fire  Blaze Inferno Wood Cracking Collapsing Loud Stressing_1_21_seg9.wav,Fire,FireDataset,5.0,train
X:\NEU\capstone\data\segments\wildfire\y2mate.com - DD Ambience  Building on Fire  Blaze Inferno Wood Cracking Collapsing Loud Stressing_27_seg1.wav,Fire,FireDataset,5.0,train
X:\NEU\capstone\data\segments\fsd50k\380670.wav,Train,FSD50K,19.453625,train
X:\NEU\capstone\data\segments\wildfire\videoplayback_40_seg5.wav,Fire,FireDataset,5.0,train
X:\NEU\capstone\data\segments\fsd50k\156324.wav,Fire,FSD50K,10.754375,val
X:\NEU\capstone\data\segments\wildfire\y2mate.com - DD Ambience  Building on Fire  Blaze Inferno Wood Cracking Collapsing Loud Stressing_17_seg8.wav,Fire,FireDataset,5.0,val
X:\NEU\capstone\data\segments\fsd50k\68706.wav,Wind,FSD50K,8.9164375,train
X:\NEU\capstone\data\segments\fsd50k\156326.wav,Fire,FSD50K,3.3555625,train
X:\NEU\capstone\data\segments\wildfire\videoplayback_33_seg2.wav,Fire,FireDataset,5.0,train
X:\NEU\capstone\data\segments\wildfire\videoplayback_10_seg4.wav,Fire,FireDataset,5.0,train
X:\NEU\capstone\data\segments\wildfire\y2mate.com - DD Ambience  Building on Fire  Blaze Inferno Wood Cracking Collapsing Loud Stressing_1_54_seg2.wav,Fire,FireDataset,5.0,train
X:\NEU\capstone\data\segments\wildfire\y2mate.com - DD Ambience  Building on Fire  Blaze Inferno Wood Cracking Collapsing Loud Stressing_1_39_seg0.wav,Fire,FireDataset,5.0,val
X:\NEU\capstone\data\segments\wildfire\videoplayback_07_seg8.wav,Fire,FireDataset,5.0,train
X:\NEU\capstone\data\segments\wildfire\videoplayback_23_seg1.wav,Fire,FireDataset,5.0,val
X:\NEU\capstone\data\segments\fsd50k\347816.wav,Thunder,FSD50K,23.887,train
X:\NEU\capstone\data\segments\wildfire\y2mate.com - DD Ambience  Building on Fire  Blaze Inferno Wood Cracking Collapsing Loud Stressing_09_seg0.wav,Fire,FireDataset,5.0,test
X:\NEU\capstone\data\segments\wildfire\y2mate.com - DD Ambience  Building on Fire  Blaze Inferno Wood Cracking Collapsing Loud Stressing_1_21_seg7.wav,Fire,FireDataset,5.0,train
X:\NEU\capstone\data\segments\wildfire\y2mate.com - DD Ambience  Building on Fire  Blaze Inferno Wood Cracking Collapsing Loud Stressing_58_seg3.wav,Fire,FireDataset,5.0,train
X:\NEU\capstone\data\segments\fsd50k\136383.wav,Thunder,FSD50K,19.5605625,train
X:\NEU\capstone\data\segments\wildfire\y2mate.com - DD Ambience  Building on Fire  Blaze Inferno Wood Cracking Collapsing Loud Stressing_05_seg9.wav,Fire,FireDataset,5.0,train
X:\NEU\capstone\data\segments\wildfire\videoplayback_72_seg7.wav,Fire,FireDataset,5.0,train
X:\NEU\capstone\data\segments\wildfire\y2mate.com - DD Ambience  Building on Fire  Blaze Inferno Wood Cracking Collapsing Loud Stressing_1_01_seg7.wav,Fire,FireDataset,5.0,train
X:\NEU\capstone\data\segments\fsd50k\110324.wav,Water,FSD50K,13.5390625,train
X:\NEU\capstone\data\segments\wildfire\y2mate.com - DD Ambience  Building on Fire  Blaze Inferno Wood Cracking Collapsing Loud Stressing_17_seg3.wav,Fire,FireDataset,5.0,train
X:\NEU\capstone\data\segments\wildfire\y2mate.com - DD Ambience  Building on Fire  Blaze Inferno Wood Cracking Collapsing Loud Stressing_1_56_seg6.wav,Fire,FireDataset,5.0,train
X:\NEU\capstone\data\segments\wildfire\y2mate.com - DD Ambience  Building on Fire  Blaze Inferno Wood Cracking Collapsing Loud Stressing_01_seg1.wav,Fire,FireDataset,5.0,val
X:\NEU\capstone\data\segments\wildfire\y2mate.com - DD Ambience  Building on Fire  Blaze Inferno Wood Cracking Collapsing Loud Stressing_1_68_seg9.wav,Fire,FireDataset,5.0,train
X:\NEU\capstone\data\segments\fsd50k\413833.wav,Water,FSD50K,11.248625,train
X:\NEU\capstone\data\segments\wildfire\videoplayback_53_seg8.wav,Fire,FireDataset,5.0,train
X:\NEU\capstone\data\segments\fsd50k\386199.wav,Fire,FSD50K,3.0,train
X:\NEU\capstone\data\segments\wildfire\y2mate.com - DD Ambience  Building on Fire  Blaze Inferno Wood Cracking Collapsing Loud Stressing_26_seg9.wav,Fire,FireDataset,5.0,train
X:\NEU\capstone\data\segments\fsd50k\112693.wav,Train,FSD50K,17.164875,train
X:\NEU\capstone\data\segments\wildfire\y2mate.com - DD Ambience  Building on Fire  Blaze Inferno Wood Cracking Collapsing Loud Stressing_30_seg3.wav,Fire,FireDataset,5.0,train
X:\NEU\capstone\data\segments\wildfire\videoplayback_28_seg7.wav,Fire,FireDataset,5.0,train
X:\NEU\capstone\data\segments\wildfire\y2mate.com - DD Ambience  Building on Fire  Blaze Inferno Wood Cracking Collapsing Loud Stressing_61_seg7.wav,Fire,FireDataset,5.0,train
X:\NEU\capstone\data\segments\wildfire\videoplayback_57_seg9.wav,Fire,FireDataset,5.0,val
X:\NEU\capstone\data\segments\wildfire\y2mate.com - DD Ambience  Building on Fire  Blaze Inferno Wood Cracking Collapsing Loud Stressing_56_seg3.wav,Fire,FireDataset,5.0,train
X:\NEU\capstone\data\segments\wildfire\y2mate.com - DD Ambience  Building on Fire  Blaze Inferno Wood Cracking Collapsing Loud Stressing_33_seg8.wav,Fire,FireDataset,5.0,train
X:\NEU\capstone\data\segments\fsd50k\74468.wav,Thunder,FSD50K,18.035125,train
X:\NEU\capstone\data\segments\wildfire\videoplayback_57_seg8.wav,Fire,FireDataset,5.0,train
X:\NEU\capstone\data\segments\fsd50k\151189.wav,Thunder,FSD50K,14.271,train
X:\NEU\capstone\data\segments\wildfire\videoplayback_58_seg4.wav,Fire,FireDataset,5.0,train
X:\NEU\capstone\data\segments\wildfire\videoplayback_54_seg4.wav,Fire,FireDataset,5.0,train
X:\NEU\capstone\data\segments\wildfire\y2mate.com - DD Ambience  Building on Fire  Blaze Inferno Wood Cracking Collapsing Loud Stressing_24_seg7.wav,Fire,FireDataset,5.0,train
X:\NEU\capstone\data\segments\wildfire\y2mate.com - DD Ambience  Building on Fire  Blaze Inferno Wood Cracking Collapsing Loud Stressing_1_28_seg7.wav,Fire,FireDataset,5.0,train
X:\NEU\capstone\data\segments\fsd50k\232288.wav,Water,FSD50K,17.494625,train
X:\NEU\capstone\data\segments\fsd50k\18047.wav,Thunder,FSD50K,13.358125,train
X:\NEU\capstone\data\segments\wildfire\y2mate.com - DD Ambience  Building on Fire  Blaze Inferno Wood Cracking Collapsing Loud Stressing_1_13_seg5.wav,Fire,FireDataset,5.0,train
X:\NEU\capstone\data\segments\wildfire\videoplayback_30_seg7.wav,Fire,FireDataset,5.0,train
X:\NEU\capstone\data\segments\wildfire\y2mate.com - DD Ambience  Building on Fire  Blaze Inferno Wood Cracking Collapsing Loud Stressing_16_seg6.wav,Fire,FireDataset,5.0,test
X:\NEU\capstone\data\segments\fsd50k\33943.wav,Fire,FSD50K,11.192,train
X:\NEU\capstone\data\segments\fsd50k\334149.wav,Water,FSD50K,6.436125,val
X:\NEU\capstone\data\segments\wildfire\videoplayback_49_seg7.wav,Fire,FireDataset,5.0,train
X:\NEU\capstone\data\segments\fsd50k\128343.wav,Thunder,FSD50K,24.596875,train
X:\NEU\capstone\data\segments\wildfire\y2mate.com - DD Ambience  Building on Fire  Blaze Inferno Wood Cracking Collapsing Loud Stressing_16_seg7.wav,Fire,FireDataset,5.0,train
X:\NEU\capstone\data\segments\wildfire\y2mate.com - DD Ambience  Building on Fire  Blaze Inferno Wood Cracking Collapsing Loud Stressing_23_seg5.wav,Fire,FireDataset,5.0,train
X:\NEU\capstone\data\segments\fsd50k\214456.wav,Fire,FSD50K,1.24275,train
X:\NEU\capstone\data\segments\wildfire\videoplayback_59_seg9.wav,Fire,FireDataset,5.0,train
X:\NEU\capstone\data\segments\wildfire\y2mate.com - DD Ambience  Building on Fire  Blaze Inferno Wood Cracking Collapsing Loud Stressing_1_68_seg7.wav,Fire,FireDataset,5.0,train
X:\NEU\capstone\data\segments\fsd50k\16746.wav,Water,FSD50K,1.32675,train
X:\NEU\capstone\data\segments\fsd50k\380686.wav,Train,FSD50K,19.2666875,train
X:\NEU\capstone\data\segments\wildfire\y2mate.com - DD Ambience  Building on Fire  Blaze Inferno Wood Cracking Collapsing Loud Stressing_1_34_seg4.wav,Fire,FireDataset,5.0,train
X:\NEU\capstone\data\segments\wildfire\y2mate.com - DD Ambience  Building on Fire  Blaze Inferno Wood Cracking Collapsing Loud Stressing_57_seg2.wav,Fire,FireDataset,5.0,train
X:\NEU\capstone\data\segments\fsd50k\398817.wav,Fire,FSD50K,9.65025,train
X:\NEU\capstone\data\segments\fsd50k\116174.wav,Train,FSD50K,17.0,train
X:\NEU\capstone\data\segments\fsd50k\347692.wav,Fire,FSD50K,6.0081875,test
X:\NEU\capstone\data\segments\wildfire\videoplayback_19_seg0.wav,Fire,FireDataset,5.0,train
X:\NEU\capstone\data\segments\wildfire\videoplayback_58_seg0.wav,Fire,FireDataset,5.0,val
X:\NEU\capstone\data\segments\fsd50k\57746.wav,Fire,FSD50K,20.4286875,test
X:\NEU\capstone\data\segments\wildfire\y2mate.com - DD Ambience  Building on Fire  Blaze Inferno Wood Cracking Collapsing Loud Stressing_1_07_seg3.wav,Fire,FireDataset,5.0,train
X:\NEU\capstone\data\segments\wildfire\y2mate.com - DD Ambience  Building on Fire  Blaze Inferno Wood Cracking Collapsing Loud Stressing_05_seg6.wav,Fire,FireDataset,5.0,train
X:\NEU\capstone\data\segments\wildfire\y2mate.com - DD Ambience  Building on Fire  Blaze Inferno Wood Cracking Collapsing Loud Stressing_1_55_seg7.wav,Fire,FireDataset,5.0,val
X:\NEU\capstone\data\segments\fsd50k\105299.wav,Thunder,FSD50K,1.503875,train
X:\NEU\capstone\data\segments\fsd50k\162367.wav,Aircraft,FSD50K,19.413375,train
X:\NEU\capstone\data\segments\fsd50k\196316.wav,Fire,FSD50K,3.5526875,train
X:\NEU\capstone\data\segments\fsd50k\45360.wav,Train,FSD50K,26.1456875,train
X:\NEU\capstone\data\segments\fsd50k\386162.wav,Fire,FSD50K,4.36875,test
X:\NEU\capstone\data\segments\fsd50k\190075.wav,Fire,FSD50K,4.7379375,train
X:\NEU\capstone\data\segments\fsd50k\190678.wav,Wind,FSD50K,7.307375,train
X:\NEU\capstone\data\segments\fsd50k\171693.wav,Fire,FSD50K,7.0,train
X:\NEU\capstone\data\segments\wildfire\videoplayback_34_seg8.wav,Fire,FireDataset,5.0,train
X:\NEU\capstone\data\segments\wildfire\videoplayback_12_seg2.wav,Fire,FireDataset,5.0,train
X:\NEU\capstone\data\segments\fsd50k\182902.wav,Wind,FSD50K,11.5180625,train
X:\NEU\capstone\data\segments\fsd50k\263396.wav,Train,FSD50K,15.04,train
X:\NEU\capstone\data\segments\wildfire\y2mate.com - DD Ambience  Building on Fire  Blaze Inferno Wood Cracking Collapsing Loud Stressing_1_30_seg3.wav,Fire,FireDataset,5.0,test
X:\NEU\capstone\data\segments\fsd50k\252276.wav,Wind,FSD50K,4.841375,train
X:\NEU\capstone\data\segments\fsd50k\337736.wav,Fire,FSD50K,2.765625,train
X:\NEU\capstone\data\segments\wildfire\videoplayback_61_seg1.wav,Fire,FireDataset,5.0,train
X:\NEU\capstone\data\segments\wildfire\videoplayback_38_seg5.wav,Fire,FireDataset,5.0,train
X:\NEU\capstone\data\segments\fsd50k\13585.wav,Thunder,FSD50K,25.0158125,train
X:\NEU\capstone\data\segments\wildfire\videoplayback_12_seg6.wav,Fire,FireDataset,5.0,train
X:\NEU\capstone\data\segments\fsd50k\340466.wav,Train,FSD50K,25.1501875,train
X:\NEU\capstone\data\segments\wildfire\y2mate.com - DD Ambience  Building on Fire  Blaze Inferno Wood Cracking Collapsing Loud Stressing_1_38_seg9.wav,Fire,FireDataset,5.0,train
X:\NEU\capstone\data\segments\fsd50k\243779.wav,Thunder,FSD50K,28.8653125,train
X:\NEU\capstone\data\segments\fsd50k\333900.wav,Wind,FSD50K,16.788,train
X:\NEU\capstone\data\segments\wildfire\y2mate.com - DD Ambience  Building on Fire  Blaze Inferno Wood Cracking Collapsing Loud Stressing_16_seg9.wav,Fire,FireDataset,5.0,train
X:\NEU\capstone\data\segments\fsd50k\134963.wav,Fire,FSD50K,11.5233125,train
X:\NEU\capstone\data\segments\wildfire\videoplayback_18_seg2.wav,Fire,FireDataset,5.0,test
X:\NEU\capstone\data\segments\wildfire\y2mate.com - DD Ambience  Building on Fire  Blaze Inferno Wood Cracking Collapsing Loud Stressing_47_seg6.wav,Fire,FireDataset,5.0,val
X:\NEU\capstone\data\segments\wildfire\y2mate.com - DD Ambience  Building on Fire  Blaze Inferno Wood Cracking Collapsing Loud Stressing_1_11_seg4.wav,Fire,FireDataset,5.0,train
X:\NEU\capstone\data\segments\fsd50k\75642.wav,Wind,FSD50K,2.71675,train
X:\NEU\capstone\data\segments\wildfire\videoplayback_42_seg2.wav,Fire,FireDataset,5.0,train
X:\NEU\capstone\data\segments\wildfire\y2mate.com - DD Ambience  Building on Fire  Blaze Inferno Wood Cracking Collapsing Loud Stressing_1_26_seg7.wav,Fire,FireDataset,5.0,test
X:\NEU\capstone\data\segments\wildfire\videoplayback_30_seg6.wav,Fire,FireDataset,5.0,train
X:\NEU\capstone\data\segments\wildfire\y2mate.com - DD Ambience  Building on Fire  Blaze Inferno Wood Cracking Collapsing Loud Stressing_1_68_seg1.wav,Fire,FireDataset,5.0,train
X:\NEU\capstone\data\segments\fsd50k\398739.wav,Water,FSD50K,17.4490625,test
X:\NEU\capstone\data\segments\fsd50k\56286.wav,Water,FSD50K,12.58475,train
X:\NEU\capstone\data\segments\fsd50k\208842.wav,Wind,FSD50K,11.4241875,train
X:\NEU\capstone\data\segments\fsd50k\156335.wav,Fire,FSD50K,0.758625,train
X:\NEU\capstone\data\segments\wildfire\y2mate.com - DD Ambience  Building on Fire  Blaze Inferno Wood Cracking Collapsing Loud Stressing_1_33_seg2.wav,Fire,FireDataset,5.0,train
X:\NEU\capstone\data\segments\wildfire\y2mate.com - DD Ambience  Building on Fire  Blaze Inferno Wood Cracking Collapsing Loud Stressing_1_14_seg6.wav,Fire,FireDataset,5.0,train
X:\NEU\capstone\data\segments\fsd50k\70170.wav,Water,FSD50K,11.8335,train
X:\NEU\capstone\data\segments\wildfire\videoplayback_34_seg1.wav,Fire,FireDataset,5.0,test
X:\NEU\capstone\data\segments\wildfire\videoplayback_17_seg7.wav,Fire,FireDataset,5.0,train
X:\NEU\capstone\data\segments\fsd50k\316750.wav,Train,FSD50K,13.794,train
X:\NEU\capstone\data\segments\wildfire\y2mate.com - DD Ambience  Building on Fire  Blaze Inferno Wood Cracking Collapsing Loud Stressing_1_14_seg2.wav,Fire,FireDataset,5.0,train
X:\NEU\capstone\data\segments\fsd50k\420930.wav,Fire,FSD50K,15.2555,train
X:\NEU\capstone\data\segments\fsd50k\77722.wav,Fire,FSD50K,3.918375,test
X:\NEU\capstone\data\segments\fsd50k\182919.wav,Wind,FSD50K,10.71025,train
X:\NEU\capstone\data\segments\wildfire\y2mate.com - DD Ambience  Building on Fire  Blaze Inferno Wood Cracking Collapsing Loud Stressing_1_24_seg1.wav,Fire,FireDataset,5.0,train
X:\NEU\capstone\data\segments\fsd50k\48511.wav,Thunder,FSD50K,11.0,train
X:\NEU\capstone\data\segments\fsd50k\251328.wav,Aircraft,FSD50K,14.927,train
X:\NEU\capstone\data\segments\fsd50k\143563.wav,Aircraft,FSD50K,29.9633125,test
X:\NEU\capstone\data\segments\wildfire\y2mate.com - DD Ambience  Building on Fire  Blaze Inferno Wood Cracking Collapsing Loud Stressing_48_seg1.wav,Fire,FireDataset,5.0,train
X:\NEU\capstone\data\segments\wildfire\y2mate.com - DD Ambience  Building on Fire  Blaze Inferno Wood Cracking Collapsing Loud Stressing_27_seg0.wav,Fire,FireDataset,5.0,train
X:\NEU\capstone\data\segments\fsd50k\58252.wav,Thunder,FSD50K,23.9281875,train
X:\NEU\capstone\data\segments\wildfire\y2mate.com - DD Ambience  Building on Fire  Blaze Inferno Wood Cracking Collapsing Loud Stressing_30_seg8.wav,Fire,FireDataset,5.0,train
X:\NEU\capstone\data\segments\wildfire\videoplayback_49_seg9.wav,Fire,FireDataset,5.0,train
X:\NEU\capstone\data\segments\fsd50k\398873.wav,Train,FSD50K,25.17,train
X:\NEU\capstone\data\segments\fsd50k\162392.wav,Wind,FSD50K,5.9534375,train
X:\NEU\capstone\data\segments\wildfire\y2mate.com - DD Ambience  Building on Fire  Blaze Inferno Wood Cracking Collapsing Loud Stressing_37_seg7.wav,Fire,FireDataset,5.0,test
X:\NEU\capstone\data\segments\wildfire\y2mate.com - DD Ambience  Building on Fire  Blaze Inferno Wood Cracking Collapsing Loud Stressing_58_seg7.wav,Fire,FireDataset,5.0,train
X:\NEU\capstone\data\segments\fsd50k\22933.wav,Thunder,FSD50K,15.0465,train
X:\NEU\capstone\data\segments\wildfire\y2mate.com - DD Ambience  Building on Fire  Blaze Inferno Wood Cracking Collapsing Loud Stressing_11_seg7.wav,Fire,FireDataset,5.0,train
X:\NEU\capstone\data\segments\fsd50k\77113.wav,Aircraft,FSD50K,16.3178125,test
X:\NEU\capstone\data\segments\wildfire\videoplayback_72_seg4.wav,Fire,FireDataset,5.0,train
X:\NEU\capstone\data\segments\wildfire\y2mate.com - DD Ambience  Building on Fire  Blaze Inferno Wood Cracking Collapsing Loud Stressing_1_21_seg8.wav,Fire,FireDataset,5.0,train
X:\NEU\capstone\data\segments\fsd50k\176163.wav,Water,FSD50K,21.14175,test
X:\NEU\capstone\data\segments\fsd50k\182905.wav,Wind,FSD50K,5.277375,train
X:\NEU\capstone\data\segments\wildfire\y2mate.com - DD Ambience  Building on Fire  Blaze Inferno Wood Cracking Collapsing Loud Stressing_1_60_seg9.wav,Fire,FireDataset,5.0,val
X:\NEU\capstone\data\segments\wildfire\y2mate.com - DD Ambience  Building on Fire  Blaze Inferno Wood Cracking Collapsing Loud Stressing_53_seg6.wav,Fire,FireDataset,5.0,test
X:\NEU\capstone\data\segments\wildfire\y2mate.com - DD Ambience  Building on Fire  Blaze Inferno Wood Cracking Collapsing Loud Stressing_40_seg2.wav,Fire,FireDataset,5.0,train
X:\NEU\capstone\data\segments\wildfire\videoplayback_14_seg7.wav,Fire,FireDataset,5.0,train
X:\NEU\capstone\data\segments\wildfire\y2mate.com - DD Ambience  Building on Fire  Blaze Inferno Wood Cracking Collapsing Loud Stressing_59_seg8.wav,Fire,FireDataset,5.0,train
X:\NEU\capstone\data\segments\wildfire\videoplayback_24_seg4.wav,Fire,FireDataset,5.0,train
X:\NEU\capstone\data\segments\wildfire\y2mate.com - DD Ambience  Building on Fire  Blaze Inferno Wood Cracking Collapsing Loud Stressing_1_31_seg2.wav,Fire,FireDataset,5.0,train
X:\NEU\capstone\data\segments\wildfire\y2mate.com - DD Ambience  Building on Fire  Blaze Inferno Wood Cracking Collapsing Loud Stressing_1_58_seg5.wav,Fire,FireDataset,5.0,train
X:\NEU\capstone\data\segments\wildfire\y2mate.com - DD Ambience  Building on Fire  Blaze Inferno Wood Cracking Collapsing Loud Stressing_1_39_seg7.wav,Fire,FireDataset,5.0,train
X:\NEU\capstone\data\segments\wildfire\y2mate.com - DD Ambience  Building on Fire  Blaze Inferno Wood Cracking Collapsing Loud Stressing_69_seg2.wav,Fire,FireDataset,5.0,val
X:\NEU\capstone\data\segments\wildfire\y2mate.com - DD Ambience  Building on Fire  Blaze Inferno Wood Cracking Collapsing Loud Stressing_26_seg3.wav,Fire,FireDataset,5.0,train
X:\NEU\capstone\data\segments\wildfire\videoplayback_25_seg6.wav,Fire,FireDataset,5.0,train
X:\NEU\capstone\data\segments\wildfire\y2mate.com - DD Ambience  Building on Fire  Blaze Inferno Wood Cracking Collapsing Loud Stressing_1_53_seg0.wav,Fire,FireDataset,5.0,train
X:\NEU\capstone\data\segments\wildfire\videoplayback_18_seg7.wav,Fire,FireDataset,5.0,train
X:\NEU\capstone\data\segments\wildfire\videoplayback_57_seg2.wav,Fire,FireDataset,5.0,test
X:\NEU\capstone\data\segments\wildfire\videoplayback_60_seg5.wav,Fire,FireDataset,5.0,val
