segment_path,target_label,source,original_file,split,start_sec,end_sec,feature_path
data\segments\esc50\1-101296-A-19_seg00.wav,Thunder,ESC-50,data\standardized_wav\esc50\1-101296-A-19.wav,train,0.0,2.0,data\features\esc50\1-101296-A-19_seg00.npy
data\segments\esc50\1-101296-A-19_seg01.wav,Thunder,ESC-50,data\standardized_wav\esc50\1-101296-A-19.wav,train,1.0,3.0,data\features\esc50\1-101296-A-19_seg01.npy
data\segments\esc50\1-101296-A-19_seg02.wav,Thunder,ESC-50,data\standardized_wav\esc50\1-101296-A-19.wav,train,2.0,4.0,data\features\esc50\1-101296-A-19_seg02.npy
data\segments\esc50\1-101296-A-19_seg03.wav,Thunder,ESC-50,data\standardized_wav\esc50\1-101296-A-19.wav,train,3.0,5.0,data\features\esc50\1-101296-A-19_seg03.npy
data\segments\esc50\1-101296-B-19_seg00.wav,Thunder,ESC-50,data\standardized_wav\esc50\1-101296-B-19.wav,train,0.0,2.0,data\features\esc50\1-101296-B-19_seg00.npy
data\segments\esc50\1-101296-B-19_seg01.wav,Thunder,ESC-50,data\standardized_wav\esc50\1-101296-B-19.wav,train,1.0,3.0,data\features\esc50\1-101296-B-19_seg01.npy
data\segments\esc50\1-101296-B-19_seg02.wav,Thunder,ESC-50,data\standardized_wav\esc50\1-101296-B-19.wav,train,2.0,4.0,data\features\esc50\1-101296-B-19_seg02.npy
data\segments\esc50\1-101296-B-19_seg03.wav,Thunder,ESC-50,data\standardized_wav\esc50\1-101296-B-19.wav,train,3.0,5.0,data\features\esc50\1-101296-B-19_seg03.npy
data\segments\esc50\1-115521-A-19_seg00.wav,Thunder,ESC-50,data\standardized_wav\esc50\1-115521-A-19.wav,train,0.0,2.0,data\features\esc50\1-115521-A-19_seg00.npy
data\segments\esc50\1-115521-A-19_seg01.wav,Thunder,ESC-50,data\standardized_wav\esc50\1-115521-A-19.wav,train,1.0,3.0,data\features\esc50\1-115521-A-19_seg01.npy
data\segments\esc50\1-115521-A-19_seg02.wav,Thunder,ESC-50,data\standardized_wav\esc50\1-115521-A-19.wav,train,2.0,4.0,data\features\esc50\1-115521-A-19_seg02.npy
data\segments\esc50\1-115521-A-19_seg03.wav,Thunder,ESC-50,data\standardized_wav\esc50\1-115521-A-19.wav,train,3.0,5.0,data\features\esc50\1-115521-A-19_seg03.npy
data\segments\esc50\1-11687-A-47_seg00.wav,Negative,ESC-50,data\standardized_wav\esc50\1-11687-A-47.wav,train,0.0,2.0,data\features\esc50\1-11687-A-47_seg00.npy
data\segments\esc50\1-11687-A-47_seg01.wav,Negative,ESC-50,data\standardized_wav\esc50\1-11687-A-47.wav,train,1.0,3.0,data\features\esc50\1-11687-A-47_seg01.npy
data\segments\esc50\1-11687-A-47_seg02.wav,Negative,ESC-50,data\standardized_wav\esc50\1-11687-A-47.wav,train,2.0,4.0,data\features\esc50\1-11687-A-47_seg02.npy
data\segments\esc50\1-11687-A-47_seg03.wav,Negative,ESC-50,data\standardized_wav\esc50\1-11687-A-47.wav,train,3.0,5.0,data\features\esc50\1-11687-A-47_seg03.npy
data\segments\esc50\1-119125-A-45_seg00.wav,Negative,ESC-50,data\standardized_wav\esc50\1-119125-A-45.wav,train,0.0,2.0,data\features\esc50\1-119125-A-45_seg00.npy
data\segments\esc50\1-119125-A-45_seg01.wav,Negative,ESC-50,data\standardized_wav\esc50\1-119125-A-45.wav,train,1.0,3.0,data\features\esc50\1-119125-A-45_seg01.npy
data\segments\esc50\1-119125-A-45_seg02.wav,Negative,ESC-50,data\standardized_wav\esc50\1-119125-A-45.wav,train,2.0,4.0,data\features\esc50\1-119125-A-45_seg02.npy
data\segments\esc50\1-119125-A-45_seg03.wav,Negative,ESC-50,data\standardized_wav\esc50\1-119125-A-45.wav,train,3.0,5.0,data\features\esc50\1-119125-A-45_seg03.npy
data\segments\esc50\1-137296-A-16_seg00.wav,Negative,ESC-50,data\standardized_wav\esc50\1-137296-A-16.wav,train,0.0,2.0,data\features\esc50\1-137296-A-16_seg00.npy
data\segments\esc50\1-137296-A-16_seg01.wav,Negative,ESC-50,data\standardized_wav\esc50\1-137296-A-16.wav,train,1.0,3.0,data\features\esc50\1-137296-A-16_seg01.npy
data\segments\esc50\1-137296-A-16_seg02.wav,Negative,ESC-50,data\standardized_wav\esc50\1-137296-A-16.wav,train,2.0,4.0,data\features\esc50\1-137296-A-16_seg02.npy
data\segments\esc50\1-137296-A-16_seg03.wav,Negative,ESC-50,data\standardized_wav\esc50\1-137296-A-16.wav,train,3.0,5.0,data\features\esc50\1-137296-A-16_seg03.npy
data\segments\esc50\1-17150-A-12_seg00.wav,Fire,ESC-50,data\standardized_wav\esc50\1-17150-A-12.wav,train,0.0,2.0,data\features\esc50\1-17150-A-12_seg00.npy
data\segments\esc50\1-17150-A-12_seg01.wav,Fire,ESC-50,data\standardized_wav\esc50\1-17150-A-12.wav,train,1.0,3.0,data\features\esc50\1-17150-A-12_seg01.npy
data\segments\esc50\1-17150-A-12_seg02.wav,Fire,ESC-50,data\standardized_wav\esc50\1-17150-A-12.wav,train,2.0,4.0,data\features\esc50\1-17150-A-12_seg02.npy
data\segments\esc50\1-17150-A-12_seg03.wav,Fire,ESC-50,data\standardized_wav\esc50\1-17150-A-12.wav,train,3.0,5.0,data\features\esc50\1-17150-A-12_seg03.npy
data\segments\esc50\1-172649-A-40_seg00.wav,Negative,ESC-50,data\standardized_wav\esc50\1-172649-A-40.wav,train,0.0,2.0,data\features\esc50\1-172649-A-40_seg00.npy
data\segments\esc50\1-172649-A-40_seg01.wav,Negative,ESC-50,data\standardized_wav\esc50\1-172649-A-40.wav,train,1.0,3.0,data\features\esc50\1-172649-A-40_seg01.npy
data\segments\esc50\1-172649-A-40_seg02.wav,Negative,ESC-50,data\standardized_wav\esc50\1-172649-A-40.wav,train,2.0,4.0,data\features\esc50\1-172649-A-40_seg02.npy
data\segments\esc50\1-172649-A-40_seg03.wav,Negative,ESC-50,data\standardized_wav\esc50\1-172649-A-40.wav,train,3.0,5.0,data\features\esc50\1-172649-A-40_seg03.npy
data\segments\esc50\1-172649-B-40_seg00.wav,Negative,ESC-50,data\standardized_wav\esc50\1-172649-B-40.wav,train,0.0,2.0,data\features\esc50\1-172649-B-40_seg00.npy
data\segments\esc50\1-172649-B-40_seg01.wav,Negative,ESC-50,data\standardized_wav\esc50\1-172649-B-40.wav,train,1.0,3.0,data\features\esc50\1-172649-B-40_seg01.npy
data\segments\esc50\1-172649-B-40_seg02.wav,Negative,ESC-50,data\standardized_wav\esc50\1-172649-B-40.wav,train,2.0,4.0,data\features\esc50\1-172649-B-40_seg02.npy
data\segments\esc50\1-172649-B-40_seg03.wav,Negative,ESC-50,data\standardized_wav\esc50\1-172649-B-40.wav,train,3.0,5.0,data\features\esc50\1-172649-B-40_seg03.npy
data\segments\esc50\1-172649-C-40_seg00.wav,Negative,ESC-50,data\standardized_wav\esc50\1-172649-C-40.wav,train,0.0,2.0,data\features\esc50\1-172649-C-40_seg00.npy
data\segments\esc50\1-172649-C-40_seg01.wav,Negative,ESC-50,data\standardized_wav\esc50\1-172649-C-40.wav,train,1.0,3.0,data\features\esc50\1-172649-C-40_seg01.npy
data\segments\esc50\1-172649-C-40_seg02.wav,Negative,ESC-50,data\standardized_wav\esc50\1-172649-C-40.wav,train,2.0,4.0,data\features\esc50\1-172649-C-40_seg02.npy
data\segments\esc50\1-172649-C-40_seg03.wav,Negative,ESC-50,data\standardized_wav\esc50\1-172649-C-40.wav,train,3.0,5.0,data\features\esc50\1-172649-C-40_seg03.npy
data\segments\esc50\1-172649-D-40_seg00.wav,Negative,ESC-50,data\standardized_wav\esc50\1-172649-D-40.wav,train,0.0,2.0,data\features\esc50\1-172649-D-40_seg00.npy
data\segments\esc50\1-172649-D-40_seg01.wav,Negative,ESC-50,data\standardized_wav\esc50\1-172649-D-40.wav,train,1.0,3.0,data\features\esc50\1-172649-D-40_seg01.npy
data\segments\esc50\1-172649-D-40_seg02.wav,Negative,ESC-50,data\standardized_wav\esc50\1-172649-D-40.wav,train,2.0,4.0,data\features\esc50\1-172649-D-40_seg02.npy
data\segments\esc50\1-172649-D-40_seg03.wav,Negative,ESC-50,data\standardized_wav\esc50\1-172649-D-40.wav,train,3.0,5.0,data\features\esc50\1-172649-D-40_seg03.npy
data\segments\esc50\1-172649-E-40_seg00.wav,Negative,ESC-50,data\standardized_wav\esc50\1-172649-E-40.wav,train,0.0,2.0,data\features\esc50\1-172649-E-40_seg00.npy
data\segments\esc50\1-172649-E-40_seg01.wav,Negative,ESC-50,data\standardized_wav\esc50\1-172649-E-40.wav,train,1.0,3.0,data\features\esc50\1-172649-E-40_seg01.npy
data\segments\esc50\1-172649-E-40_seg02.wav,Negative,ESC-50,data\standardized_wav\esc50\1-172649-E-40.wav,train,2.0,4.0,data\features\esc50\1-172649-E-40_seg02.npy
data\segments\esc50\1-172649-E-40_seg03.wav,Negative,ESC-50,data\standardized_wav\esc50\1-172649-E-40.wav,train,3.0,5.0,data\features\esc50\1-172649-E-40_seg03.npy
data\segments\esc50\1-172649-F-40_seg00.wav,Negative,ESC-50,data\standardized_wav\esc50\1-172649-F-40.wav,train,0.0,2.0,data\features\esc50\1-172649-F-40_seg00.npy
data\segments\esc50\1-172649-F-40_seg01.wav,Negative,ESC-50,data\standardized_wav\esc50\1-172649-F-40.wav,train,1.0,3.0,data\features\esc50\1-172649-F-40_seg01.npy
data\segments\esc50\1-172649-F-40_seg02.wav,Negative,ESC-50,data\standardized_wav\esc50\1-172649-F-40.wav,train,2.0,4.0,data\features\esc50\1-172649-F-40_seg02.npy
data\segments\esc50\1-172649-F-40_seg03.wav,Negative,ESC-50,data\standardized_wav\esc50\1-172649-F-40.wav,train,3.0,5.0,data\features\esc50\1-172649-F-40_seg03.npy
data\segments\esc50\1-17367-A-10_seg00.wav,Water,ESC-50,data\standardized_wav\esc50\1-17367-A-10.wav,train,0.0,2.0,data\features\esc50\1-17367-A-10_seg00.npy
data\segments\esc50\1-17367-A-10_seg01.wav,Water,ESC-50,data\standardized_wav\esc50\1-17367-A-10.wav,train,1.0,3.0,data\features\esc50\1-17367-A-10_seg01.npy
data\segments\esc50\1-17367-A-10_seg02.wav,Water,ESC-50,data\standardized_wav\esc50\1-17367-A-10.wav,train,2.0,4.0,data\features\esc50\1-17367-A-10_seg02.npy
data\segments\esc50\1-17367-A-10_seg03.wav,Water,ESC-50,data\standardized_wav\esc50\1-17367-A-10.wav,train,3.0,5.0,data\features\esc50\1-17367-A-10_seg03.npy
data\segments\esc50\1-17565-A-12_seg00.wav,Fire,ESC-50,data\standardized_wav\esc50\1-17565-A-12.wav,train,0.0,2.0,data\features\esc50\1-17565-A-12_seg00.npy
data\segments\esc50\1-17565-A-12_seg01.wav,Fire,ESC-50,data\standardized_wav\esc50\1-17565-A-12.wav,train,1.0,3.0,data\features\esc50\1-17565-A-12_seg01.npy
data\segments\esc50\1-17565-A-12_seg02.wav,Fire,ESC-50,data\standardized_wav\esc50\1-17565-A-12.wav,train,2.0,4.0,data\features\esc50\1-17565-A-12_seg02.npy
data\segments\esc50\1-17565-A-12_seg03.wav,Fire,ESC-50,data\standardized_wav\esc50\1-17565-A-12.wav,train,3.0,5.0,data\features\esc50\1-17565-A-12_seg03.npy
data\segments\esc50\1-17742-A-12_seg00.wav,Fire,ESC-50,data\standardized_wav\esc50\1-17742-A-12.wav,train,0.0,2.0,data\features\esc50\1-17742-A-12_seg00.npy
data\segments\esc50\1-17742-A-12_seg01.wav,Fire,ESC-50,data\standardized_wav\esc50\1-17742-A-12.wav,train,1.0,3.0,data\features\esc50\1-17742-A-12_seg01.npy
data\segments\esc50\1-17742-A-12_seg02.wav,Fire,ESC-50,data\standardized_wav\esc50\1-17742-A-12.wav,train,2.0,4.0,data\features\esc50\1-17742-A-12_seg02.npy
data\segments\esc50\1-17742-A-12_seg03.wav,Fire,ESC-50,data\standardized_wav\esc50\1-17742-A-12.wav,train,3.0,5.0,data\features\esc50\1-17742-A-12_seg03.npy
data\segments\esc50\1-17808-A-12_seg00.wav,Fire,ESC-50,data\standardized_wav\esc50\1-17808-A-12.wav,train,0.0,2.0,data\features\esc50\1-17808-A-12_seg00.npy
data\segments\esc50\1-17808-A-12_seg01.wav,Fire,ESC-50,data\standardized_wav\esc50\1-17808-A-12.wav,train,1.0,3.0,data\features\esc50\1-17808-A-12_seg01.npy
data\segments\esc50\1-17808-A-12_seg02.wav,Fire,ESC-50,data\standardized_wav\esc50\1-17808-A-12.wav,train,2.0,4.0,data\features\esc50\1-17808-A-12_seg02.npy
data\segments\esc50\1-17808-A-12_seg03.wav,Fire,ESC-50,data\standardized_wav\esc50\1-17808-A-12.wav,train,3.0,5.0,data\features\esc50\1-17808-A-12_seg03.npy
data\segments\esc50\1-17808-B-12_seg00.wav,Fire,ESC-50,data\standardized_wav\esc50\1-17808-B-12.wav,train,0.0,2.0,data\features\esc50\1-17808-B-12_seg00.npy
data\segments\esc50\1-17808-B-12_seg01.wav,Fire,ESC-50,data\standardized_wav\esc50\1-17808-B-12.wav,train,1.0,3.0,data\features\esc50\1-17808-B-12_seg01.npy
data\segments\esc50\1-17808-B-12_seg02.wav,Fire,ESC-50,data\standardized_wav\esc50\1-17808-B-12.wav,train,2.0,4.0,data\features\esc50\1-17808-B-12_seg02.npy
data\segments\esc50\1-17808-B-12_seg03.wav,Fire,ESC-50,data\standardized_wav\esc50\1-17808-B-12.wav,train,3.0,5.0,data\features\esc50\1-17808-B-12_seg03.npy
data\segments\esc50\1-181071-A-40_seg00.wav,Negative,ESC-50,data\standardized_wav\esc50\1-181071-A-40.wav,train,0.0,2.0,data\features\esc50\1-181071-A-40_seg00.npy
data\segments\esc50\1-181071-A-40_seg01.wav,Negative,ESC-50,data\standardized_wav\esc50\1-181071-A-40.wav,train,1.0,3.0,data\features\esc50\1-181071-A-40_seg01.npy
data\segments\esc50\1-181071-A-40_seg02.wav,Negative,ESC-50,data\standardized_wav\esc50\1-181071-A-40.wav,train,2.0,4.0,data\features\esc50\1-181071-A-40_seg02.npy
data\segments\esc50\1-181071-A-40_seg03.wav,Negative,ESC-50,data\standardized_wav\esc50\1-181071-A-40.wav,train,3.0,5.0,data\features\esc50\1-181071-A-40_seg03.npy
data\segments\esc50\1-181071-B-40_seg00.wav,Negative,ESC-50,data\standardized_wav\esc50\1-181071-B-40.wav,train,0.0,2.0,data\features\esc50\1-181071-B-40_seg00.npy
data\segments\esc50\1-181071-B-40_seg01.wav,Negative,ESC-50,data\standardized_wav\esc50\1-181071-B-40.wav,train,1.0,3.0,data\features\esc50\1-181071-B-40_seg01.npy
data\segments\esc50\1-181071-B-40_seg02.wav,Negative,ESC-50,data\standardized_wav\esc50\1-181071-B-40.wav,train,2.0,4.0,data\features\esc50\1-181071-B-40_seg02.npy
data\segments\esc50\1-181071-B-40_seg03.wav,Negative,ESC-50,data\standardized_wav\esc50\1-181071-B-40.wav,train,3.0,5.0,data\features\esc50\1-181071-B-40_seg03.npy
data\segments\esc50\1-21189-A-10_seg00.wav,Water,ESC-50,data\standardized_wav\esc50\1-21189-A-10.wav,train,0.0,2.0,data\features\esc50\1-21189-A-10_seg00.npy
data\segments\esc50\1-21189-A-10_seg01.wav,Water,ESC-50,data\standardized_wav\esc50\1-21189-A-10.wav,train,1.0,3.0,data\features\esc50\1-21189-A-10_seg01.npy
data\segments\esc50\1-21189-A-10_seg02.wav,Water,ESC-50,data\standardized_wav\esc50\1-21189-A-10.wav,train,2.0,4.0,data\features\esc50\1-21189-A-10_seg02.npy
data\segments\esc50\1-21189-A-10_seg03.wav,Water,ESC-50,data\standardized_wav\esc50\1-21189-A-10.wav,train,3.0,5.0,data\features\esc50\1-21189-A-10_seg03.npy
data\segments\esc50\1-23222-A-19_seg00.wav,Thunder,ESC-50,data\standardized_wav\esc50\1-23222-A-19.wav,train,0.0,2.0,data\features\esc50\1-23222-A-19_seg00.npy
data\segments\esc50\1-23222-A-19_seg01.wav,Thunder,ESC-50,data\standardized_wav\esc50\1-23222-A-19.wav,train,1.0,3.0,data\features\esc50\1-23222-A-19_seg01.npy
data\segments\esc50\1-23222-A-19_seg02.wav,Thunder,ESC-50,data\standardized_wav\esc50\1-23222-A-19.wav,train,2.0,4.0,data\features\esc50\1-23222-A-19_seg02.npy
data\segments\esc50\1-23222-A-19_seg03.wav,Thunder,ESC-50,data\standardized_wav\esc50\1-23222-A-19.wav,train,3.0,5.0,data\features\esc50\1-23222-A-19_seg03.npy
data\segments\esc50\1-23222-B-19_seg00.wav,Thunder,ESC-50,data\standardized_wav\esc50\1-23222-B-19.wav,train,0.0,2.0,data\features\esc50\1-23222-B-19_seg00.npy
data\segments\esc50\1-23222-B-19_seg01.wav,Thunder,ESC-50,data\standardized_wav\esc50\1-23222-B-19.wav,train,1.0,3.0,data\features\esc50\1-23222-B-19_seg01.npy
data\segments\esc50\1-23222-B-19_seg02.wav,Thunder,ESC-50,data\standardized_wav\esc50\1-23222-B-19.wav,train,2.0,4.0,data\features\esc50\1-23222-B-19_seg02.npy
data\segments\esc50\1-23222-B-19_seg03.wav,Thunder,ESC-50,data\standardized_wav\esc50\1-23222-B-19.wav,train,3.0,5.0,data\features\esc50\1-23222-B-19_seg03.npy
data\segments\esc50\1-24524-A-19_seg00.wav,Thunder,ESC-50,data\standardized_wav\esc50\1-24524-A-19.wav,train,0.0,2.0,data\features\esc50\1-24524-A-19_seg00.npy
data\segments\esc50\1-24524-A-19_seg01.wav,Thunder,ESC-50,data\standardized_wav\esc50\1-24524-A-19.wav,train,1.0,3.0,data\features\esc50\1-24524-A-19_seg01.npy
data\segments\esc50\1-24524-A-19_seg02.wav,Thunder,ESC-50,data\standardized_wav\esc50\1-24524-A-19.wav,train,2.0,4.0,data\features\esc50\1-24524-A-19_seg02.npy
data\segments\esc50\1-24524-A-19_seg03.wav,Thunder,ESC-50,data\standardized_wav\esc50\1-24524-A-19.wav,train,3.0,5.0,data\features\esc50\1-24524-A-19_seg03.npy
data\segments\esc50\1-24524-B-19_seg00.wav,Thunder,ESC-50,data\standardized_wav\esc50\1-24524-B-19.wav,train,0.0,2.0,data\features\esc50\1-24524-B-19_seg00.npy
data\segments\esc50\1-24524-B-19_seg01.wav,Thunder,ESC-50,data\standardized_wav\esc50\1-24524-B-19.wav,train,1.0,3.0,data\features\esc50\1-24524-B-19_seg01.npy
data\segments\esc50\1-24524-B-19_seg02.wav,Thunder,ESC-50,data\standardized_wav\esc50\1-24524-B-19.wav,train,2.0,4.0,data\features\esc50\1-24524-B-19_seg02.npy
data\segments\esc50\1-24524-B-19_seg03.wav,Thunder,ESC-50,data\standardized_wav\esc50\1-24524-B-19.wav,train,3.0,5.0,data\features\esc50\1-24524-B-19_seg03.npy
data\segments\esc50\1-24524-C-19_seg00.wav,Thunder,ESC-50,data\standardized_wav\esc50\1-24524-C-19.wav,train,0.0,2.0,data\features\esc50\1-24524-C-19_seg00.npy
data\segments\esc50\1-24524-C-19_seg01.wav,Thunder,ESC-50,data\standardized_wav\esc50\1-24524-C-19.wav,train,1.0,3.0,data\features\esc50\1-24524-C-19_seg01.npy
data\segments\esc50\1-24524-C-19_seg02.wav,Thunder,ESC-50,data\standardized_wav\esc50\1-24524-C-19.wav,train,2.0,4.0,data\features\esc50\1-24524-C-19_seg02.npy
data\segments\esc50\1-24524-C-19_seg03.wav,Thunder,ESC-50,data\standardized_wav\esc50\1-24524-C-19.wav,train,3.0,5.0,data\features\esc50\1-24524-C-19_seg03.npy
data\segments\esc50\1-24796-A-47_seg00.wav,Negative,ESC-50,data\standardized_wav\esc50\1-24796-A-47.wav,train,0.0,2.0,data\features\esc50\1-24796-A-47_seg00.npy
data\segments\esc50\1-24796-A-47_seg01.wav,Negative,ESC-50,data\standardized_wav\esc50\1-24796-A-47.wav,train,1.0,3.0,data\features\esc50\1-24796-A-47_seg01.npy
data\segments\esc50\1-24796-A-47_seg02.wav,Negative,ESC-50,data\standardized_wav\esc50\1-24796-A-47.wav,train,2.0,4.0,data\features\esc50\1-24796-A-47_seg02.npy
data\segments\esc50\1-24796-A-47_seg03.wav,Negative,ESC-50,data\standardized_wav\esc50\1-24796-A-47.wav,train,3.0,5.0,data\features\esc50\1-24796-A-47_seg03.npy
data\segments\esc50\1-26222-A-10_seg00.wav,Water,ESC-50,data\standardized_wav\esc50\1-26222-A-10.wav,train,0.0,2.0,data\features\esc50\1-26222-A-10_seg00.npy
data\segments\esc50\1-26222-A-10_seg01.wav,Water,ESC-50,data\standardized_wav\esc50\1-26222-A-10.wav,train,1.0,3.0,data\features\esc50\1-26222-A-10_seg01.npy
data\segments\esc50\1-26222-A-10_seg02.wav,Water,ESC-50,data\standardized_wav\esc50\1-26222-A-10.wav,train,2.0,4.0,data\features\esc50\1-26222-A-10_seg02.npy
data\segments\esc50\1-26222-A-10_seg03.wav,Water,ESC-50,data\standardized_wav\esc50\1-26222-A-10.wav,train,3.0,5.0,data\features\esc50\1-26222-A-10_seg03.npy
data\segments\esc50\1-29532-A-16_seg00.wav,Negative,ESC-50,data\standardized_wav\esc50\1-29532-A-16.wav,train,0.0,2.0,data\features\esc50\1-29532-A-16_seg00.npy
data\segments\esc50\1-29532-A-16_seg01.wav,Negative,ESC-50,data\standardized_wav\esc50\1-29532-A-16.wav,train,1.0,3.0,data\features\esc50\1-29532-A-16_seg01.npy
data\segments\esc50\1-29532-A-16_seg02.wav,Negative,ESC-50,data\standardized_wav\esc50\1-29532-A-16.wav,train,2.0,4.0,data\features\esc50\1-29532-A-16_seg02.npy
data\segments\esc50\1-29532-A-16_seg03.wav,Negative,ESC-50,data\standardized_wav\esc50\1-29532-A-16.wav,train,3.0,5.0,data\features\esc50\1-29532-A-16_seg03.npy
data\segments\esc50\1-29561-A-10_seg00.wav,Water,ESC-50,data\standardized_wav\esc50\1-29561-A-10.wav,train,0.0,2.0,data\features\esc50\1-29561-A-10_seg00.npy
data\segments\esc50\1-29561-A-10_seg01.wav,Water,ESC-50,data\standardized_wav\esc50\1-29561-A-10.wav,train,1.0,3.0,data\features\esc50\1-29561-A-10_seg01.npy
data\segments\esc50\1-29561-A-10_seg02.wav,Water,ESC-50,data\standardized_wav\esc50\1-29561-A-10.wav,train,2.0,4.0,data\features\esc50\1-29561-A-10_seg02.npy
data\segments\esc50\1-29561-A-10_seg03.wav,Water,ESC-50,data\standardized_wav\esc50\1-29561-A-10.wav,train,3.0,5.0,data\features\esc50\1-29561-A-10_seg03.npy
data\segments\esc50\1-36929-A-47_seg00.wav,Negative,ESC-50,data\standardized_wav\esc50\1-36929-A-47.wav,train,0.0,2.0,data\features\esc50\1-36929-A-47_seg00.npy
data\segments\esc50\1-36929-A-47_seg01.wav,Negative,ESC-50,data\standardized_wav\esc50\1-36929-A-47.wav,train,1.0,3.0,data\features\esc50\1-36929-A-47_seg01.npy
data\segments\esc50\1-36929-A-47_seg02.wav,Negative,ESC-50,data\standardized_wav\esc50\1-36929-A-47.wav,train,2.0,4.0,data\features\esc50\1-36929-A-47_seg02.npy
data\segments\esc50\1-36929-A-47_seg03.wav,Negative,ESC-50,data\standardized_wav\esc50\1-36929-A-47.wav,train,3.0,5.0,data\features\esc50\1-36929-A-47_seg03.npy
data\segments\esc50\1-4211-A-12_seg00.wav,Fire,ESC-50,data\standardized_wav\esc50\1-4211-A-12.wav,train,0.0,2.0,data\features\esc50\1-4211-A-12_seg00.npy
data\segments\esc50\1-4211-A-12_seg01.wav,Fire,ESC-50,data\standardized_wav\esc50\1-4211-A-12.wav,train,1.0,3.0,data\features\esc50\1-4211-A-12_seg01.npy
data\segments\esc50\1-4211-A-12_seg02.wav,Fire,ESC-50,data\standardized_wav\esc50\1-4211-A-12.wav,train,2.0,4.0,data\features\esc50\1-4211-A-12_seg02.npy
data\segments\esc50\1-4211-A-12_seg03.wav,Fire,ESC-50,data\standardized_wav\esc50\1-4211-A-12.wav,train,3.0,5.0,data\features\esc50\1-4211-A-12_seg03.npy
data\segments\esc50\1-43807-A-47_seg00.wav,Negative,ESC-50,data\standardized_wav\esc50\1-43807-A-47.wav,train,0.0,2.0,data\features\esc50\1-43807-A-47_seg00.npy
data\segments\esc50\1-43807-A-47_seg01.wav,Negative,ESC-50,data\standardized_wav\esc50\1-43807-A-47.wav,train,1.0,3.0,data\features\esc50\1-43807-A-47_seg01.npy
data\segments\esc50\1-43807-A-47_seg02.wav,Negative,ESC-50,data\standardized_wav\esc50\1-43807-A-47.wav,train,2.0,4.0,data\features\esc50\1-43807-A-47_seg02.npy
data\segments\esc50\1-43807-A-47_seg03.wav,Negative,ESC-50,data\standardized_wav\esc50\1-43807-A-47.wav,train,3.0,5.0,data\features\esc50\1-43807-A-47_seg03.npy
data\segments\esc50\1-43807-B-47_seg00.wav,Negative,ESC-50,data\standardized_wav\esc50\1-43807-B-47.wav,train,0.0,2.0,data\features\esc50\1-43807-B-47_seg00.npy
data\segments\esc50\1-43807-B-47_seg01.wav,Negative,ESC-50,data\standardized_wav\esc50\1-43807-B-47.wav,train,1.0,3.0,data\features\esc50\1-43807-B-47_seg01.npy
data\segments\esc50\1-43807-B-47_seg02.wav,Negative,ESC-50,data\standardized_wav\esc50\1-43807-B-47.wav,train,2.0,4.0,data\features\esc50\1-43807-B-47_seg02.npy
data\segments\esc50\1-43807-B-47_seg03.wav,Negative,ESC-50,data\standardized_wav\esc50\1-43807-B-47.wav,train,3.0,5.0,data\features\esc50\1-43807-B-47_seg03.npy
data\segments\esc50\1-43807-C-47_seg00.wav,Negative,ESC-50,data\standardized_wav\esc50\1-43807-C-47.wav,train,0.0,2.0,data\features\esc50\1-43807-C-47_seg00.npy
data\segments\esc50\1-43807-C-47_seg01.wav,Negative,ESC-50,data\standardized_wav\esc50\1-43807-C-47.wav,train,1.0,3.0,data\features\esc50\1-43807-C-47_seg01.npy
data\segments\esc50\1-43807-C-47_seg02.wav,Negative,ESC-50,data\standardized_wav\esc50\1-43807-C-47.wav,train,2.0,4.0,data\features\esc50\1-43807-C-47_seg02.npy
data\segments\esc50\1-43807-C-47_seg03.wav,Negative,ESC-50,data\standardized_wav\esc50\1-43807-C-47.wav,train,3.0,5.0,data\features\esc50\1-43807-C-47_seg03.npy
data\segments\esc50\1-43807-D-47_seg00.wav,Negative,ESC-50,data\standardized_wav\esc50\1-43807-D-47.wav,train,0.0,2.0,data\features\esc50\1-43807-D-47_seg00.npy
data\segments\esc50\1-43807-D-47_seg01.wav,Negative,ESC-50,data\standardized_wav\esc50\1-43807-D-47.wav,train,1.0,3.0,data\features\esc50\1-43807-D-47_seg01.npy
data\segments\esc50\1-43807-D-47_seg02.wav,Negative,ESC-50,data\standardized_wav\esc50\1-43807-D-47.wav,train,2.0,4.0,data\features\esc50\1-43807-D-47_seg02.npy
data\segments\esc50\1-43807-D-47_seg03.wav,Negative,ESC-50,data\standardized_wav\esc50\1-43807-D-47.wav,train,3.0,5.0,data\features\esc50\1-43807-D-47_seg03.npy
data\segments\esc50\1-46272-A-12_seg00.wav,Fire,ESC-50,data\standardized_wav\esc50\1-46272-A-12.wav,train,0.0,2.0,data\features\esc50\1-46272-A-12_seg00.npy
data\segments\esc50\1-46272-A-12_seg01.wav,Fire,ESC-50,data\standardized_wav\esc50\1-46272-A-12.wav,train,1.0,3.0,data\features\esc50\1-46272-A-12_seg01.npy
data\segments\esc50\1-46272-A-12_seg02.wav,Fire,ESC-50,data\standardized_wav\esc50\1-46272-A-12.wav,train,2.0,4.0,data\features\esc50\1-46272-A-12_seg02.npy
data\segments\esc50\1-46272-A-12_seg03.wav,Fire,ESC-50,data\standardized_wav\esc50\1-46272-A-12.wav,train,3.0,5.0,data\features\esc50\1-46272-A-12_seg03.npy
data\segments\esc50\1-47709-A-16_seg00.wav,Negative,ESC-50,data\standardized_wav\esc50\1-47709-A-16.wav,train,0.0,2.0,data\features\esc50\1-47709-A-16_seg00.npy
data\segments\esc50\1-47709-A-16_seg01.wav,Negative,ESC-50,data\standardized_wav\esc50\1-47709-A-16.wav,train,1.0,3.0,data\features\esc50\1-47709-A-16_seg01.npy
data\segments\esc50\1-47709-A-16_seg02.wav,Negative,ESC-50,data\standardized_wav\esc50\1-47709-A-16.wav,train,2.0,4.0,data\features\esc50\1-47709-A-16_seg02.npy
data\segments\esc50\1-47709-A-16_seg03.wav,Negative,ESC-50,data\standardized_wav\esc50\1-47709-A-16.wav,train,3.0,5.0,data\features\esc50\1-47709-A-16_seg03.npy
data\segments\esc50\1-47714-A-16_seg00.wav,Negative,ESC-50,data\standardized_wav\esc50\1-47714-A-16.wav,train,0.0,2.0,data\features\esc50\1-47714-A-16_seg00.npy
data\segments\esc50\1-47714-A-16_seg01.wav,Negative,ESC-50,data\standardized_wav\esc50\1-47714-A-16.wav,train,1.0,3.0,data\features\esc50\1-47714-A-16_seg01.npy
data\segments\esc50\1-47714-A-16_seg02.wav,Negative,ESC-50,data\standardized_wav\esc50\1-47714-A-16.wav,train,2.0,4.0,data\features\esc50\1-47714-A-16_seg02.npy
data\segments\esc50\1-47714-A-16_seg03.wav,Negative,ESC-50,data\standardized_wav\esc50\1-47714-A-16.wav,train,3.0,5.0,data\features\esc50\1-47714-A-16_seg03.npy
data\segments\esc50\1-50060-A-10_seg00.wav,Water,ESC-50,data\standardized_wav\esc50\1-50060-A-10.wav,train,0.0,2.0,data\features\esc50\1-50060-A-10_seg00.npy
data\segments\esc50\1-50060-A-10_seg01.wav,Water,ESC-50,data\standardized_wav\esc50\1-50060-A-10.wav,train,1.0,3.0,data\features\esc50\1-50060-A-10_seg01.npy
data\segments\esc50\1-50060-A-10_seg02.wav,Water,ESC-50,data\standardized_wav\esc50\1-50060-A-10.wav,train,2.0,4.0,data\features\esc50\1-50060-A-10_seg02.npy
data\segments\esc50\1-50060-A-10_seg03.wav,Water,ESC-50,data\standardized_wav\esc50\1-50060-A-10.wav,train,3.0,5.0,data\features\esc50\1-50060-A-10_seg03.npy
data\segments\esc50\1-51035-A-16_seg00.wav,Negative,ESC-50,data\standardized_wav\esc50\1-51035-A-16.wav,train,0.0,2.0,data\features\esc50\1-51035-A-16_seg00.npy
data\segments\esc50\1-51035-A-16_seg01.wav,Negative,ESC-50,data\standardized_wav\esc50\1-51035-A-16.wav,train,1.0,3.0,data\features\esc50\1-51035-A-16_seg01.npy
data\segments\esc50\1-51035-A-16_seg02.wav,Negative,ESC-50,data\standardized_wav\esc50\1-51035-A-16.wav,train,2.0,4.0,data\features\esc50\1-51035-A-16_seg02.npy
data\segments\esc50\1-51035-A-16_seg03.wav,Negative,ESC-50,data\standardized_wav\esc50\1-51035-A-16.wav,train,3.0,5.0,data\features\esc50\1-51035-A-16_seg03.npy
data\segments\esc50\1-51036-A-16_seg00.wav,Negative,ESC-50,data\standardized_wav\esc50\1-51036-A-16.wav,train,0.0,2.0,data\features\esc50\1-51036-A-16_seg00.npy
data\segments\esc50\1-51036-A-16_seg01.wav,Negative,ESC-50,data\standardized_wav\esc50\1-51036-A-16.wav,train,1.0,3.0,data\features\esc50\1-51036-A-16_seg01.npy
data\segments\esc50\1-51036-A-16_seg02.wav,Negative,ESC-50,data\standardized_wav\esc50\1-51036-A-16.wav,train,2.0,4.0,data\features\esc50\1-51036-A-16_seg02.npy
data\segments\esc50\1-51036-A-16_seg03.wav,Negative,ESC-50,data\standardized_wav\esc50\1-51036-A-16.wav,train,3.0,5.0,data\features\esc50\1-51036-A-16_seg03.npy
data\segments\esc50\1-51037-A-16_seg00.wav,Negative,ESC-50,data\standardized_wav\esc50\1-51037-A-16.wav,train,0.0,2.0,data\features\esc50\1-51037-A-16_seg00.npy
data\segments\esc50\1-51037-A-16_seg01.wav,Negative,ESC-50,data\standardized_wav\esc50\1-51037-A-16.wav,train,1.0,3.0,data\features\esc50\1-51037-A-16_seg01.npy
data\segments\esc50\1-51037-A-16_seg02.wav,Negative,ESC-50,data\standardized_wav\esc50\1-51037-A-16.wav,train,2.0,4.0,data\features\esc50\1-51037-A-16_seg02.npy
data\segments\esc50\1-51037-A-16_seg03.wav,Negative,ESC-50,data\standardized_wav\esc50\1-51037-A-16.wav,train,3.0,5.0,data\features\esc50\1-51037-A-16_seg03.npy
data\segments\esc50\1-53467-A-47_seg00.wav,Negative,ESC-50,data\standardized_wav\esc50\1-53467-A-47.wav,train,0.0,2.0,data\features\esc50\1-53467-A-47_seg00.npy
data\segments\esc50\1-53467-A-47_seg01.wav,Negative,ESC-50,data\standardized_wav\esc50\1-53467-A-47.wav,train,1.0,3.0,data\features\esc50\1-53467-A-47_seg01.npy
data\segments\esc50\1-53467-A-47_seg02.wav,Negative,ESC-50,data\standardized_wav\esc50\1-53467-A-47.wav,train,2.0,4.0,data\features\esc50\1-53467-A-47_seg02.npy
data\segments\esc50\1-53467-A-47_seg03.wav,Negative,ESC-50,data\standardized_wav\esc50\1-53467-A-47.wav,train,3.0,5.0,data\features\esc50\1-53467-A-47_seg03.npy
data\segments\esc50\1-54065-A-45_seg00.wav,Negative,ESC-50,data\standardized_wav\esc50\1-54065-A-45.wav,train,0.0,2.0,data\features\esc50\1-54065-A-45_seg00.npy
data\segments\esc50\1-54065-A-45_seg01.wav,Negative,ESC-50,data\standardized_wav\esc50\1-54065-A-45.wav,train,1.0,3.0,data\features\esc50\1-54065-A-45_seg01.npy
data\segments\esc50\1-54065-A-45_seg02.wav,Negative,ESC-50,data\standardized_wav\esc50\1-54065-A-45.wav,train,2.0,4.0,data\features\esc50\1-54065-A-45_seg02.npy
data\segments\esc50\1-54065-A-45_seg03.wav,Negative,ESC-50,data\standardized_wav\esc50\1-54065-A-45.wav,train,3.0,5.0,data\features\esc50\1-54065-A-45_seg03.npy
data\segments\esc50\1-54065-B-45_seg00.wav,Negative,ESC-50,data\standardized_wav\esc50\1-54065-B-45.wav,train,0.0,2.0,data\features\esc50\1-54065-B-45_seg00.npy
data\segments\esc50\1-54065-B-45_seg01.wav,Negative,ESC-50,data\standardized_wav\esc50\1-54065-B-45.wav,train,1.0,3.0,data\features\esc50\1-54065-B-45_seg01.npy
data\segments\esc50\1-54065-B-45_seg02.wav,Negative,ESC-50,data\standardized_wav\esc50\1-54065-B-45.wav,train,2.0,4.0,data\features\esc50\1-54065-B-45_seg02.npy
data\segments\esc50\1-54065-B-45_seg03.wav,Negative,ESC-50,data\standardized_wav\esc50\1-54065-B-45.wav,train,3.0,5.0,data\features\esc50\1-54065-B-45_seg03.npy
data\segments\esc50\1-54958-A-10_seg00.wav,Water,ESC-50,data\standardized_wav\esc50\1-54958-A-10.wav,train,0.0,2.0,data\features\esc50\1-54958-A-10_seg00.npy
data\segments\esc50\1-54958-A-10_seg01.wav,Water,ESC-50,data\standardized_wav\esc50\1-54958-A-10.wav,train,1.0,3.0,data\features\esc50\1-54958-A-10_seg01.npy
data\segments\esc50\1-54958-A-10_seg02.wav,Water,ESC-50,data\standardized_wav\esc50\1-54958-A-10.wav,train,2.0,4.0,data\features\esc50\1-54958-A-10_seg02.npy
data\segments\esc50\1-54958-A-10_seg03.wav,Water,ESC-50,data\standardized_wav\esc50\1-54958-A-10.wav,train,3.0,5.0,data\features\esc50\1-54958-A-10_seg03.npy
data\segments\esc50\1-56311-A-10_seg00.wav,Water,ESC-50,data\standardized_wav\esc50\1-56311-A-10.wav,train,0.0,2.0,data\features\esc50\1-56311-A-10_seg00.npy
data\segments\esc50\1-56311-A-10_seg01.wav,Water,ESC-50,data\standardized_wav\esc50\1-56311-A-10.wav,train,1.0,3.0,data\features\esc50\1-56311-A-10_seg01.npy
data\segments\esc50\1-56311-A-10_seg02.wav,Water,ESC-50,data\standardized_wav\esc50\1-56311-A-10.wav,train,2.0,4.0,data\features\esc50\1-56311-A-10_seg02.npy
data\segments\esc50\1-56311-A-10_seg03.wav,Water,ESC-50,data\standardized_wav\esc50\1-56311-A-10.wav,train,3.0,5.0,data\features\esc50\1-56311-A-10_seg03.npy
data\segments\esc50\1-62509-A-45_seg00.wav,Negative,ESC-50,data\standardized_wav\esc50\1-62509-A-45.wav,train,0.0,2.0,data\features\esc50\1-62509-A-45_seg00.npy
data\segments\esc50\1-62509-A-45_seg01.wav,Negative,ESC-50,data\standardized_wav\esc50\1-62509-A-45.wav,train,1.0,3.0,data\features\esc50\1-62509-A-45_seg01.npy
data\segments\esc50\1-62509-A-45_seg02.wav,Negative,ESC-50,data\standardized_wav\esc50\1-62509-A-45.wav,train,2.0,4.0,data\features\esc50\1-62509-A-45_seg02.npy
data\segments\esc50\1-62509-A-45_seg03.wav,Negative,ESC-50,data\standardized_wav\esc50\1-62509-A-45.wav,train,3.0,5.0,data\features\esc50\1-62509-A-45_seg03.npy
data\segments\esc50\1-63871-A-10_seg00.wav,Water,ESC-50,data\standardized_wav\esc50\1-63871-A-10.wav,train,0.0,2.0,data\features\esc50\1-63871-A-10_seg00.npy
data\segments\esc50\1-63871-A-10_seg01.wav,Water,ESC-50,data\standardized_wav\esc50\1-63871-A-10.wav,train,1.0,3.0,data\features\esc50\1-63871-A-10_seg01.npy
data\segments\esc50\1-63871-A-10_seg02.wav,Water,ESC-50,data\standardized_wav\esc50\1-63871-A-10.wav,train,2.0,4.0,data\features\esc50\1-63871-A-10_seg02.npy
data\segments\esc50\1-63871-A-10_seg03.wav,Water,ESC-50,data\standardized_wav\esc50\1-63871-A-10.wav,train,3.0,5.0,data\features\esc50\1-63871-A-10_seg03.npy
data\segments\esc50\1-64473-A-45_seg00.wav,Negative,ESC-50,data\standardized_wav\esc50\1-64473-A-45.wav,train,0.0,2.0,data\features\esc50\1-64473-A-45_seg00.npy
data\segments\esc50\1-64473-A-45_seg01.wav,Negative,ESC-50,data\standardized_wav\esc50\1-64473-A-45.wav,train,1.0,3.0,data\features\esc50\1-64473-A-45_seg01.npy
data\segments\esc50\1-64473-A-45_seg02.wav,Negative,ESC-50,data\standardized_wav\esc50\1-64473-A-45.wav,train,2.0,4.0,data\features\esc50\1-64473-A-45_seg02.npy
data\segments\esc50\1-64473-A-45_seg03.wav,Negative,ESC-50,data\standardized_wav\esc50\1-64473-A-45.wav,train,3.0,5.0,data\features\esc50\1-64473-A-45_seg03.npy
data\segments\esc50\1-69760-A-16_seg00.wav,Negative,ESC-50,data\standardized_wav\esc50\1-69760-A-16.wav,train,0.0,2.0,data\features\esc50\1-69760-A-16_seg00.npy
data\segments\esc50\1-69760-A-16_seg01.wav,Negative,ESC-50,data\standardized_wav\esc50\1-69760-A-16.wav,train,1.0,3.0,data\features\esc50\1-69760-A-16_seg01.npy
data\segments\esc50\1-69760-A-16_seg02.wav,Negative,ESC-50,data\standardized_wav\esc50\1-69760-A-16.wav,train,2.0,4.0,data\features\esc50\1-69760-A-16_seg02.npy
data\segments\esc50\1-69760-A-16_seg03.wav,Negative,ESC-50,data\standardized_wav\esc50\1-69760-A-16.wav,train,3.0,5.0,data\features\esc50\1-69760-A-16_seg03.npy
data\segments\esc50\1-70300-A-45_seg00.wav,Negative,ESC-50,data\standardized_wav\esc50\1-70300-A-45.wav,train,0.0,2.0,data\features\esc50\1-70300-A-45_seg00.npy
data\segments\esc50\1-70300-A-45_seg01.wav,Negative,ESC-50,data\standardized_wav\esc50\1-70300-A-45.wav,train,1.0,3.0,data\features\esc50\1-70300-A-45_seg01.npy
data\segments\esc50\1-70300-A-45_seg02.wav,Negative,ESC-50,data\standardized_wav\esc50\1-70300-A-45.wav,train,2.0,4.0,data\features\esc50\1-70300-A-45_seg02.npy
data\segments\esc50\1-70300-A-45_seg03.wav,Negative,ESC-50,data\standardized_wav\esc50\1-70300-A-45.wav,train,3.0,5.0,data\features\esc50\1-70300-A-45_seg03.npy
data\segments\esc50\1-7057-A-12_seg00.wav,Fire,ESC-50,data\standardized_wav\esc50\1-7057-A-12.wav,train,0.0,2.0,data\features\esc50\1-7057-A-12_seg00.npy
data\segments\esc50\1-7057-A-12_seg01.wav,Fire,ESC-50,data\standardized_wav\esc50\1-7057-A-12.wav,train,1.0,3.0,data\features\esc50\1-7057-A-12_seg01.npy
data\segments\esc50\1-7057-A-12_seg02.wav,Fire,ESC-50,data\standardized_wav\esc50\1-7057-A-12.wav,train,2.0,4.0,data\features\esc50\1-7057-A-12_seg02.npy
data\segments\esc50\1-7057-A-12_seg03.wav,Fire,ESC-50,data\standardized_wav\esc50\1-7057-A-12.wav,train,3.0,5.0,data\features\esc50\1-7057-A-12_seg03.npy
data\segments\esc50\1-88409-A-45_seg00.wav,Negative,ESC-50,data\standardized_wav\esc50\1-88409-A-45.wav,train,0.0,2.0,data\features\esc50\1-88409-A-45_seg00.npy
data\segments\esc50\1-88409-A-45_seg01.wav,Negative,ESC-50,data\standardized_wav\esc50\1-88409-A-45.wav,train,1.0,3.0,data\features\esc50\1-88409-A-45_seg01.npy
data\segments\esc50\1-88409-A-45_seg02.wav,Negative,ESC-50,data\standardized_wav\esc50\1-88409-A-45.wav,train,2.0,4.0,data\features\esc50\1-88409-A-45_seg02.npy
data\segments\esc50\1-88409-A-45_seg03.wav,Negative,ESC-50,data\standardized_wav\esc50\1-88409-A-45.wav,train,3.0,5.0,data\features\esc50\1-88409-A-45_seg03.npy
data\segments\esc50\1-88409-B-45_seg00.wav,Negative,ESC-50,data\standardized_wav\esc50\1-88409-B-45.wav,train,0.0,2.0,data\features\esc50\1-88409-B-45_seg00.npy
data\segments\esc50\1-88409-B-45_seg01.wav,Negative,ESC-50,data\standardized_wav\esc50\1-88409-B-45.wav,train,1.0,3.0,data\features\esc50\1-88409-B-45_seg01.npy
data\segments\esc50\1-88409-B-45_seg02.wav,Negative,ESC-50,data\standardized_wav\esc50\1-88409-B-45.wav,train,2.0,4.0,data\features\esc50\1-88409-B-45_seg02.npy
data\segments\esc50\1-88409-B-45_seg03.wav,Negative,ESC-50,data\standardized_wav\esc50\1-88409-B-45.wav,train,3.0,5.0,data\features\esc50\1-88409-B-45_seg03.npy
data\segments\esc50\2-101676-A-10_seg00.wav,Water,ESC-50,data\standardized_wav\esc50\2-101676-A-10.wav,train,0.0,2.0,data\features\esc50\2-101676-A-10_seg00.npy
data\segments\esc50\2-101676-A-10_seg01.wav,Water,ESC-50,data\standardized_wav\esc50\2-101676-A-10.wav,train,1.0,3.0,data\features\esc50\2-101676-A-10_seg01.npy
data\segments\esc50\2-101676-A-10_seg02.wav,Water,ESC-50,data\standardized_wav\esc50\2-101676-A-10.wav,train,2.0,4.0,data\features\esc50\2-101676-A-10_seg02.npy
data\segments\esc50\2-101676-A-10_seg03.wav,Water,ESC-50,data\standardized_wav\esc50\2-101676-A-10.wav,train,3.0,5.0,data\features\esc50\2-101676-A-10_seg03.npy
data\segments\esc50\2-104105-A-19_seg00.wav,Thunder,ESC-50,data\standardized_wav\esc50\2-104105-A-19.wav,train,0.0,2.0,data\features\esc50\2-104105-A-19_seg00.npy
data\segments\esc50\2-104105-A-19_seg01.wav,Thunder,ESC-50,data\standardized_wav\esc50\2-104105-A-19.wav,train,1.0,3.0,data\features\esc50\2-104105-A-19_seg01.npy
data\segments\esc50\2-104105-A-19_seg02.wav,Thunder,ESC-50,data\standardized_wav\esc50\2-104105-A-19.wav,train,2.0,4.0,data\features\esc50\2-104105-A-19_seg02.npy
data\segments\esc50\2-104105-A-19_seg03.wav,Thunder,ESC-50,data\standardized_wav\esc50\2-104105-A-19.wav,train,3.0,5.0,data\features\esc50\2-104105-A-19_seg03.npy
data\segments\esc50\2-104105-B-19_seg00.wav,Thunder,ESC-50,data\standardized_wav\esc50\2-104105-B-19.wav,train,0.0,2.0,data\features\esc50\2-104105-B-19_seg00.npy
data\segments\esc50\2-104105-B-19_seg01.wav,Thunder,ESC-50,data\standardized_wav\esc50\2-104105-B-19.wav,train,1.0,3.0,data\features\esc50\2-104105-B-19_seg01.npy
data\segments\esc50\2-104105-B-19_seg02.wav,Thunder,ESC-50,data\standardized_wav\esc50\2-104105-B-19.wav,train,2.0,4.0,data\features\esc50\2-104105-B-19_seg02.npy
data\segments\esc50\2-104105-B-19_seg03.wav,Thunder,ESC-50,data\standardized_wav\esc50\2-104105-B-19.wav,train,3.0,5.0,data\features\esc50\2-104105-B-19_seg03.npy
data\segments\esc50\2-104952-A-16_seg00.wav,Negative,ESC-50,data\standardized_wav\esc50\2-104952-A-16.wav,train,0.0,2.0,data\features\esc50\2-104952-A-16_seg00.npy
data\segments\esc50\2-104952-A-16_seg01.wav,Negative,ESC-50,data\standardized_wav\esc50\2-104952-A-16.wav,train,1.0,3.0,data\features\esc50\2-104952-A-16_seg01.npy
data\segments\esc50\2-104952-A-16_seg02.wav,Negative,ESC-50,data\standardized_wav\esc50\2-104952-A-16.wav,train,2.0,4.0,data\features\esc50\2-104952-A-16_seg02.npy
data\segments\esc50\2-104952-A-16_seg03.wav,Negative,ESC-50,data\standardized_wav\esc50\2-104952-A-16.wav,train,3.0,5.0,data\features\esc50\2-104952-A-16_seg03.npy
data\segments\esc50\2-104952-B-16_seg00.wav,Negative,ESC-50,data\standardized_wav\esc50\2-104952-B-16.wav,train,0.0,2.0,data\features\esc50\2-104952-B-16_seg00.npy
data\segments\esc50\2-104952-B-16_seg01.wav,Negative,ESC-50,data\standardized_wav\esc50\2-104952-B-16.wav,train,1.0,3.0,data\features\esc50\2-104952-B-16_seg01.npy
data\segments\esc50\2-104952-B-16_seg02.wav,Negative,ESC-50,data\standardized_wav\esc50\2-104952-B-16.wav,train,2.0,4.0,data\features\esc50\2-104952-B-16_seg02.npy
data\segments\esc50\2-104952-B-16_seg03.wav,Negative,ESC-50,data\standardized_wav\esc50\2-104952-B-16.wav,train,3.0,5.0,data\features\esc50\2-104952-B-16_seg03.npy
data\segments\esc50\2-105270-A-47_seg00.wav,Negative,ESC-50,data\standardized_wav\esc50\2-105270-A-47.wav,train,0.0,2.0,data\features\esc50\2-105270-A-47_seg00.npy
data\segments\esc50\2-105270-A-47_seg01.wav,Negative,ESC-50,data\standardized_wav\esc50\2-105270-A-47.wav,train,1.0,3.0,data\features\esc50\2-105270-A-47_seg01.npy
data\segments\esc50\2-105270-A-47_seg02.wav,Negative,ESC-50,data\standardized_wav\esc50\2-105270-A-47.wav,train,2.0,4.0,data\features\esc50\2-105270-A-47_seg02.npy
data\segments\esc50\2-105270-A-47_seg03.wav,Negative,ESC-50,data\standardized_wav\esc50\2-105270-A-47.wav,train,3.0,5.0,data\features\esc50\2-105270-A-47_seg03.npy
data\segments\esc50\2-106849-A-47_seg00.wav,Negative,ESC-50,data\standardized_wav\esc50\2-106849-A-47.wav,train,0.0,2.0,data\features\esc50\2-106849-A-47_seg00.npy
data\segments\esc50\2-106849-A-47_seg01.wav,Negative,ESC-50,data\standardized_wav\esc50\2-106849-A-47.wav,train,1.0,3.0,data\features\esc50\2-106849-A-47_seg01.npy
data\segments\esc50\2-106849-A-47_seg02.wav,Negative,ESC-50,data\standardized_wav\esc50\2-106849-A-47.wav,train,2.0,4.0,data\features\esc50\2-106849-A-47_seg02.npy
data\segments\esc50\2-106849-A-47_seg03.wav,Negative,ESC-50,data\standardized_wav\esc50\2-106849-A-47.wav,train,3.0,5.0,data\features\esc50\2-106849-A-47_seg03.npy
data\segments\esc50\2-109371-A-16_seg00.wav,Negative,ESC-50,data\standardized_wav\esc50\2-109371-A-16.wav,train,0.0,2.0,data\features\esc50\2-109371-A-16_seg00.npy
data\segments\esc50\2-109371-A-16_seg01.wav,Negative,ESC-50,data\standardized_wav\esc50\2-109371-A-16.wav,train,1.0,3.0,data\features\esc50\2-109371-A-16_seg01.npy
data\segments\esc50\2-109371-A-16_seg02.wav,Negative,ESC-50,data\standardized_wav\esc50\2-109371-A-16.wav,train,2.0,4.0,data\features\esc50\2-109371-A-16_seg02.npy
data\segments\esc50\2-109371-A-16_seg03.wav,Negative,ESC-50,data\standardized_wav\esc50\2-109371-A-16.wav,train,3.0,5.0,data\features\esc50\2-109371-A-16_seg03.npy
data\segments\esc50\2-109371-B-16_seg00.wav,Negative,ESC-50,data\standardized_wav\esc50\2-109371-B-16.wav,train,0.0,2.0,data\features\esc50\2-109371-B-16_seg00.npy
data\segments\esc50\2-109371-B-16_seg01.wav,Negative,ESC-50,data\standardized_wav\esc50\2-109371-B-16.wav,train,1.0,3.0,data\features\esc50\2-109371-B-16_seg01.npy
data\segments\esc50\2-109371-B-16_seg02.wav,Negative,ESC-50,data\standardized_wav\esc50\2-109371-B-16.wav,train,2.0,4.0,data\features\esc50\2-109371-B-16_seg02.npy
data\segments\esc50\2-109371-B-16_seg03.wav,Negative,ESC-50,data\standardized_wav\esc50\2-109371-B-16.wav,train,3.0,5.0,data\features\esc50\2-109371-B-16_seg03.npy
data\segments\esc50\2-109371-C-16_seg00.wav,Negative,ESC-50,data\standardized_wav\esc50\2-109371-C-16.wav,train,0.0,2.0,data\features\esc50\2-109371-C-16_seg00.npy
data\segments\esc50\2-109371-C-16_seg01.wav,Negative,ESC-50,data\standardized_wav\esc50\2-109371-C-16.wav,train,1.0,3.0,data\features\esc50\2-109371-C-16_seg01.npy
data\segments\esc50\2-109371-C-16_seg02.wav,Negative,ESC-50,data\standardized_wav\esc50\2-109371-C-16.wav,train,2.0,4.0,data\features\esc50\2-109371-C-16_seg02.npy
data\segments\esc50\2-109371-C-16_seg03.wav,Negative,ESC-50,data\standardized_wav\esc50\2-109371-C-16.wav,train,3.0,5.0,data\features\esc50\2-109371-C-16_seg03.npy
data\segments\esc50\2-109371-D-16_seg00.wav,Negative,ESC-50,data\standardized_wav\esc50\2-109371-D-16.wav,train,0.0,2.0,data\features\esc50\2-109371-D-16_seg00.npy
data\segments\esc50\2-109371-D-16_seg01.wav,Negative,ESC-50,data\standardized_wav\esc50\2-109371-D-16.wav,train,1.0,3.0,data\features\esc50\2-109371-D-16_seg01.npy
data\segments\esc50\2-109371-D-16_seg02.wav,Negative,ESC-50,data\standardized_wav\esc50\2-109371-D-16.wav,train,2.0,4.0,data\features\esc50\2-109371-D-16_seg02.npy
data\segments\esc50\2-109371-D-16_seg03.wav,Negative,ESC-50,data\standardized_wav\esc50\2-109371-D-16.wav,train,3.0,5.0,data\features\esc50\2-109371-D-16_seg03.npy
data\segments\esc50\2-109374-A-16_seg00.wav,Negative,ESC-50,data\standardized_wav\esc50\2-109374-A-16.wav,train,0.0,2.0,data\features\esc50\2-109374-A-16_seg00.npy
data\segments\esc50\2-109374-A-16_seg01.wav,Negative,ESC-50,data\standardized_wav\esc50\2-109374-A-16.wav,train,1.0,3.0,data\features\esc50\2-109374-A-16_seg01.npy
data\segments\esc50\2-109374-A-16_seg02.wav,Negative,ESC-50,data\standardized_wav\esc50\2-109374-A-16.wav,train,2.0,4.0,data\features\esc50\2-109374-A-16_seg02.npy
data\segments\esc50\2-109374-A-16_seg03.wav,Negative,ESC-50,data\standardized_wav\esc50\2-109374-A-16.wav,train,3.0,5.0,data\features\esc50\2-109374-A-16_seg03.npy
data\segments\esc50\2-117625-A-10_seg00.wav,Water,ESC-50,data\standardized_wav\esc50\2-117625-A-10.wav,train,0.0,2.0,data\features\esc50\2-117625-A-10_seg00.npy
data\segments\esc50\2-117625-A-10_seg01.wav,Water,ESC-50,data\standardized_wav\esc50\2-117625-A-10.wav,train,1.0,3.0,data\features\esc50\2-117625-A-10_seg01.npy
data\segments\esc50\2-117625-A-10_seg02.wav,Water,ESC-50,data\standardized_wav\esc50\2-117625-A-10.wav,train,2.0,4.0,data\features\esc50\2-117625-A-10_seg02.npy
data\segments\esc50\2-117625-A-10_seg03.wav,Water,ESC-50,data\standardized_wav\esc50\2-117625-A-10.wav,train,3.0,5.0,data\features\esc50\2-117625-A-10_seg03.npy
data\segments\esc50\2-122066-A-45_seg00.wav,Negative,ESC-50,data\standardized_wav\esc50\2-122066-A-45.wav,train,0.0,2.0,data\features\esc50\2-122066-A-45_seg00.npy
data\segments\esc50\2-122066-A-45_seg01.wav,Negative,ESC-50,data\standardized_wav\esc50\2-122066-A-45.wav,train,1.0,3.0,data\features\esc50\2-122066-A-45_seg01.npy
data\segments\esc50\2-122066-A-45_seg02.wav,Negative,ESC-50,data\standardized_wav\esc50\2-122066-A-45.wav,train,2.0,4.0,data\features\esc50\2-122066-A-45_seg02.npy
data\segments\esc50\2-122066-A-45_seg03.wav,Negative,ESC-50,data\standardized_wav\esc50\2-122066-A-45.wav,train,3.0,5.0,data\features\esc50\2-122066-A-45_seg03.npy
data\segments\esc50\2-122066-B-45_seg00.wav,Negative,ESC-50,data\standardized_wav\esc50\2-122066-B-45.wav,train,0.0,2.0,data\features\esc50\2-122066-B-45_seg00.npy
data\segments\esc50\2-122066-B-45_seg01.wav,Negative,ESC-50,data\standardized_wav\esc50\2-122066-B-45.wav,train,1.0,3.0,data\features\esc50\2-122066-B-45_seg01.npy
data\segments\esc50\2-122066-B-45_seg02.wav,Negative,ESC-50,data\standardized_wav\esc50\2-122066-B-45.wav,train,2.0,4.0,data\features\esc50\2-122066-B-45_seg02.npy
data\segments\esc50\2-122066-B-45_seg03.wav,Negative,ESC-50,data\standardized_wav\esc50\2-122066-B-45.wav,train,3.0,5.0,data\features\esc50\2-122066-B-45_seg03.npy
data\segments\esc50\2-122067-A-45_seg00.wav,Negative,ESC-50,data\standardized_wav\esc50\2-122067-A-45.wav,train,0.0,2.0,data\features\esc50\2-122067-A-45_seg00.npy
data\segments\esc50\2-122067-A-45_seg01.wav,Negative,ESC-50,data\standardized_wav\esc50\2-122067-A-45.wav,train,1.0,3.0,data\features\esc50\2-122067-A-45_seg01.npy
data\segments\esc50\2-122067-A-45_seg02.wav,Negative,ESC-50,data\standardized_wav\esc50\2-122067-A-45.wav,train,2.0,4.0,data\features\esc50\2-122067-A-45_seg02.npy
data\segments\esc50\2-122067-A-45_seg03.wav,Negative,ESC-50,data\standardized_wav\esc50\2-122067-A-45.wav,train,3.0,5.0,data\features\esc50\2-122067-A-45_seg03.npy
data\segments\esc50\2-122067-B-45_seg00.wav,Negative,ESC-50,data\standardized_wav\esc50\2-122067-B-45.wav,train,0.0,2.0,data\features\esc50\2-122067-B-45_seg00.npy
data\segments\esc50\2-122067-B-45_seg01.wav,Negative,ESC-50,data\standardized_wav\esc50\2-122067-B-45.wav,train,1.0,3.0,data\features\esc50\2-122067-B-45_seg01.npy
data\segments\esc50\2-122067-B-45_seg02.wav,Negative,ESC-50,data\standardized_wav\esc50\2-122067-B-45.wav,train,2.0,4.0,data\features\esc50\2-122067-B-45_seg02.npy
data\segments\esc50\2-122067-B-45_seg03.wav,Negative,ESC-50,data\standardized_wav\esc50\2-122067-B-45.wav,train,3.0,5.0,data\features\esc50\2-122067-B-45_seg03.npy
data\segments\esc50\2-135649-A-45_seg00.wav,Negative,ESC-50,data\standardized_wav\esc50\2-135649-A-45.wav,train,0.0,2.0,data\features\esc50\2-135649-A-45_seg00.npy
data\segments\esc50\2-135649-A-45_seg01.wav,Negative,ESC-50,data\standardized_wav\esc50\2-135649-A-45.wav,train,1.0,3.0,data\features\esc50\2-135649-A-45_seg01.npy
data\segments\esc50\2-135649-A-45_seg02.wav,Negative,ESC-50,data\standardized_wav\esc50\2-135649-A-45.wav,train,2.0,4.0,data\features\esc50\2-135649-A-45_seg02.npy
data\segments\esc50\2-135649-A-45_seg03.wav,Negative,ESC-50,data\standardized_wav\esc50\2-135649-A-45.wav,train,3.0,5.0,data\features\esc50\2-135649-A-45_seg03.npy
data\segments\esc50\2-135649-B-45_seg00.wav,Negative,ESC-50,data\standardized_wav\esc50\2-135649-B-45.wav,train,0.0,2.0,data\features\esc50\2-135649-B-45_seg00.npy
data\segments\esc50\2-135649-B-45_seg01.wav,Negative,ESC-50,data\standardized_wav\esc50\2-135649-B-45.wav,train,1.0,3.0,data\features\esc50\2-135649-B-45_seg01.npy
data\segments\esc50\2-135649-B-45_seg02.wav,Negative,ESC-50,data\standardized_wav\esc50\2-135649-B-45.wav,train,2.0,4.0,data\features\esc50\2-135649-B-45_seg02.npy
data\segments\esc50\2-135649-B-45_seg03.wav,Negative,ESC-50,data\standardized_wav\esc50\2-135649-B-45.wav,train,3.0,5.0,data\features\esc50\2-135649-B-45_seg03.npy
data\segments\esc50\2-135649-C-45_seg00.wav,Negative,ESC-50,data\standardized_wav\esc50\2-135649-C-45.wav,train,0.0,2.0,data\features\esc50\2-135649-C-45_seg00.npy
data\segments\esc50\2-135649-C-45_seg01.wav,Negative,ESC-50,data\standardized_wav\esc50\2-135649-C-45.wav,train,1.0,3.0,data\features\esc50\2-135649-C-45_seg01.npy
data\segments\esc50\2-135649-C-45_seg02.wav,Negative,ESC-50,data\standardized_wav\esc50\2-135649-C-45.wav,train,2.0,4.0,data\features\esc50\2-135649-C-45_seg02.npy
data\segments\esc50\2-135649-C-45_seg03.wav,Negative,ESC-50,data\standardized_wav\esc50\2-135649-C-45.wav,train,3.0,5.0,data\features\esc50\2-135649-C-45_seg03.npy
data\segments\esc50\2-160888-A-47_seg00.wav,Negative,ESC-50,data\standardized_wav\esc50\2-160888-A-47.wav,train,0.0,2.0,data\features\esc50\2-160888-A-47_seg00.npy
data\segments\esc50\2-160888-A-47_seg01.wav,Negative,ESC-50,data\standardized_wav\esc50\2-160888-A-47.wav,train,1.0,3.0,data\features\esc50\2-160888-A-47_seg01.npy
data\segments\esc50\2-160888-A-47_seg02.wav,Negative,ESC-50,data\standardized_wav\esc50\2-160888-A-47.wav,train,2.0,4.0,data\features\esc50\2-160888-A-47_seg02.npy
data\segments\esc50\2-160888-A-47_seg03.wav,Negative,ESC-50,data\standardized_wav\esc50\2-160888-A-47.wav,train,3.0,5.0,data\features\esc50\2-160888-A-47_seg03.npy
data\segments\esc50\2-18766-A-12_seg00.wav,Fire,ESC-50,data\standardized_wav\esc50\2-18766-A-12.wav,train,0.0,2.0,data\features\esc50\2-18766-A-12_seg00.npy
data\segments\esc50\2-18766-A-12_seg01.wav,Fire,ESC-50,data\standardized_wav\esc50\2-18766-A-12.wav,train,1.0,3.0,data\features\esc50\2-18766-A-12_seg01.npy
data\segments\esc50\2-18766-A-12_seg02.wav,Fire,ESC-50,data\standardized_wav\esc50\2-18766-A-12.wav,train,2.0,4.0,data\features\esc50\2-18766-A-12_seg02.npy
data\segments\esc50\2-18766-A-12_seg03.wav,Fire,ESC-50,data\standardized_wav\esc50\2-18766-A-12.wav,train,3.0,5.0,data\features\esc50\2-18766-A-12_seg03.npy
data\segments\esc50\2-18766-B-12_seg00.wav,Fire,ESC-50,data\standardized_wav\esc50\2-18766-B-12.wav,train,0.0,2.0,data\features\esc50\2-18766-B-12_seg00.npy
data\segments\esc50\2-18766-B-12_seg01.wav,Fire,ESC-50,data\standardized_wav\esc50\2-18766-B-12.wav,train,1.0,3.0,data\features\esc50\2-18766-B-12_seg01.npy
data\segments\esc50\2-18766-B-12_seg02.wav,Fire,ESC-50,data\standardized_wav\esc50\2-18766-B-12.wav,train,2.0,4.0,data\features\esc50\2-18766-B-12_seg02.npy
data\segments\esc50\2-18766-B-12_seg03.wav,Fire,ESC-50,data\standardized_wav\esc50\2-18766-B-12.wav,train,3.0,5.0,data\features\esc50\2-18766-B-12_seg03.npy
data\segments\esc50\2-188822-A-40_seg00.wav,Negative,ESC-50,data\standardized_wav\esc50\2-188822-A-40.wav,train,0.0,2.0,data\features\esc50\2-188822-A-40_seg00.npy
data\segments\esc50\2-188822-A-40_seg01.wav,Negative,ESC-50,data\standardized_wav\esc50\2-188822-A-40.wav,train,1.0,3.0,data\features\esc50\2-188822-A-40_seg01.npy
data\segments\esc50\2-188822-A-40_seg02.wav,Negative,ESC-50,data\standardized_wav\esc50\2-188822-A-40.wav,train,2.0,4.0,data\features\esc50\2-188822-A-40_seg02.npy
data\segments\esc50\2-188822-A-40_seg03.wav,Negative,ESC-50,data\standardized_wav\esc50\2-188822-A-40.wav,train,3.0,5.0,data\features\esc50\2-188822-A-40_seg03.npy
data\segments\esc50\2-188822-B-40_seg00.wav,Negative,ESC-50,data\standardized_wav\esc50\2-188822-B-40.wav,train,0.0,2.0,data\features\esc50\2-188822-B-40_seg00.npy
data\segments\esc50\2-188822-B-40_seg01.wav,Negative,ESC-50,data\standardized_wav\esc50\2-188822-B-40.wav,train,1.0,3.0,data\features\esc50\2-188822-B-40_seg01.npy
data\segments\esc50\2-188822-B-40_seg02.wav,Negative,ESC-50,data\standardized_wav\esc50\2-188822-B-40.wav,train,2.0,4.0,data\features\esc50\2-188822-B-40_seg02.npy
data\segments\esc50\2-188822-B-40_seg03.wav,Negative,ESC-50,data\standardized_wav\esc50\2-188822-B-40.wav,train,3.0,5.0,data\features\esc50\2-188822-B-40_seg03.npy
data\segments\esc50\2-188822-C-40_seg00.wav,Negative,ESC-50,data\standardized_wav\esc50\2-188822-C-40.wav,train,0.0,2.0,data\features\esc50\2-188822-C-40_seg00.npy
data\segments\esc50\2-188822-C-40_seg01.wav,Negative,ESC-50,data\standardized_wav\esc50\2-188822-C-40.wav,train,1.0,3.0,data\features\esc50\2-188822-C-40_seg01.npy
data\segments\esc50\2-188822-C-40_seg02.wav,Negative,ESC-50,data\standardized_wav\esc50\2-188822-C-40.wav,train,2.0,4.0,data\features\esc50\2-188822-C-40_seg02.npy
data\segments\esc50\2-188822-C-40_seg03.wav,Negative,ESC-50,data\standardized_wav\esc50\2-188822-C-40.wav,train,3.0,5.0,data\features\esc50\2-188822-C-40_seg03.npy
data\segments\esc50\2-188822-D-40_seg00.wav,Negative,ESC-50,data\standardized_wav\esc50\2-188822-D-40.wav,train,0.0,2.0,data\features\esc50\2-188822-D-40_seg00.npy
data\segments\esc50\2-188822-D-40_seg01.wav,Negative,ESC-50,data\standardized_wav\esc50\2-188822-D-40.wav,train,1.0,3.0,data\features\esc50\2-188822-D-40_seg01.npy
data\segments\esc50\2-188822-D-40_seg02.wav,Negative,ESC-50,data\standardized_wav\esc50\2-188822-D-40.wav,train,2.0,4.0,data\features\esc50\2-188822-D-40_seg02.npy
data\segments\esc50\2-188822-D-40_seg03.wav,Negative,ESC-50,data\standardized_wav\esc50\2-188822-D-40.wav,train,3.0,5.0,data\features\esc50\2-188822-D-40_seg03.npy
data\segments\esc50\2-205966-A-16_seg00.wav,Negative,ESC-50,data\standardized_wav\esc50\2-205966-A-16.wav,train,0.0,2.0,data\features\esc50\2-205966-A-16_seg00.npy
data\segments\esc50\2-205966-A-16_seg01.wav,Negative,ESC-50,data\standardized_wav\esc50\2-205966-A-16.wav,train,1.0,3.0,data\features\esc50\2-205966-A-16_seg01.npy
data\segments\esc50\2-205966-A-16_seg02.wav,Negative,ESC-50,data\standardized_wav\esc50\2-205966-A-16.wav,train,2.0,4.0,data\features\esc50\2-205966-A-16_seg02.npy
data\segments\esc50\2-205966-A-16_seg03.wav,Negative,ESC-50,data\standardized_wav\esc50\2-205966-A-16.wav,train,3.0,5.0,data\features\esc50\2-205966-A-16_seg03.npy
data\segments\esc50\2-262579-A-45_seg00.wav,Negative,ESC-50,data\standardized_wav\esc50\2-262579-A-45.wav,train,0.0,2.0,data\features\esc50\2-262579-A-45_seg00.npy
data\segments\esc50\2-262579-A-45_seg01.wav,Negative,ESC-50,data\standardized_wav\esc50\2-262579-A-45.wav,train,1.0,3.0,data\features\esc50\2-262579-A-45_seg01.npy
data\segments\esc50\2-262579-A-45_seg02.wav,Negative,ESC-50,data\standardized_wav\esc50\2-262579-A-45.wav,train,2.0,4.0,data\features\esc50\2-262579-A-45_seg02.npy
data\segments\esc50\2-262579-A-45_seg03.wav,Negative,ESC-50,data\standardized_wav\esc50\2-262579-A-45.wav,train,3.0,5.0,data\features\esc50\2-262579-A-45_seg03.npy
data\segments\esc50\2-28314-A-12_seg00.wav,Fire,ESC-50,data\standardized_wav\esc50\2-28314-A-12.wav,train,0.0,2.0,data\features\esc50\2-28314-A-12_seg00.npy
data\segments\esc50\2-28314-A-12_seg01.wav,Fire,ESC-50,data\standardized_wav\esc50\2-28314-A-12.wav,train,1.0,3.0,data\features\esc50\2-28314-A-12_seg01.npy
data\segments\esc50\2-28314-A-12_seg02.wav,Fire,ESC-50,data\standardized_wav\esc50\2-28314-A-12.wav,train,2.0,4.0,data\features\esc50\2-28314-A-12_seg02.npy
data\segments\esc50\2-28314-A-12_seg03.wav,Fire,ESC-50,data\standardized_wav\esc50\2-28314-A-12.wav,train,3.0,5.0,data\features\esc50\2-28314-A-12_seg03.npy
data\segments\esc50\2-28314-B-12_seg00.wav,Fire,ESC-50,data\standardized_wav\esc50\2-28314-B-12.wav,train,0.0,2.0,data\features\esc50\2-28314-B-12_seg00.npy
data\segments\esc50\2-28314-B-12_seg01.wav,Fire,ESC-50,data\standardized_wav\esc50\2-28314-B-12.wav,train,1.0,3.0,data\features\esc50\2-28314-B-12_seg01.npy
data\segments\esc50\2-28314-B-12_seg02.wav,Fire,ESC-50,data\standardized_wav\esc50\2-28314-B-12.wav,train,2.0,4.0,data\features\esc50\2-28314-B-12_seg02.npy
data\segments\esc50\2-28314-B-12_seg03.wav,Fire,ESC-50,data\standardized_wav\esc50\2-28314-B-12.wav,train,3.0,5.0,data\features\esc50\2-28314-B-12_seg03.npy
data\segments\esc50\2-30322-A-12_seg00.wav,Fire,ESC-50,data\standardized_wav\esc50\2-30322-A-12.wav,train,0.0,2.0,data\features\esc50\2-30322-A-12_seg00.npy
data\segments\esc50\2-30322-A-12_seg01.wav,Fire,ESC-50,data\standardized_wav\esc50\2-30322-A-12.wav,train,1.0,3.0,data\features\esc50\2-30322-A-12_seg01.npy
data\segments\esc50\2-30322-A-12_seg02.wav,Fire,ESC-50,data\standardized_wav\esc50\2-30322-A-12.wav,train,2.0,4.0,data\features\esc50\2-30322-A-12_seg02.npy
data\segments\esc50\2-30322-A-12_seg03.wav,Fire,ESC-50,data\standardized_wav\esc50\2-30322-A-12.wav,train,3.0,5.0,data\features\esc50\2-30322-A-12_seg03.npy
data\segments\esc50\2-30322-B-12_seg00.wav,Fire,ESC-50,data\standardized_wav\esc50\2-30322-B-12.wav,train,0.0,2.0,data\features\esc50\2-30322-B-12_seg00.npy
data\segments\esc50\2-30322-B-12_seg01.wav,Fire,ESC-50,data\standardized_wav\esc50\2-30322-B-12.wav,train,1.0,3.0,data\features\esc50\2-30322-B-12_seg01.npy
data\segments\esc50\2-30322-B-12_seg02.wav,Fire,ESC-50,data\standardized_wav\esc50\2-30322-B-12.wav,train,2.0,4.0,data\features\esc50\2-30322-B-12_seg02.npy
data\segments\esc50\2-30322-B-12_seg03.wav,Fire,ESC-50,data\standardized_wav\esc50\2-30322-B-12.wav,train,3.0,5.0,data\features\esc50\2-30322-B-12_seg03.npy
data\segments\esc50\2-37806-A-40_seg00.wav,Negative,ESC-50,data\standardized_wav\esc50\2-37806-A-40.wav,train,0.0,2.0,data\features\esc50\2-37806-A-40_seg00.npy
data\segments\esc50\2-37806-A-40_seg01.wav,Negative,ESC-50,data\standardized_wav\esc50\2-37806-A-40.wav,train,1.0,3.0,data\features\esc50\2-37806-A-40_seg01.npy
data\segments\esc50\2-37806-A-40_seg02.wav,Negative,ESC-50,data\standardized_wav\esc50\2-37806-A-40.wav,train,2.0,4.0,data\features\esc50\2-37806-A-40_seg02.npy
data\segments\esc50\2-37806-A-40_seg03.wav,Negative,ESC-50,data\standardized_wav\esc50\2-37806-A-40.wav,train,3.0,5.0,data\features\esc50\2-37806-A-40_seg03.npy
data\segments\esc50\2-37806-B-40_seg00.wav,Negative,ESC-50,data\standardized_wav\esc50\2-37806-B-40.wav,train,0.0,2.0,data\features\esc50\2-37806-B-40_seg00.npy
data\segments\esc50\2-37806-B-40_seg01.wav,Negative,ESC-50,data\standardized_wav\esc50\2-37806-B-40.wav,train,1.0,3.0,data\features\esc50\2-37806-B-40_seg01.npy
data\segments\esc50\2-37806-B-40_seg02.wav,Negative,ESC-50,data\standardized_wav\esc50\2-37806-B-40.wav,train,2.0,4.0,data\features\esc50\2-37806-B-40_seg02.npy
data\segments\esc50\2-37806-B-40_seg03.wav,Negative,ESC-50,data\standardized_wav\esc50\2-37806-B-40.wav,train,3.0,5.0,data\features\esc50\2-37806-B-40_seg03.npy
data\segments\esc50\2-37806-C-40_seg00.wav,Negative,ESC-50,data\standardized_wav\esc50\2-37806-C-40.wav,train,0.0,2.0,data\features\esc50\2-37806-C-40_seg00.npy
data\segments\esc50\2-37806-C-40_seg01.wav,Negative,ESC-50,data\standardized_wav\esc50\2-37806-C-40.wav,train,1.0,3.0,data\features\esc50\2-37806-C-40_seg01.npy
data\segments\esc50\2-37806-C-40_seg02.wav,Negative,ESC-50,data\standardized_wav\esc50\2-37806-C-40.wav,train,2.0,4.0,data\features\esc50\2-37806-C-40_seg02.npy
data\segments\esc50\2-37806-C-40_seg03.wav,Negative,ESC-50,data\standardized_wav\esc50\2-37806-C-40.wav,train,3.0,5.0,data\features\esc50\2-37806-C-40_seg03.npy
data\segments\esc50\2-37806-D-40_seg00.wav,Negative,ESC-50,data\standardized_wav\esc50\2-37806-D-40.wav,train,0.0,2.0,data\features\esc50\2-37806-D-40_seg00.npy
data\segments\esc50\2-37806-D-40_seg01.wav,Negative,ESC-50,data\standardized_wav\esc50\2-37806-D-40.wav,train,1.0,3.0,data\features\esc50\2-37806-D-40_seg01.npy
data\segments\esc50\2-37806-D-40_seg02.wav,Negative,ESC-50,data\standardized_wav\esc50\2-37806-D-40.wav,train,2.0,4.0,data\features\esc50\2-37806-D-40_seg02.npy
data\segments\esc50\2-37806-D-40_seg03.wav,Negative,ESC-50,data\standardized_wav\esc50\2-37806-D-40.wav,train,3.0,5.0,data\features\esc50\2-37806-D-40_seg03.npy
data\segments\esc50\2-39441-A-19_seg00.wav,Thunder,ESC-50,data\standardized_wav\esc50\2-39441-A-19.wav,train,0.0,2.0,data\features\esc50\2-39441-A-19_seg00.npy
data\segments\esc50\2-39441-A-19_seg01.wav,Thunder,ESC-50,data\standardized_wav\esc50\2-39441-A-19.wav,train,1.0,3.0,data\features\esc50\2-39441-A-19_seg01.npy
data\segments\esc50\2-39441-A-19_seg02.wav,Thunder,ESC-50,data\standardized_wav\esc50\2-39441-A-19.wav,train,2.0,4.0,data\features\esc50\2-39441-A-19_seg02.npy
data\segments\esc50\2-39441-A-19_seg03.wav,Thunder,ESC-50,data\standardized_wav\esc50\2-39441-A-19.wav,train,3.0,5.0,data\features\esc50\2-39441-A-19_seg03.npy
data\segments\esc50\2-39443-A-19_seg00.wav,Thunder,ESC-50,data\standardized_wav\esc50\2-39443-A-19.wav,train,0.0,2.0,data\features\esc50\2-39443-A-19_seg00.npy
data\segments\esc50\2-39443-A-19_seg01.wav,Thunder,ESC-50,data\standardized_wav\esc50\2-39443-A-19.wav,train,1.0,3.0,data\features\esc50\2-39443-A-19_seg01.npy
data\segments\esc50\2-39443-A-19_seg02.wav,Thunder,ESC-50,data\standardized_wav\esc50\2-39443-A-19.wav,train,2.0,4.0,data\features\esc50\2-39443-A-19_seg02.npy
data\segments\esc50\2-39443-A-19_seg03.wav,Thunder,ESC-50,data\standardized_wav\esc50\2-39443-A-19.wav,train,3.0,5.0,data\features\esc50\2-39443-A-19_seg03.npy
data\segments\esc50\2-39443-B-19_seg00.wav,Thunder,ESC-50,data\standardized_wav\esc50\2-39443-B-19.wav,train,0.0,2.0,data\features\esc50\2-39443-B-19_seg00.npy
data\segments\esc50\2-39443-B-19_seg01.wav,Thunder,ESC-50,data\standardized_wav\esc50\2-39443-B-19.wav,train,1.0,3.0,data\features\esc50\2-39443-B-19_seg01.npy
data\segments\esc50\2-39443-B-19_seg02.wav,Thunder,ESC-50,data\standardized_wav\esc50\2-39443-B-19.wav,train,2.0,4.0,data\features\esc50\2-39443-B-19_seg02.npy
data\segments\esc50\2-39443-B-19_seg03.wav,Thunder,ESC-50,data\standardized_wav\esc50\2-39443-B-19.wav,train,3.0,5.0,data\features\esc50\2-39443-B-19_seg03.npy
data\segments\esc50\2-39945-A-19_seg00.wav,Thunder,ESC-50,data\standardized_wav\esc50\2-39945-A-19.wav,train,0.0,2.0,data\features\esc50\2-39945-A-19_seg00.npy
data\segments\esc50\2-39945-A-19_seg01.wav,Thunder,ESC-50,data\standardized_wav\esc50\2-39945-A-19.wav,train,1.0,3.0,data\features\esc50\2-39945-A-19_seg01.npy
data\segments\esc50\2-39945-A-19_seg02.wav,Thunder,ESC-50,data\standardized_wav\esc50\2-39945-A-19.wav,train,2.0,4.0,data\features\esc50\2-39945-A-19_seg02.npy
data\segments\esc50\2-39945-A-19_seg03.wav,Thunder,ESC-50,data\standardized_wav\esc50\2-39945-A-19.wav,train,3.0,5.0,data\features\esc50\2-39945-A-19_seg03.npy
data\segments\esc50\2-39945-B-19_seg00.wav,Thunder,ESC-50,data\standardized_wav\esc50\2-39945-B-19.wav,train,0.0,2.0,data\features\esc50\2-39945-B-19_seg00.npy
data\segments\esc50\2-39945-B-19_seg01.wav,Thunder,ESC-50,data\standardized_wav\esc50\2-39945-B-19.wav,train,1.0,3.0,data\features\esc50\2-39945-B-19_seg01.npy
data\segments\esc50\2-39945-B-19_seg02.wav,Thunder,ESC-50,data\standardized_wav\esc50\2-39945-B-19.wav,train,2.0,4.0,data\features\esc50\2-39945-B-19_seg02.npy
data\segments\esc50\2-39945-B-19_seg03.wav,Thunder,ESC-50,data\standardized_wav\esc50\2-39945-B-19.wav,train,3.0,5.0,data\features\esc50\2-39945-B-19_seg03.npy
data\segments\esc50\2-39945-C-19_seg00.wav,Thunder,ESC-50,data\standardized_wav\esc50\2-39945-C-19.wav,train,0.0,2.0,data\features\esc50\2-39945-C-19_seg00.npy
data\segments\esc50\2-39945-C-19_seg01.wav,Thunder,ESC-50,data\standardized_wav\esc50\2-39945-C-19.wav,train,1.0,3.0,data\features\esc50\2-39945-C-19_seg01.npy
data\segments\esc50\2-39945-C-19_seg02.wav,Thunder,ESC-50,data\standardized_wav\esc50\2-39945-C-19.wav,train,2.0,4.0,data\features\esc50\2-39945-C-19_seg02.npy
data\segments\esc50\2-39945-C-19_seg03.wav,Thunder,ESC-50,data\standardized_wav\esc50\2-39945-C-19.wav,train,3.0,5.0,data\features\esc50\2-39945-C-19_seg03.npy
data\segments\esc50\2-61311-A-12_seg00.wav,Fire,ESC-50,data\standardized_wav\esc50\2-61311-A-12.wav,train,0.0,2.0,data\features\esc50\2-61311-A-12_seg00.npy
data\segments\esc50\2-61311-A-12_seg01.wav,Fire,ESC-50,data\standardized_wav\esc50\2-61311-A-12.wav,train,1.0,3.0,data\features\esc50\2-61311-A-12_seg01.npy
data\segments\esc50\2-61311-A-12_seg02.wav,Fire,ESC-50,data\standardized_wav\esc50\2-61311-A-12.wav,train,2.0,4.0,data\features\esc50\2-61311-A-12_seg02.npy
data\segments\esc50\2-61311-A-12_seg03.wav,Fire,ESC-50,data\standardized_wav\esc50\2-61311-A-12.wav,train,3.0,5.0,data\features\esc50\2-61311-A-12_seg03.npy
data\segments\esc50\2-65747-A-12_seg00.wav,Fire,ESC-50,data\standardized_wav\esc50\2-65747-A-12.wav,train,0.0,2.0,data\features\esc50\2-65747-A-12_seg00.npy
data\segments\esc50\2-65747-A-12_seg01.wav,Fire,ESC-50,data\standardized_wav\esc50\2-65747-A-12.wav,train,1.0,3.0,data\features\esc50\2-65747-A-12_seg01.npy
data\segments\esc50\2-65747-A-12_seg02.wav,Fire,ESC-50,data\standardized_wav\esc50\2-65747-A-12.wav,train,2.0,4.0,data\features\esc50\2-65747-A-12_seg02.npy
data\segments\esc50\2-65747-A-12_seg03.wav,Fire,ESC-50,data\standardized_wav\esc50\2-65747-A-12.wav,train,3.0,5.0,data\features\esc50\2-65747-A-12_seg03.npy
data\segments\esc50\2-72970-A-10_seg00.wav,Water,ESC-50,data\standardized_wav\esc50\2-72970-A-10.wav,train,0.0,2.0,data\features\esc50\2-72970-A-10_seg00.npy
data\segments\esc50\2-72970-A-10_seg01.wav,Water,ESC-50,data\standardized_wav\esc50\2-72970-A-10.wav,train,1.0,3.0,data\features\esc50\2-72970-A-10_seg01.npy
data\segments\esc50\2-72970-A-10_seg02.wav,Water,ESC-50,data\standardized_wav\esc50\2-72970-A-10.wav,train,2.0,4.0,data\features\esc50\2-72970-A-10_seg02.npy
data\segments\esc50\2-72970-A-10_seg03.wav,Water,ESC-50,data\standardized_wav\esc50\2-72970-A-10.wav,train,3.0,5.0,data\features\esc50\2-72970-A-10_seg03.npy
data\segments\esc50\2-73027-A-10_seg00.wav,Water,ESC-50,data\standardized_wav\esc50\2-73027-A-10.wav,train,0.0,2.0,data\features\esc50\2-73027-A-10_seg00.npy
data\segments\esc50\2-73027-A-10_seg01.wav,Water,ESC-50,data\standardized_wav\esc50\2-73027-A-10.wav,train,1.0,3.0,data\features\esc50\2-73027-A-10_seg01.npy
data\segments\esc50\2-73027-A-10_seg02.wav,Water,ESC-50,data\standardized_wav\esc50\2-73027-A-10.wav,train,2.0,4.0,data\features\esc50\2-73027-A-10_seg02.npy
data\segments\esc50\2-73027-A-10_seg03.wav,Water,ESC-50,data\standardized_wav\esc50\2-73027-A-10.wav,train,3.0,5.0,data\features\esc50\2-73027-A-10_seg03.npy
data\segments\esc50\2-73260-A-10_seg00.wav,Water,ESC-50,data\standardized_wav\esc50\2-73260-A-10.wav,train,0.0,2.0,data\features\esc50\2-73260-A-10_seg00.npy
data\segments\esc50\2-73260-A-10_seg01.wav,Water,ESC-50,data\standardized_wav\esc50\2-73260-A-10.wav,train,1.0,3.0,data\features\esc50\2-73260-A-10_seg01.npy
data\segments\esc50\2-73260-A-10_seg02.wav,Water,ESC-50,data\standardized_wav\esc50\2-73260-A-10.wav,train,2.0,4.0,data\features\esc50\2-73260-A-10_seg02.npy
data\segments\esc50\2-73260-A-10_seg03.wav,Water,ESC-50,data\standardized_wav\esc50\2-73260-A-10.wav,train,3.0,5.0,data\features\esc50\2-73260-A-10_seg03.npy
data\segments\esc50\2-74361-A-47_seg00.wav,Negative,ESC-50,data\standardized_wav\esc50\2-74361-A-47.wav,train,0.0,2.0,data\features\esc50\2-74361-A-47_seg00.npy
data\segments\esc50\2-74361-A-47_seg01.wav,Negative,ESC-50,data\standardized_wav\esc50\2-74361-A-47.wav,train,1.0,3.0,data\features\esc50\2-74361-A-47_seg01.npy
data\segments\esc50\2-74361-A-47_seg02.wav,Negative,ESC-50,data\standardized_wav\esc50\2-74361-A-47.wav,train,2.0,4.0,data\features\esc50\2-74361-A-47_seg02.npy
data\segments\esc50\2-74361-A-47_seg03.wav,Negative,ESC-50,data\standardized_wav\esc50\2-74361-A-47.wav,train,3.0,5.0,data\features\esc50\2-74361-A-47_seg03.npy
data\segments\esc50\2-78781-A-47_seg00.wav,Negative,ESC-50,data\standardized_wav\esc50\2-78781-A-47.wav,train,0.0,2.0,data\features\esc50\2-78781-A-47_seg00.npy
data\segments\esc50\2-78781-A-47_seg01.wav,Negative,ESC-50,data\standardized_wav\esc50\2-78781-A-47.wav,train,1.0,3.0,data\features\esc50\2-78781-A-47_seg01.npy
data\segments\esc50\2-78781-A-47_seg02.wav,Negative,ESC-50,data\standardized_wav\esc50\2-78781-A-47.wav,train,2.0,4.0,data\features\esc50\2-78781-A-47_seg02.npy
data\segments\esc50\2-78781-A-47_seg03.wav,Negative,ESC-50,data\standardized_wav\esc50\2-78781-A-47.wav,train,3.0,5.0,data\features\esc50\2-78781-A-47_seg03.npy
data\segments\esc50\2-78799-A-47_seg00.wav,Negative,ESC-50,data\standardized_wav\esc50\2-78799-A-47.wav,train,0.0,2.0,data\features\esc50\2-78799-A-47_seg00.npy
data\segments\esc50\2-78799-A-47_seg01.wav,Negative,ESC-50,data\standardized_wav\esc50\2-78799-A-47.wav,train,1.0,3.0,data\features\esc50\2-78799-A-47_seg01.npy
data\segments\esc50\2-78799-A-47_seg02.wav,Negative,ESC-50,data\standardized_wav\esc50\2-78799-A-47.wav,train,2.0,4.0,data\features\esc50\2-78799-A-47_seg02.npy
data\segments\esc50\2-78799-A-47_seg03.wav,Negative,ESC-50,data\standardized_wav\esc50\2-78799-A-47.wav,train,3.0,5.0,data\features\esc50\2-78799-A-47_seg03.npy
data\segments\esc50\2-81731-A-10_seg00.wav,Water,ESC-50,data\standardized_wav\esc50\2-81731-A-10.wav,train,0.0,2.0,data\features\esc50\2-81731-A-10_seg00.npy
data\segments\esc50\2-81731-A-10_seg01.wav,Water,ESC-50,data\standardized_wav\esc50\2-81731-A-10.wav,train,1.0,3.0,data\features\esc50\2-81731-A-10_seg01.npy
data\segments\esc50\2-81731-A-10_seg02.wav,Water,ESC-50,data\standardized_wav\esc50\2-81731-A-10.wav,train,2.0,4.0,data\features\esc50\2-81731-A-10_seg02.npy
data\segments\esc50\2-81731-A-10_seg03.wav,Water,ESC-50,data\standardized_wav\esc50\2-81731-A-10.wav,train,3.0,5.0,data\features\esc50\2-81731-A-10_seg03.npy
data\segments\esc50\2-82367-A-10_seg00.wav,Water,ESC-50,data\standardized_wav\esc50\2-82367-A-10.wav,train,0.0,2.0,data\features\esc50\2-82367-A-10_seg00.npy
data\segments\esc50\2-82367-A-10_seg01.wav,Water,ESC-50,data\standardized_wav\esc50\2-82367-A-10.wav,train,1.0,3.0,data\features\esc50\2-82367-A-10_seg01.npy
data\segments\esc50\2-82367-A-10_seg02.wav,Water,ESC-50,data\standardized_wav\esc50\2-82367-A-10.wav,train,2.0,4.0,data\features\esc50\2-82367-A-10_seg02.npy
data\segments\esc50\2-82367-A-10_seg03.wav,Water,ESC-50,data\standardized_wav\esc50\2-82367-A-10.wav,train,3.0,5.0,data\features\esc50\2-82367-A-10_seg03.npy
data\segments\esc50\2-87781-A-10_seg00.wav,Water,ESC-50,data\standardized_wav\esc50\2-87781-A-10.wav,train,0.0,2.0,data\features\esc50\2-87781-A-10_seg00.npy
data\segments\esc50\2-87781-A-10_seg01.wav,Water,ESC-50,data\standardized_wav\esc50\2-87781-A-10.wav,train,1.0,3.0,data\features\esc50\2-87781-A-10_seg01.npy
data\segments\esc50\2-87781-A-10_seg02.wav,Water,ESC-50,data\standardized_wav\esc50\2-87781-A-10.wav,train,2.0,4.0,data\features\esc50\2-87781-A-10_seg02.npy
data\segments\esc50\2-87781-A-10_seg03.wav,Water,ESC-50,data\standardized_wav\esc50\2-87781-A-10.wav,train,3.0,5.0,data\features\esc50\2-87781-A-10_seg03.npy
data\segments\esc50\2-96654-A-47_seg00.wav,Negative,ESC-50,data\standardized_wav\esc50\2-96654-A-47.wav,train,0.0,2.0,data\features\esc50\2-96654-A-47_seg00.npy
data\segments\esc50\2-96654-A-47_seg01.wav,Negative,ESC-50,data\standardized_wav\esc50\2-96654-A-47.wav,train,1.0,3.0,data\features\esc50\2-96654-A-47_seg01.npy
data\segments\esc50\2-96654-A-47_seg02.wav,Negative,ESC-50,data\standardized_wav\esc50\2-96654-A-47.wav,train,2.0,4.0,data\features\esc50\2-96654-A-47_seg02.npy
data\segments\esc50\2-96654-A-47_seg03.wav,Negative,ESC-50,data\standardized_wav\esc50\2-96654-A-47.wav,train,3.0,5.0,data\features\esc50\2-96654-A-47_seg03.npy
data\segments\esc50\2-98866-A-47_seg00.wav,Negative,ESC-50,data\standardized_wav\esc50\2-98866-A-47.wav,train,0.0,2.0,data\features\esc50\2-98866-A-47_seg00.npy
data\segments\esc50\2-98866-A-47_seg01.wav,Negative,ESC-50,data\standardized_wav\esc50\2-98866-A-47.wav,train,1.0,3.0,data\features\esc50\2-98866-A-47_seg01.npy
data\segments\esc50\2-98866-A-47_seg02.wav,Negative,ESC-50,data\standardized_wav\esc50\2-98866-A-47.wav,train,2.0,4.0,data\features\esc50\2-98866-A-47_seg02.npy
data\segments\esc50\2-98866-A-47_seg03.wav,Negative,ESC-50,data\standardized_wav\esc50\2-98866-A-47.wav,train,3.0,5.0,data\features\esc50\2-98866-A-47_seg03.npy
data\segments\esc50\3-103050-A-19_seg00.wav,Thunder,ESC-50,data\standardized_wav\esc50\3-103050-A-19.wav,train,0.0,2.0,data\features\esc50\3-103050-A-19_seg00.npy
data\segments\esc50\3-103050-A-19_seg01.wav,Thunder,ESC-50,data\standardized_wav\esc50\3-103050-A-19.wav,train,1.0,3.0,data\features\esc50\3-103050-A-19_seg01.npy
data\segments\esc50\3-103050-A-19_seg02.wav,Thunder,ESC-50,data\standardized_wav\esc50\3-103050-A-19.wav,train,2.0,4.0,data\features\esc50\3-103050-A-19_seg02.npy
data\segments\esc50\3-103050-A-19_seg03.wav,Thunder,ESC-50,data\standardized_wav\esc50\3-103050-A-19.wav,train,3.0,5.0,data\features\esc50\3-103050-A-19_seg03.npy
data\segments\esc50\3-103051-A-19_seg00.wav,Thunder,ESC-50,data\standardized_wav\esc50\3-103051-A-19.wav,train,0.0,2.0,data\features\esc50\3-103051-A-19_seg00.npy
data\segments\esc50\3-103051-A-19_seg01.wav,Thunder,ESC-50,data\standardized_wav\esc50\3-103051-A-19.wav,train,1.0,3.0,data\features\esc50\3-103051-A-19_seg01.npy
data\segments\esc50\3-103051-A-19_seg02.wav,Thunder,ESC-50,data\standardized_wav\esc50\3-103051-A-19.wav,train,2.0,4.0,data\features\esc50\3-103051-A-19_seg02.npy
data\segments\esc50\3-103051-A-19_seg03.wav,Thunder,ESC-50,data\standardized_wav\esc50\3-103051-A-19.wav,train,3.0,5.0,data\features\esc50\3-103051-A-19_seg03.npy
data\segments\esc50\3-103051-B-19_seg00.wav,Thunder,ESC-50,data\standardized_wav\esc50\3-103051-B-19.wav,train,0.0,2.0,data\features\esc50\3-103051-B-19_seg00.npy
data\segments\esc50\3-103051-B-19_seg01.wav,Thunder,ESC-50,data\standardized_wav\esc50\3-103051-B-19.wav,train,1.0,3.0,data\features\esc50\3-103051-B-19_seg01.npy
data\segments\esc50\3-103051-B-19_seg02.wav,Thunder,ESC-50,data\standardized_wav\esc50\3-103051-B-19.wav,train,2.0,4.0,data\features\esc50\3-103051-B-19_seg02.npy
data\segments\esc50\3-103051-B-19_seg03.wav,Thunder,ESC-50,data\standardized_wav\esc50\3-103051-B-19.wav,train,3.0,5.0,data\features\esc50\3-103051-B-19_seg03.npy
data\segments\esc50\3-103051-C-19_seg00.wav,Thunder,ESC-50,data\standardized_wav\esc50\3-103051-C-19.wav,train,0.0,2.0,data\features\esc50\3-103051-C-19_seg00.npy
data\segments\esc50\3-103051-C-19_seg01.wav,Thunder,ESC-50,data\standardized_wav\esc50\3-103051-C-19.wav,train,1.0,3.0,data\features\esc50\3-103051-C-19_seg01.npy
data\segments\esc50\3-103051-C-19_seg02.wav,Thunder,ESC-50,data\standardized_wav\esc50\3-103051-C-19.wav,train,2.0,4.0,data\features\esc50\3-103051-C-19_seg02.npy
data\segments\esc50\3-103051-C-19_seg03.wav,Thunder,ESC-50,data\standardized_wav\esc50\3-103051-C-19.wav,train,3.0,5.0,data\features\esc50\3-103051-C-19_seg03.npy
data\segments\esc50\3-104632-A-12_seg00.wav,Fire,ESC-50,data\standardized_wav\esc50\3-104632-A-12.wav,train,0.0,2.0,data\features\esc50\3-104632-A-12_seg00.npy
data\segments\esc50\3-104632-A-12_seg01.wav,Fire,ESC-50,data\standardized_wav\esc50\3-104632-A-12.wav,train,1.0,3.0,data\features\esc50\3-104632-A-12_seg01.npy
data\segments\esc50\3-104632-A-12_seg02.wav,Fire,ESC-50,data\standardized_wav\esc50\3-104632-A-12.wav,train,2.0,4.0,data\features\esc50\3-104632-A-12_seg02.npy
data\segments\esc50\3-104632-A-12_seg03.wav,Fire,ESC-50,data\standardized_wav\esc50\3-104632-A-12.wav,train,3.0,5.0,data\features\esc50\3-104632-A-12_seg03.npy
data\segments\esc50\3-104958-A-12_seg00.wav,Fire,ESC-50,data\standardized_wav\esc50\3-104958-A-12.wav,train,0.0,2.0,data\features\esc50\3-104958-A-12_seg00.npy
data\segments\esc50\3-104958-A-12_seg01.wav,Fire,ESC-50,data\standardized_wav\esc50\3-104958-A-12.wav,train,1.0,3.0,data\features\esc50\3-104958-A-12_seg01.npy
data\segments\esc50\3-104958-A-12_seg02.wav,Fire,ESC-50,data\standardized_wav\esc50\3-104958-A-12.wav,train,2.0,4.0,data\features\esc50\3-104958-A-12_seg02.npy
data\segments\esc50\3-104958-A-12_seg03.wav,Fire,ESC-50,data\standardized_wav\esc50\3-104958-A-12.wav,train,3.0,5.0,data\features\esc50\3-104958-A-12_seg03.npy
data\segments\esc50\3-115387-A-47_seg00.wav,Negative,ESC-50,data\standardized_wav\esc50\3-115387-A-47.wav,train,0.0,2.0,data\features\esc50\3-115387-A-47_seg00.npy
data\segments\esc50\3-115387-A-47_seg01.wav,Negative,ESC-50,data\standardized_wav\esc50\3-115387-A-47.wav,train,1.0,3.0,data\features\esc50\3-115387-A-47_seg01.npy
data\segments\esc50\3-115387-A-47_seg02.wav,Negative,ESC-50,data\standardized_wav\esc50\3-115387-A-47.wav,train,2.0,4.0,data\features\esc50\3-115387-A-47_seg02.npy
data\segments\esc50\3-115387-A-47_seg03.wav,Negative,ESC-50,data\standardized_wav\esc50\3-115387-A-47.wav,train,3.0,5.0,data\features\esc50\3-115387-A-47_seg03.npy
data\segments\esc50\3-115387-B-47_seg00.wav,Negative,ESC-50,data\standardized_wav\esc50\3-115387-B-47.wav,train,0.0,2.0,data\features\esc50\3-115387-B-47_seg00.npy
data\segments\esc50\3-115387-B-47_seg01.wav,Negative,ESC-50,data\standardized_wav\esc50\3-115387-B-47.wav,train,1.0,3.0,data\features\esc50\3-115387-B-47_seg01.npy
data\segments\esc50\3-115387-B-47_seg02.wav,Negative,ESC-50,data\standardized_wav\esc50\3-115387-B-47.wav,train,2.0,4.0,data\features\esc50\3-115387-B-47_seg02.npy
data\segments\esc50\3-115387-B-47_seg03.wav,Negative,ESC-50,data\standardized_wav\esc50\3-115387-B-47.wav,train,3.0,5.0,data\features\esc50\3-115387-B-47_seg03.npy
data\segments\esc50\3-115387-C-47_seg00.wav,Negative,ESC-50,data\standardized_wav\esc50\3-115387-C-47.wav,train,0.0,2.0,data\features\esc50\3-115387-C-47_seg00.npy
data\segments\esc50\3-115387-C-47_seg01.wav,Negative,ESC-50,data\standardized_wav\esc50\3-115387-C-47.wav,train,1.0,3.0,data\features\esc50\3-115387-C-47_seg01.npy
data\segments\esc50\3-115387-C-47_seg02.wav,Negative,ESC-50,data\standardized_wav\esc50\3-115387-C-47.wav,train,2.0,4.0,data\features\esc50\3-115387-C-47_seg02.npy
data\segments\esc50\3-115387-C-47_seg03.wav,Negative,ESC-50,data\standardized_wav\esc50\3-115387-C-47.wav,train,3.0,5.0,data\features\esc50\3-115387-C-47_seg03.npy
data\segments\esc50\3-117504-A-16_seg00.wav,Negative,ESC-50,data\standardized_wav\esc50\3-117504-A-16.wav,train,0.0,2.0,data\features\esc50\3-117504-A-16_seg00.npy
data\segments\esc50\3-117504-A-16_seg01.wav,Negative,ESC-50,data\standardized_wav\esc50\3-117504-A-16.wav,train,1.0,3.0,data\features\esc50\3-117504-A-16_seg01.npy
data\segments\esc50\3-117504-A-16_seg02.wav,Negative,ESC-50,data\standardized_wav\esc50\3-117504-A-16.wav,train,2.0,4.0,data\features\esc50\3-117504-A-16_seg02.npy
data\segments\esc50\3-117504-A-16_seg03.wav,Negative,ESC-50,data\standardized_wav\esc50\3-117504-A-16.wav,train,3.0,5.0,data\features\esc50\3-117504-A-16_seg03.npy
data\segments\esc50\3-117504-B-16_seg00.wav,Negative,ESC-50,data\standardized_wav\esc50\3-117504-B-16.wav,train,0.0,2.0,data\features\esc50\3-117504-B-16_seg00.npy
data\segments\esc50\3-117504-B-16_seg01.wav,Negative,ESC-50,data\standardized_wav\esc50\3-117504-B-16.wav,train,1.0,3.0,data\features\esc50\3-117504-B-16_seg01.npy
data\segments\esc50\3-117504-B-16_seg02.wav,Negative,ESC-50,data\standardized_wav\esc50\3-117504-B-16.wav,train,2.0,4.0,data\features\esc50\3-117504-B-16_seg02.npy
data\segments\esc50\3-117504-B-16_seg03.wav,Negative,ESC-50,data\standardized_wav\esc50\3-117504-B-16.wav,train,3.0,5.0,data\features\esc50\3-117504-B-16_seg03.npy
data\segments\esc50\3-120644-A-12_seg00.wav,Fire,ESC-50,data\standardized_wav\esc50\3-120644-A-12.wav,train,0.0,2.0,data\features\esc50\3-120644-A-12_seg00.npy
data\segments\esc50\3-120644-A-12_seg01.wav,Fire,ESC-50,data\standardized_wav\esc50\3-120644-A-12.wav,train,1.0,3.0,data\features\esc50\3-120644-A-12_seg01.npy
data\segments\esc50\3-120644-A-12_seg02.wav,Fire,ESC-50,data\standardized_wav\esc50\3-120644-A-12.wav,train,2.0,4.0,data\features\esc50\3-120644-A-12_seg02.npy
data\segments\esc50\3-120644-A-12_seg03.wav,Fire,ESC-50,data\standardized_wav\esc50\3-120644-A-12.wav,train,3.0,5.0,data\features\esc50\3-120644-A-12_seg03.npy
data\segments\esc50\3-123224-A-19_seg00.wav,Thunder,ESC-50,data\standardized_wav\esc50\3-123224-A-19.wav,train,0.0,2.0,data\features\esc50\3-123224-A-19_seg00.npy
data\segments\esc50\3-123224-A-19_seg01.wav,Thunder,ESC-50,data\standardized_wav\esc50\3-123224-A-19.wav,train,1.0,3.0,data\features\esc50\3-123224-A-19_seg01.npy
data\segments\esc50\3-123224-A-19_seg02.wav,Thunder,ESC-50,data\standardized_wav\esc50\3-123224-A-19.wav,train,2.0,4.0,data\features\esc50\3-123224-A-19_seg02.npy
data\segments\esc50\3-123224-A-19_seg03.wav,Thunder,ESC-50,data\standardized_wav\esc50\3-123224-A-19.wav,train,3.0,5.0,data\features\esc50\3-123224-A-19_seg03.npy
data\segments\esc50\3-124600-A-19_seg00.wav,Thunder,ESC-50,data\standardized_wav\esc50\3-124600-A-19.wav,train,0.0,2.0,data\features\esc50\3-124600-A-19_seg00.npy
data\segments\esc50\3-124600-A-19_seg01.wav,Thunder,ESC-50,data\standardized_wav\esc50\3-124600-A-19.wav,train,1.0,3.0,data\features\esc50\3-124600-A-19_seg01.npy
data\segments\esc50\3-124600-A-19_seg02.wav,Thunder,ESC-50,data\standardized_wav\esc50\3-124600-A-19.wav,train,2.0,4.0,data\features\esc50\3-124600-A-19_seg02.npy
data\segments\esc50\3-124600-A-19_seg03.wav,Thunder,ESC-50,data\standardized_wav\esc50\3-124600-A-19.wav,train,3.0,5.0,data\features\esc50\3-124600-A-19_seg03.npy
data\segments\esc50\3-128512-A-47_seg00.wav,Negative,ESC-50,data\standardized_wav\esc50\3-128512-A-47.wav,train,0.0,2.0,data\features\esc50\3-128512-A-47_seg00.npy
data\segments\esc50\3-128512-A-47_seg01.wav,Negative,ESC-50,data\standardized_wav\esc50\3-128512-A-47.wav,train,1.0,3.0,data\features\esc50\3-128512-A-47_seg01.npy
data\segments\esc50\3-128512-A-47_seg02.wav,Negative,ESC-50,data\standardized_wav\esc50\3-128512-A-47.wav,train,2.0,4.0,data\features\esc50\3-128512-A-47_seg02.npy
data\segments\esc50\3-128512-A-47_seg03.wav,Negative,ESC-50,data\standardized_wav\esc50\3-128512-A-47.wav,train,3.0,5.0,data\features\esc50\3-128512-A-47_seg03.npy
data\segments\esc50\3-128512-B-47_seg00.wav,Negative,ESC-50,data\standardized_wav\esc50\3-128512-B-47.wav,train,0.0,2.0,data\features\esc50\3-128512-B-47_seg00.npy
data\segments\esc50\3-128512-B-47_seg01.wav,Negative,ESC-50,data\standardized_wav\esc50\3-128512-B-47.wav,train,1.0,3.0,data\features\esc50\3-128512-B-47_seg01.npy
data\segments\esc50\3-128512-B-47_seg02.wav,Negative,ESC-50,data\standardized_wav\esc50\3-128512-B-47.wav,train,2.0,4.0,data\features\esc50\3-128512-B-47_seg02.npy
data\segments\esc50\3-128512-B-47_seg03.wav,Negative,ESC-50,data\standardized_wav\esc50\3-128512-B-47.wav,train,3.0,5.0,data\features\esc50\3-128512-B-47_seg03.npy
data\segments\esc50\3-132852-A-10_seg00.wav,Water,ESC-50,data\standardized_wav\esc50\3-132852-A-10.wav,train,0.0,2.0,data\features\esc50\3-132852-A-10_seg00.npy
data\segments\esc50\3-132852-A-10_seg01.wav,Water,ESC-50,data\standardized_wav\esc50\3-132852-A-10.wav,train,1.0,3.0,data\features\esc50\3-132852-A-10_seg01.npy
data\segments\esc50\3-132852-A-10_seg02.wav,Water,ESC-50,data\standardized_wav\esc50\3-132852-A-10.wav,train,2.0,4.0,data\features\esc50\3-132852-A-10_seg02.npy
data\segments\esc50\3-132852-A-10_seg03.wav,Water,ESC-50,data\standardized_wav\esc50\3-132852-A-10.wav,train,3.0,5.0,data\features\esc50\3-132852-A-10_seg03.npy
data\segments\esc50\3-134699-A-16_seg00.wav,Negative,ESC-50,data\standardized_wav\esc50\3-134699-A-16.wav,train,0.0,2.0,data\features\esc50\3-134699-A-16_seg00.npy
data\segments\esc50\3-134699-A-16_seg01.wav,Negative,ESC-50,data\standardized_wav\esc50\3-134699-A-16.wav,train,1.0,3.0,data\features\esc50\3-134699-A-16_seg01.npy
data\segments\esc50\3-134699-A-16_seg02.wav,Negative,ESC-50,data\standardized_wav\esc50\3-134699-A-16.wav,train,2.0,4.0,data\features\esc50\3-134699-A-16_seg02.npy
data\segments\esc50\3-134699-A-16_seg03.wav,Negative,ESC-50,data\standardized_wav\esc50\3-134699-A-16.wav,train,3.0,5.0,data\features\esc50\3-134699-A-16_seg03.npy
data\segments\esc50\3-134699-B-16_seg00.wav,Negative,ESC-50,data\standardized_wav\esc50\3-134699-B-16.wav,train,0.0,2.0,data\features\esc50\3-134699-B-16_seg00.npy
data\segments\esc50\3-134699-B-16_seg01.wav,Negative,ESC-50,data\standardized_wav\esc50\3-134699-B-16.wav,train,1.0,3.0,data\features\esc50\3-134699-B-16_seg01.npy
data\segments\esc50\3-134699-B-16_seg02.wav,Negative,ESC-50,data\standardized_wav\esc50\3-134699-B-16.wav,train,2.0,4.0,data\features\esc50\3-134699-B-16_seg02.npy
data\segments\esc50\3-134699-B-16_seg03.wav,Negative,ESC-50,data\standardized_wav\esc50\3-134699-B-16.wav,train,3.0,5.0,data\features\esc50\3-134699-B-16_seg03.npy
data\segments\esc50\3-134699-C-16_seg00.wav,Negative,ESC-50,data\standardized_wav\esc50\3-134699-C-16.wav,train,0.0,2.0,data\features\esc50\3-134699-C-16_seg00.npy
data\segments\esc50\3-134699-C-16_seg01.wav,Negative,ESC-50,data\standardized_wav\esc50\3-134699-C-16.wav,train,1.0,3.0,data\features\esc50\3-134699-C-16_seg01.npy
data\segments\esc50\3-134699-C-16_seg02.wav,Negative,ESC-50,data\standardized_wav\esc50\3-134699-C-16.wav,train,2.0,4.0,data\features\esc50\3-134699-C-16_seg02.npy
data\segments\esc50\3-134699-C-16_seg03.wav,Negative,ESC-50,data\standardized_wav\esc50\3-134699-C-16.wav,train,3.0,5.0,data\features\esc50\3-134699-C-16_seg03.npy
data\segments\esc50\3-135650-A-45_seg00.wav,Negative,ESC-50,data\standardized_wav\esc50\3-135650-A-45.wav,train,0.0,2.0,data\features\esc50\3-135650-A-45_seg00.npy
data\segments\esc50\3-135650-A-45_seg01.wav,Negative,ESC-50,data\standardized_wav\esc50\3-135650-A-45.wav,train,1.0,3.0,data\features\esc50\3-135650-A-45_seg01.npy
data\segments\esc50\3-135650-A-45_seg02.wav,Negative,ESC-50,data\standardized_wav\esc50\3-135650-A-45.wav,train,2.0,4.0,data\features\esc50\3-135650-A-45_seg02.npy
data\segments\esc50\3-135650-A-45_seg03.wav,Negative,ESC-50,data\standardized_wav\esc50\3-135650-A-45.wav,train,3.0,5.0,data\features\esc50\3-135650-A-45_seg03.npy
data\segments\esc50\3-135650-B-45_seg00.wav,Negative,ESC-50,data\standardized_wav\esc50\3-135650-B-45.wav,train,0.0,2.0,data\features\esc50\3-135650-B-45_seg00.npy
data\segments\esc50\3-135650-B-45_seg01.wav,Negative,ESC-50,data\standardized_wav\esc50\3-135650-B-45.wav,train,1.0,3.0,data\features\esc50\3-135650-B-45_seg01.npy
data\segments\esc50\3-135650-B-45_seg02.wav,Negative,ESC-50,data\standardized_wav\esc50\3-135650-B-45.wav,train,2.0,4.0,data\features\esc50\3-135650-B-45_seg02.npy
data\segments\esc50\3-135650-B-45_seg03.wav,Negative,ESC-50,data\standardized_wav\esc50\3-135650-B-45.wav,train,3.0,5.0,data\features\esc50\3-135650-B-45_seg03.npy
data\segments\esc50\3-136451-A-45_seg00.wav,Negative,ESC-50,data\standardized_wav\esc50\3-136451-A-45.wav,train,0.0,2.0,data\features\esc50\3-136451-A-45_seg00.npy
data\segments\esc50\3-136451-A-45_seg01.wav,Negative,ESC-50,data\standardized_wav\esc50\3-136451-A-45.wav,train,1.0,3.0,data\features\esc50\3-136451-A-45_seg01.npy
data\segments\esc50\3-136451-A-45_seg02.wav,Negative,ESC-50,data\standardized_wav\esc50\3-136451-A-45.wav,train,2.0,4.0,data\features\esc50\3-136451-A-45_seg02.npy
data\segments\esc50\3-136451-A-45_seg03.wav,Negative,ESC-50,data\standardized_wav\esc50\3-136451-A-45.wav,train,3.0,5.0,data\features\esc50\3-136451-A-45_seg03.npy
data\segments\esc50\3-136608-A-16_seg00.wav,Negative,ESC-50,data\standardized_wav\esc50\3-136608-A-16.wav,train,0.0,2.0,data\features\esc50\3-136608-A-16_seg00.npy
data\segments\esc50\3-136608-A-16_seg01.wav,Negative,ESC-50,data\standardized_wav\esc50\3-136608-A-16.wav,train,1.0,3.0,data\features\esc50\3-136608-A-16_seg01.npy
data\segments\esc50\3-136608-A-16_seg02.wav,Negative,ESC-50,data\standardized_wav\esc50\3-136608-A-16.wav,train,2.0,4.0,data\features\esc50\3-136608-A-16_seg02.npy
data\segments\esc50\3-136608-A-16_seg03.wav,Negative,ESC-50,data\standardized_wav\esc50\3-136608-A-16.wav,train,3.0,5.0,data\features\esc50\3-136608-A-16_seg03.npy
data\segments\esc50\3-138212-A-45_seg00.wav,Negative,ESC-50,data\standardized_wav\esc50\3-138212-A-45.wav,train,0.0,2.0,data\features\esc50\3-138212-A-45_seg00.npy
data\segments\esc50\3-138212-A-45_seg01.wav,Negative,ESC-50,data\standardized_wav\esc50\3-138212-A-45.wav,train,1.0,3.0,data\features\esc50\3-138212-A-45_seg01.npy
data\segments\esc50\3-138212-A-45_seg02.wav,Negative,ESC-50,data\standardized_wav\esc50\3-138212-A-45.wav,train,2.0,4.0,data\features\esc50\3-138212-A-45_seg02.npy
data\segments\esc50\3-138212-A-45_seg03.wav,Negative,ESC-50,data\standardized_wav\esc50\3-138212-A-45.wav,train,3.0,5.0,data\features\esc50\3-138212-A-45_seg03.npy
data\segments\esc50\3-140774-A-10_seg00.wav,Water,ESC-50,data\standardized_wav\esc50\3-140774-A-10.wav,train,0.0,2.0,data\features\esc50\3-140774-A-10_seg00.npy
data\segments\esc50\3-140774-A-10_seg01.wav,Water,ESC-50,data\standardized_wav\esc50\3-140774-A-10.wav,train,1.0,3.0,data\features\esc50\3-140774-A-10_seg01.npy
data\segments\esc50\3-140774-A-10_seg02.wav,Water,ESC-50,data\standardized_wav\esc50\3-140774-A-10.wav,train,2.0,4.0,data\features\esc50\3-140774-A-10_seg02.npy
data\segments\esc50\3-140774-A-10_seg03.wav,Water,ESC-50,data\standardized_wav\esc50\3-140774-A-10.wav,train,3.0,5.0,data\features\esc50\3-140774-A-10_seg03.npy
data\segments\esc50\3-141559-A-45_seg00.wav,Negative,ESC-50,data\standardized_wav\esc50\3-141559-A-45.wav,train,0.0,2.0,data\features\esc50\3-141559-A-45_seg00.npy
data\segments\esc50\3-141559-A-45_seg01.wav,Negative,ESC-50,data\standardized_wav\esc50\3-141559-A-45.wav,train,1.0,3.0,data\features\esc50\3-141559-A-45_seg01.npy
data\segments\esc50\3-141559-A-45_seg02.wav,Negative,ESC-50,data\standardized_wav\esc50\3-141559-A-45.wav,train,2.0,4.0,data\features\esc50\3-141559-A-45_seg02.npy
data\segments\esc50\3-141559-A-45_seg03.wav,Negative,ESC-50,data\standardized_wav\esc50\3-141559-A-45.wav,train,3.0,5.0,data\features\esc50\3-141559-A-45_seg03.npy
data\segments\esc50\3-142005-A-10_seg00.wav,Water,ESC-50,data\standardized_wav\esc50\3-142005-A-10.wav,train,0.0,2.0,data\features\esc50\3-142005-A-10_seg00.npy
data\segments\esc50\3-142005-A-10_seg01.wav,Water,ESC-50,data\standardized_wav\esc50\3-142005-A-10.wav,train,1.0,3.0,data\features\esc50\3-142005-A-10_seg01.npy
data\segments\esc50\3-142005-A-10_seg02.wav,Water,ESC-50,data\standardized_wav\esc50\3-142005-A-10.wav,train,2.0,4.0,data\features\esc50\3-142005-A-10_seg02.npy
data\segments\esc50\3-142005-A-10_seg03.wav,Water,ESC-50,data\standardized_wav\esc50\3-142005-A-10.wav,train,3.0,5.0,data\features\esc50\3-142005-A-10_seg03.npy
data\segments\esc50\3-142006-A-10_seg00.wav,Water,ESC-50,data\standardized_wav\esc50\3-142006-A-10.wav,train,0.0,2.0,data\features\esc50\3-142006-A-10_seg00.npy
data\segments\esc50\3-142006-A-10_seg01.wav,Water,ESC-50,data\standardized_wav\esc50\3-142006-A-10.wav,train,1.0,3.0,data\features\esc50\3-142006-A-10_seg01.npy
data\segments\esc50\3-142006-A-10_seg02.wav,Water,ESC-50,data\standardized_wav\esc50\3-142006-A-10.wav,train,2.0,4.0,data\features\esc50\3-142006-A-10_seg02.npy
data\segments\esc50\3-142006-A-10_seg03.wav,Water,ESC-50,data\standardized_wav\esc50\3-142006-A-10.wav,train,3.0,5.0,data\features\esc50\3-142006-A-10_seg03.npy
data\segments\esc50\3-143560-A-47_seg00.wav,Negative,ESC-50,data\standardized_wav\esc50\3-143560-A-47.wav,train,0.0,2.0,data\features\esc50\3-143560-A-47_seg00.npy
data\segments\esc50\3-143560-A-47_seg01.wav,Negative,ESC-50,data\standardized_wav\esc50\3-143560-A-47.wav,train,1.0,3.0,data\features\esc50\3-143560-A-47_seg01.npy
data\segments\esc50\3-143560-A-47_seg02.wav,Negative,ESC-50,data\standardized_wav\esc50\3-143560-A-47.wav,train,2.0,4.0,data\features\esc50\3-143560-A-47_seg02.npy
data\segments\esc50\3-143560-A-47_seg03.wav,Negative,ESC-50,data\standardized_wav\esc50\3-143560-A-47.wav,train,3.0,5.0,data\features\esc50\3-143560-A-47_seg03.npy
data\segments\esc50\3-143562-A-47_seg00.wav,Negative,ESC-50,data\standardized_wav\esc50\3-143562-A-47.wav,train,0.0,2.0,data\features\esc50\3-143562-A-47_seg00.npy
data\segments\esc50\3-143562-A-47_seg01.wav,Negative,ESC-50,data\standardized_wav\esc50\3-143562-A-47.wav,train,1.0,3.0,data\features\esc50\3-143562-A-47_seg01.npy
data\segments\esc50\3-143562-A-47_seg02.wav,Negative,ESC-50,data\standardized_wav\esc50\3-143562-A-47.wav,train,2.0,4.0,data\features\esc50\3-143562-A-47_seg02.npy
data\segments\esc50\3-143562-A-47_seg03.wav,Negative,ESC-50,data\standardized_wav\esc50\3-143562-A-47.wav,train,3.0,5.0,data\features\esc50\3-143562-A-47_seg03.npy
data\segments\esc50\3-143929-A-10_seg00.wav,Water,ESC-50,data\standardized_wav\esc50\3-143929-A-10.wav,train,0.0,2.0,data\features\esc50\3-143929-A-10_seg00.npy
data\segments\esc50\3-143929-A-10_seg01.wav,Water,ESC-50,data\standardized_wav\esc50\3-143929-A-10.wav,train,1.0,3.0,data\features\esc50\3-143929-A-10_seg01.npy
data\segments\esc50\3-143929-A-10_seg02.wav,Water,ESC-50,data\standardized_wav\esc50\3-143929-A-10.wav,train,2.0,4.0,data\features\esc50\3-143929-A-10_seg02.npy
data\segments\esc50\3-143929-A-10_seg03.wav,Water,ESC-50,data\standardized_wav\esc50\3-143929-A-10.wav,train,3.0,5.0,data\features\esc50\3-143929-A-10_seg03.npy
data\segments\esc50\3-144891-A-19_seg00.wav,Thunder,ESC-50,data\standardized_wav\esc50\3-144891-A-19.wav,train,0.0,2.0,data\features\esc50\3-144891-A-19_seg00.npy
data\segments\esc50\3-144891-A-19_seg01.wav,Thunder,ESC-50,data\standardized_wav\esc50\3-144891-A-19.wav,train,1.0,3.0,data\features\esc50\3-144891-A-19_seg01.npy
data\segments\esc50\3-144891-A-19_seg02.wav,Thunder,ESC-50,data\standardized_wav\esc50\3-144891-A-19.wav,train,2.0,4.0,data\features\esc50\3-144891-A-19_seg02.npy
data\segments\esc50\3-144891-A-19_seg03.wav,Thunder,ESC-50,data\standardized_wav\esc50\3-144891-A-19.wav,train,3.0,5.0,data\features\esc50\3-144891-A-19_seg03.npy
data\segments\esc50\3-144891-B-19_seg00.wav,Thunder,ESC-50,data\standardized_wav\esc50\3-144891-B-19.wav,train,0.0,2.0,data\features\esc50\3-144891-B-19_seg00.npy
data\segments\esc50\3-144891-B-19_seg01.wav,Thunder,ESC-50,data\standardized_wav\esc50\3-144891-B-19.wav,train,1.0,3.0,data\features\esc50\3-144891-B-19_seg01.npy
data\segments\esc50\3-144891-B-19_seg02.wav,Thunder,ESC-50,data\standardized_wav\esc50\3-144891-B-19.wav,train,2.0,4.0,data\features\esc50\3-144891-B-19_seg02.npy
data\segments\esc50\3-144891-B-19_seg03.wav,Thunder,ESC-50,data\standardized_wav\esc50\3-144891-B-19.wav,train,3.0,5.0,data\features\esc50\3-144891-B-19_seg03.npy
data\segments\esc50\3-145774-A-12_seg00.wav,Fire,ESC-50,data\standardized_wav\esc50\3-145774-A-12.wav,train,0.0,2.0,data\features\esc50\3-145774-A-12_seg00.npy
data\segments\esc50\3-145774-A-12_seg01.wav,Fire,ESC-50,data\standardized_wav\esc50\3-145774-A-12.wav,train,1.0,3.0,data\features\esc50\3-145774-A-12_seg01.npy
data\segments\esc50\3-145774-A-12_seg02.wav,Fire,ESC-50,data\standardized_wav\esc50\3-145774-A-12.wav,train,2.0,4.0,data\features\esc50\3-145774-A-12_seg02.npy
data\segments\esc50\3-145774-A-12_seg03.wav,Fire,ESC-50,data\standardized_wav\esc50\3-145774-A-12.wav,train,3.0,5.0,data\features\esc50\3-145774-A-12_seg03.npy
data\segments\esc50\3-147965-A-12_seg00.wav,Fire,ESC-50,data\standardized_wav\esc50\3-147965-A-12.wav,train,0.0,2.0,data\features\esc50\3-147965-A-12_seg00.npy
data\segments\esc50\3-147965-A-12_seg01.wav,Fire,ESC-50,data\standardized_wav\esc50\3-147965-A-12.wav,train,1.0,3.0,data\features\esc50\3-147965-A-12_seg01.npy
data\segments\esc50\3-147965-A-12_seg02.wav,Fire,ESC-50,data\standardized_wav\esc50\3-147965-A-12.wav,train,2.0,4.0,data\features\esc50\3-147965-A-12_seg02.npy
data\segments\esc50\3-147965-A-12_seg03.wav,Fire,ESC-50,data\standardized_wav\esc50\3-147965-A-12.wav,train,3.0,5.0,data\features\esc50\3-147965-A-12_seg03.npy
data\segments\esc50\3-150979-A-40_seg00.wav,Negative,ESC-50,data\standardized_wav\esc50\3-150979-A-40.wav,train,0.0,2.0,data\features\esc50\3-150979-A-40_seg00.npy
data\segments\esc50\3-150979-A-40_seg01.wav,Negative,ESC-50,data\standardized_wav\esc50\3-150979-A-40.wav,train,1.0,3.0,data\features\esc50\3-150979-A-40_seg01.npy
data\segments\esc50\3-150979-A-40_seg02.wav,Negative,ESC-50,data\standardized_wav\esc50\3-150979-A-40.wav,train,2.0,4.0,data\features\esc50\3-150979-A-40_seg02.npy
data\segments\esc50\3-150979-A-40_seg03.wav,Negative,ESC-50,data\standardized_wav\esc50\3-150979-A-40.wav,train,3.0,5.0,data\features\esc50\3-150979-A-40_seg03.npy
data\segments\esc50\3-150979-B-40_seg00.wav,Negative,ESC-50,data\standardized_wav\esc50\3-150979-B-40.wav,train,0.0,2.0,data\features\esc50\3-150979-B-40_seg00.npy
data\segments\esc50\3-150979-B-40_seg01.wav,Negative,ESC-50,data\standardized_wav\esc50\3-150979-B-40.wav,train,1.0,3.0,data\features\esc50\3-150979-B-40_seg01.npy
data\segments\esc50\3-150979-B-40_seg02.wav,Negative,ESC-50,data\standardized_wav\esc50\3-150979-B-40.wav,train,2.0,4.0,data\features\esc50\3-150979-B-40_seg02.npy
data\segments\esc50\3-150979-B-40_seg03.wav,Negative,ESC-50,data\standardized_wav\esc50\3-150979-B-40.wav,train,3.0,5.0,data\features\esc50\3-150979-B-40_seg03.npy
data\segments\esc50\3-150979-C-40_seg00.wav,Negative,ESC-50,data\standardized_wav\esc50\3-150979-C-40.wav,train,0.0,2.0,data\features\esc50\3-150979-C-40_seg00.npy
data\segments\esc50\3-150979-C-40_seg01.wav,Negative,ESC-50,data\standardized_wav\esc50\3-150979-C-40.wav,train,1.0,3.0,data\features\esc50\3-150979-C-40_seg01.npy
data\segments\esc50\3-150979-C-40_seg02.wav,Negative,ESC-50,data\standardized_wav\esc50\3-150979-C-40.wav,train,2.0,4.0,data\features\esc50\3-150979-C-40_seg02.npy
data\segments\esc50\3-150979-C-40_seg03.wav,Negative,ESC-50,data\standardized_wav\esc50\3-150979-C-40.wav,train,3.0,5.0,data\features\esc50\3-150979-C-40_seg03.npy
data\segments\esc50\3-154926-A-40_seg00.wav,Negative,ESC-50,data\standardized_wav\esc50\3-154926-A-40.wav,train,0.0,2.0,data\features\esc50\3-154926-A-40_seg00.npy
data\segments\esc50\3-154926-A-40_seg01.wav,Negative,ESC-50,data\standardized_wav\esc50\3-154926-A-40.wav,train,1.0,3.0,data\features\esc50\3-154926-A-40_seg01.npy
data\segments\esc50\3-154926-A-40_seg02.wav,Negative,ESC-50,data\standardized_wav\esc50\3-154926-A-40.wav,train,2.0,4.0,data\features\esc50\3-154926-A-40_seg02.npy
data\segments\esc50\3-154926-A-40_seg03.wav,Negative,ESC-50,data\standardized_wav\esc50\3-154926-A-40.wav,train,3.0,5.0,data\features\esc50\3-154926-A-40_seg03.npy
data\segments\esc50\3-154926-B-40_seg00.wav,Negative,ESC-50,data\standardized_wav\esc50\3-154926-B-40.wav,train,0.0,2.0,data\features\esc50\3-154926-B-40_seg00.npy
data\segments\esc50\3-154926-B-40_seg01.wav,Negative,ESC-50,data\standardized_wav\esc50\3-154926-B-40.wav,train,1.0,3.0,data\features\esc50\3-154926-B-40_seg01.npy
data\segments\esc50\3-154926-B-40_seg02.wav,Negative,ESC-50,data\standardized_wav\esc50\3-154926-B-40.wav,train,2.0,4.0,data\features\esc50\3-154926-B-40_seg02.npy
data\segments\esc50\3-154926-B-40_seg03.wav,Negative,ESC-50,data\standardized_wav\esc50\3-154926-B-40.wav,train,3.0,5.0,data\features\esc50\3-154926-B-40_seg03.npy
data\segments\esc50\3-157149-A-10_seg00.wav,Water,ESC-50,data\standardized_wav\esc50\3-157149-A-10.wav,train,0.0,2.0,data\features\esc50\3-157149-A-10_seg00.npy
data\segments\esc50\3-157149-A-10_seg01.wav,Water,ESC-50,data\standardized_wav\esc50\3-157149-A-10.wav,train,1.0,3.0,data\features\esc50\3-157149-A-10_seg01.npy
data\segments\esc50\3-157149-A-10_seg02.wav,Water,ESC-50,data\standardized_wav\esc50\3-157149-A-10.wav,train,2.0,4.0,data\features\esc50\3-157149-A-10_seg02.npy
data\segments\esc50\3-157149-A-10_seg03.wav,Water,ESC-50,data\standardized_wav\esc50\3-157149-A-10.wav,train,3.0,5.0,data\features\esc50\3-157149-A-10_seg03.npy
data\segments\esc50\3-157187-A-12_seg00.wav,Fire,ESC-50,data\standardized_wav\esc50\3-157187-A-12.wav,train,0.0,2.0,data\features\esc50\3-157187-A-12_seg00.npy
data\segments\esc50\3-157187-A-12_seg01.wav,Fire,ESC-50,data\standardized_wav\esc50\3-157187-A-12.wav,train,1.0,3.0,data\features\esc50\3-157187-A-12_seg01.npy
data\segments\esc50\3-157187-A-12_seg02.wav,Fire,ESC-50,data\standardized_wav\esc50\3-157187-A-12.wav,train,2.0,4.0,data\features\esc50\3-157187-A-12_seg02.npy
data\segments\esc50\3-157187-A-12_seg03.wav,Fire,ESC-50,data\standardized_wav\esc50\3-157187-A-12.wav,train,3.0,5.0,data\features\esc50\3-157187-A-12_seg03.npy
data\segments\esc50\3-157487-A-10_seg00.wav,Water,ESC-50,data\standardized_wav\esc50\3-157487-A-10.wav,train,0.0,2.0,data\features\esc50\3-157487-A-10_seg00.npy
data\segments\esc50\3-157487-A-10_seg01.wav,Water,ESC-50,data\standardized_wav\esc50\3-157487-A-10.wav,train,1.0,3.0,data\features\esc50\3-157487-A-10_seg01.npy
data\segments\esc50\3-157487-A-10_seg02.wav,Water,ESC-50,data\standardized_wav\esc50\3-157487-A-10.wav,train,2.0,4.0,data\features\esc50\3-157487-A-10_seg02.npy
data\segments\esc50\3-157487-A-10_seg03.wav,Water,ESC-50,data\standardized_wav\esc50\3-157487-A-10.wav,train,3.0,5.0,data\features\esc50\3-157487-A-10_seg03.npy
data\segments\esc50\3-157492-A-45_seg00.wav,Negative,ESC-50,data\standardized_wav\esc50\3-157492-A-45.wav,train,0.0,2.0,data\features\esc50\3-157492-A-45_seg00.npy
data\segments\esc50\3-157492-A-45_seg01.wav,Negative,ESC-50,data\standardized_wav\esc50\3-157492-A-45.wav,train,1.0,3.0,data\features\esc50\3-157492-A-45_seg01.npy
data\segments\esc50\3-157492-A-45_seg02.wav,Negative,ESC-50,data\standardized_wav\esc50\3-157492-A-45.wav,train,2.0,4.0,data\features\esc50\3-157492-A-45_seg02.npy
data\segments\esc50\3-157492-A-45_seg03.wav,Negative,ESC-50,data\standardized_wav\esc50\3-157492-A-45.wav,train,3.0,5.0,data\features\esc50\3-157492-A-45_seg03.npy
data\segments\esc50\3-157615-A-10_seg00.wav,Water,ESC-50,data\standardized_wav\esc50\3-157615-A-10.wav,train,0.0,2.0,data\features\esc50\3-157615-A-10_seg00.npy
data\segments\esc50\3-157615-A-10_seg01.wav,Water,ESC-50,data\standardized_wav\esc50\3-157615-A-10.wav,train,1.0,3.0,data\features\esc50\3-157615-A-10_seg01.npy
data\segments\esc50\3-157615-A-10_seg02.wav,Water,ESC-50,data\standardized_wav\esc50\3-157615-A-10.wav,train,2.0,4.0,data\features\esc50\3-157615-A-10_seg02.npy
data\segments\esc50\3-157615-A-10_seg03.wav,Water,ESC-50,data\standardized_wav\esc50\3-157615-A-10.wav,train,3.0,5.0,data\features\esc50\3-157615-A-10_seg03.npy
data\segments\esc50\3-158476-A-12_seg00.wav,Fire,ESC-50,data\standardized_wav\esc50\3-158476-A-12.wav,train,0.0,2.0,data\features\esc50\3-158476-A-12_seg00.npy
data\segments\esc50\3-158476-A-12_seg01.wav,Fire,ESC-50,data\standardized_wav\esc50\3-158476-A-12.wav,train,1.0,3.0,data\features\esc50\3-158476-A-12_seg01.npy
data\segments\esc50\3-158476-A-12_seg02.wav,Fire,ESC-50,data\standardized_wav\esc50\3-158476-A-12.wav,train,2.0,4.0,data\features\esc50\3-158476-A-12_seg02.npy
data\segments\esc50\3-158476-A-12_seg03.wav,Fire,ESC-50,data\standardized_wav\esc50\3-158476-A-12.wav,train,3.0,5.0,data\features\esc50\3-158476-A-12_seg03.npy
data\segments\esc50\3-159445-A-45_seg00.wav,Negative,ESC-50,data\standardized_wav\esc50\3-159445-A-45.wav,train,0.0,2.0,data\features\esc50\3-159445-A-45_seg00.npy
data\segments\esc50\3-159445-A-45_seg01.wav,Negative,ESC-50,data\standardized_wav\esc50\3-159445-A-45.wav,train,1.0,3.0,data\features\esc50\3-159445-A-45_seg01.npy
data\segments\esc50\3-159445-A-45_seg02.wav,Negative,ESC-50,data\standardized_wav\esc50\3-159445-A-45.wav,train,2.0,4.0,data\features\esc50\3-159445-A-45_seg02.npy
data\segments\esc50\3-159445-A-45_seg03.wav,Negative,ESC-50,data\standardized_wav\esc50\3-159445-A-45.wav,train,3.0,5.0,data\features\esc50\3-159445-A-45_seg03.npy
data\segments\esc50\3-159445-B-45_seg00.wav,Negative,ESC-50,data\standardized_wav\esc50\3-159445-B-45.wav,train,0.0,2.0,data\features\esc50\3-159445-B-45_seg00.npy
data\segments\esc50\3-159445-B-45_seg01.wav,Negative,ESC-50,data\standardized_wav\esc50\3-159445-B-45.wav,train,1.0,3.0,data\features\esc50\3-159445-B-45_seg01.npy
data\segments\esc50\3-159445-B-45_seg02.wav,Negative,ESC-50,data\standardized_wav\esc50\3-159445-B-45.wav,train,2.0,4.0,data\features\esc50\3-159445-B-45_seg02.npy
data\segments\esc50\3-159445-B-45_seg03.wav,Negative,ESC-50,data\standardized_wav\esc50\3-159445-B-45.wav,train,3.0,5.0,data\features\esc50\3-159445-B-45_seg03.npy
data\segments\esc50\3-193767-A-47_seg00.wav,Negative,ESC-50,data\standardized_wav\esc50\3-193767-A-47.wav,train,0.0,2.0,data\features\esc50\3-193767-A-47_seg00.npy
data\segments\esc50\3-193767-A-47_seg01.wav,Negative,ESC-50,data\standardized_wav\esc50\3-193767-A-47.wav,train,1.0,3.0,data\features\esc50\3-193767-A-47_seg01.npy
data\segments\esc50\3-193767-A-47_seg02.wav,Negative,ESC-50,data\standardized_wav\esc50\3-193767-A-47.wav,train,2.0,4.0,data\features\esc50\3-193767-A-47_seg02.npy
data\segments\esc50\3-193767-A-47_seg03.wav,Negative,ESC-50,data\standardized_wav\esc50\3-193767-A-47.wav,train,3.0,5.0,data\features\esc50\3-193767-A-47_seg03.npy
data\segments\esc50\3-246513-A-16_seg00.wav,Negative,ESC-50,data\standardized_wav\esc50\3-246513-A-16.wav,train,0.0,2.0,data\features\esc50\3-246513-A-16_seg00.npy
data\segments\esc50\3-246513-A-16_seg01.wav,Negative,ESC-50,data\standardized_wav\esc50\3-246513-A-16.wav,train,1.0,3.0,data\features\esc50\3-246513-A-16_seg01.npy
data\segments\esc50\3-246513-A-16_seg02.wav,Negative,ESC-50,data\standardized_wav\esc50\3-246513-A-16.wav,train,2.0,4.0,data\features\esc50\3-246513-A-16_seg02.npy
data\segments\esc50\3-246513-A-16_seg03.wav,Negative,ESC-50,data\standardized_wav\esc50\3-246513-A-16.wav,train,3.0,5.0,data\features\esc50\3-246513-A-16_seg03.npy
data\segments\esc50\3-246513-B-16_seg00.wav,Negative,ESC-50,data\standardized_wav\esc50\3-246513-B-16.wav,train,0.0,2.0,data\features\esc50\3-246513-B-16_seg00.npy
data\segments\esc50\3-246513-B-16_seg01.wav,Negative,ESC-50,data\standardized_wav\esc50\3-246513-B-16.wav,train,1.0,3.0,data\features\esc50\3-246513-B-16_seg01.npy
data\segments\esc50\3-246513-B-16_seg02.wav,Negative,ESC-50,data\standardized_wav\esc50\3-246513-B-16.wav,train,2.0,4.0,data\features\esc50\3-246513-B-16_seg02.npy
data\segments\esc50\3-246513-B-16_seg03.wav,Negative,ESC-50,data\standardized_wav\esc50\3-246513-B-16.wav,train,3.0,5.0,data\features\esc50\3-246513-B-16_seg03.npy
data\segments\esc50\3-65748-A-12_seg00.wav,Fire,ESC-50,data\standardized_wav\esc50\3-65748-A-12.wav,train,0.0,2.0,data\features\esc50\3-65748-A-12_seg00.npy
data\segments\esc50\3-65748-A-12_seg01.wav,Fire,ESC-50,data\standardized_wav\esc50\3-65748-A-12.wav,train,1.0,3.0,data\features\esc50\3-65748-A-12_seg01.npy
data\segments\esc50\3-65748-A-12_seg02.wav,Fire,ESC-50,data\standardized_wav\esc50\3-65748-A-12.wav,train,2.0,4.0,data\features\esc50\3-65748-A-12_seg02.npy
data\segments\esc50\3-65748-A-12_seg03.wav,Fire,ESC-50,data\standardized_wav\esc50\3-65748-A-12.wav,train,3.0,5.0,data\features\esc50\3-65748-A-12_seg03.npy
data\segments\esc50\3-68630-A-40_seg00.wav,Negative,ESC-50,data\standardized_wav\esc50\3-68630-A-40.wav,train,0.0,2.0,data\features\esc50\3-68630-A-40_seg00.npy
data\segments\esc50\3-68630-A-40_seg01.wav,Negative,ESC-50,data\standardized_wav\esc50\3-68630-A-40.wav,train,1.0,3.0,data\features\esc50\3-68630-A-40_seg01.npy
data\segments\esc50\3-68630-A-40_seg02.wav,Negative,ESC-50,data\standardized_wav\esc50\3-68630-A-40.wav,train,2.0,4.0,data\features\esc50\3-68630-A-40_seg02.npy
data\segments\esc50\3-68630-A-40_seg03.wav,Negative,ESC-50,data\standardized_wav\esc50\3-68630-A-40.wav,train,3.0,5.0,data\features\esc50\3-68630-A-40_seg03.npy
data\segments\esc50\3-68630-B-40_seg00.wav,Negative,ESC-50,data\standardized_wav\esc50\3-68630-B-40.wav,train,0.0,2.0,data\features\esc50\3-68630-B-40_seg00.npy
data\segments\esc50\3-68630-B-40_seg01.wav,Negative,ESC-50,data\standardized_wav\esc50\3-68630-B-40.wav,train,1.0,3.0,data\features\esc50\3-68630-B-40_seg01.npy
data\segments\esc50\3-68630-B-40_seg02.wav,Negative,ESC-50,data\standardized_wav\esc50\3-68630-B-40.wav,train,2.0,4.0,data\features\esc50\3-68630-B-40_seg02.npy
data\segments\esc50\3-68630-B-40_seg03.wav,Negative,ESC-50,data\standardized_wav\esc50\3-68630-B-40.wav,train,3.0,5.0,data\features\esc50\3-68630-B-40_seg03.npy
data\segments\esc50\3-68630-C-40_seg00.wav,Negative,ESC-50,data\standardized_wav\esc50\3-68630-C-40.wav,train,0.0,2.0,data\features\esc50\3-68630-C-40_seg00.npy
data\segments\esc50\3-68630-C-40_seg01.wav,Negative,ESC-50,data\standardized_wav\esc50\3-68630-C-40.wav,train,1.0,3.0,data\features\esc50\3-68630-C-40_seg01.npy
data\segments\esc50\3-68630-C-40_seg02.wav,Negative,ESC-50,data\standardized_wav\esc50\3-68630-C-40.wav,train,2.0,4.0,data\features\esc50\3-68630-C-40_seg02.npy
data\segments\esc50\3-68630-C-40_seg03.wav,Negative,ESC-50,data\standardized_wav\esc50\3-68630-C-40.wav,train,3.0,5.0,data\features\esc50\3-68630-C-40_seg03.npy
data\segments\esc50\4-125070-A-19_seg00.wav,Thunder,ESC-50,data\standardized_wav\esc50\4-125070-A-19.wav,val,0.0,2.0,data\features\esc50\4-125070-A-19_seg00.npy
data\segments\esc50\4-125070-A-19_seg01.wav,Thunder,ESC-50,data\standardized_wav\esc50\4-125070-A-19.wav,val,1.0,3.0,data\features\esc50\4-125070-A-19_seg01.npy
data\segments\esc50\4-125070-A-19_seg02.wav,Thunder,ESC-50,data\standardized_wav\esc50\4-125070-A-19.wav,val,2.0,4.0,data\features\esc50\4-125070-A-19_seg02.npy
data\segments\esc50\4-125070-A-19_seg03.wav,Thunder,ESC-50,data\standardized_wav\esc50\4-125070-A-19.wav,val,3.0,5.0,data\features\esc50\4-125070-A-19_seg03.npy
data\segments\esc50\4-125071-A-19_seg00.wav,Thunder,ESC-50,data\standardized_wav\esc50\4-125071-A-19.wav,val,0.0,2.0,data\features\esc50\4-125071-A-19_seg00.npy
data\segments\esc50\4-125071-A-19_seg01.wav,Thunder,ESC-50,data\standardized_wav\esc50\4-125071-A-19.wav,val,1.0,3.0,data\features\esc50\4-125071-A-19_seg01.npy
data\segments\esc50\4-125071-A-19_seg02.wav,Thunder,ESC-50,data\standardized_wav\esc50\4-125071-A-19.wav,val,2.0,4.0,data\features\esc50\4-125071-A-19_seg02.npy
data\segments\esc50\4-125071-A-19_seg03.wav,Thunder,ESC-50,data\standardized_wav\esc50\4-125071-A-19.wav,val,3.0,5.0,data\features\esc50\4-125071-A-19_seg03.npy
data\segments\esc50\4-125072-A-19_seg00.wav,Thunder,ESC-50,data\standardized_wav\esc50\4-125072-A-19.wav,val,0.0,2.0,data\features\esc50\4-125072-A-19_seg00.npy
data\segments\esc50\4-125072-A-19_seg01.wav,Thunder,ESC-50,data\standardized_wav\esc50\4-125072-A-19.wav,val,1.0,3.0,data\features\esc50\4-125072-A-19_seg01.npy
data\segments\esc50\4-125072-A-19_seg02.wav,Thunder,ESC-50,data\standardized_wav\esc50\4-125072-A-19.wav,val,2.0,4.0,data\features\esc50\4-125072-A-19_seg02.npy
data\segments\esc50\4-125072-A-19_seg03.wav,Thunder,ESC-50,data\standardized_wav\esc50\4-125072-A-19.wav,val,3.0,5.0,data\features\esc50\4-125072-A-19_seg03.npy
data\segments\esc50\4-125072-B-19_seg00.wav,Thunder,ESC-50,data\standardized_wav\esc50\4-125072-B-19.wav,val,0.0,2.0,data\features\esc50\4-125072-B-19_seg00.npy
data\segments\esc50\4-125072-B-19_seg01.wav,Thunder,ESC-50,data\standardized_wav\esc50\4-125072-B-19.wav,val,1.0,3.0,data\features\esc50\4-125072-B-19_seg01.npy
data\segments\esc50\4-125072-B-19_seg02.wav,Thunder,ESC-50,data\standardized_wav\esc50\4-125072-B-19.wav,val,2.0,4.0,data\features\esc50\4-125072-B-19_seg02.npy
data\segments\esc50\4-125072-B-19_seg03.wav,Thunder,ESC-50,data\standardized_wav\esc50\4-125072-B-19.wav,val,3.0,5.0,data\features\esc50\4-125072-B-19_seg03.npy
data\segments\esc50\4-125929-A-40_seg00.wav,Negative,ESC-50,data\standardized_wav\esc50\4-125929-A-40.wav,val,0.0,2.0,data\features\esc50\4-125929-A-40_seg00.npy
data\segments\esc50\4-125929-A-40_seg01.wav,Negative,ESC-50,data\standardized_wav\esc50\4-125929-A-40.wav,val,1.0,3.0,data\features\esc50\4-125929-A-40_seg01.npy
data\segments\esc50\4-125929-A-40_seg02.wav,Negative,ESC-50,data\standardized_wav\esc50\4-125929-A-40.wav,val,2.0,4.0,data\features\esc50\4-125929-A-40_seg02.npy
data\segments\esc50\4-125929-A-40_seg03.wav,Negative,ESC-50,data\standardized_wav\esc50\4-125929-A-40.wav,val,3.0,5.0,data\features\esc50\4-125929-A-40_seg03.npy
data\segments\esc50\4-144083-A-16_seg00.wav,Negative,ESC-50,data\standardized_wav\esc50\4-144083-A-16.wav,val,0.0,2.0,data\features\esc50\4-144083-A-16_seg00.npy
data\segments\esc50\4-144083-A-16_seg01.wav,Negative,ESC-50,data\standardized_wav\esc50\4-144083-A-16.wav,val,1.0,3.0,data\features\esc50\4-144083-A-16_seg01.npy
data\segments\esc50\4-144083-A-16_seg02.wav,Negative,ESC-50,data\standardized_wav\esc50\4-144083-A-16.wav,val,2.0,4.0,data\features\esc50\4-144083-A-16_seg02.npy
data\segments\esc50\4-144083-A-16_seg03.wav,Negative,ESC-50,data\standardized_wav\esc50\4-144083-A-16.wav,val,3.0,5.0,data\features\esc50\4-144083-A-16_seg03.npy
data\segments\esc50\4-144083-B-16_seg00.wav,Negative,ESC-50,data\standardized_wav\esc50\4-144083-B-16.wav,val,0.0,2.0,data\features\esc50\4-144083-B-16_seg00.npy
data\segments\esc50\4-144083-B-16_seg01.wav,Negative,ESC-50,data\standardized_wav\esc50\4-144083-B-16.wav,val,1.0,3.0,data\features\esc50\4-144083-B-16_seg01.npy
data\segments\esc50\4-144083-B-16_seg02.wav,Negative,ESC-50,data\standardized_wav\esc50\4-144083-B-16.wav,val,2.0,4.0,data\features\esc50\4-144083-B-16_seg02.npy
data\segments\esc50\4-144083-B-16_seg03.wav,Negative,ESC-50,data\standardized_wav\esc50\4-144083-B-16.wav,val,3.0,5.0,data\features\esc50\4-144083-B-16_seg03.npy
data\segments\esc50\4-144083-C-16_seg00.wav,Negative,ESC-50,data\standardized_wav\esc50\4-144083-C-16.wav,val,0.0,2.0,data\features\esc50\4-144083-C-16_seg00.npy
data\segments\esc50\4-144083-C-16_seg01.wav,Negative,ESC-50,data\standardized_wav\esc50\4-144083-C-16.wav,val,1.0,3.0,data\features\esc50\4-144083-C-16_seg01.npy
data\segments\esc50\4-144083-C-16_seg02.wav,Negative,ESC-50,data\standardized_wav\esc50\4-144083-C-16.wav,val,2.0,4.0,data\features\esc50\4-144083-C-16_seg02.npy
data\segments\esc50\4-144083-C-16_seg03.wav,Negative,ESC-50,data\standardized_wav\esc50\4-144083-C-16.wav,val,3.0,5.0,data\features\esc50\4-144083-C-16_seg03.npy
data\segments\esc50\4-144085-A-16_seg00.wav,Negative,ESC-50,data\standardized_wav\esc50\4-144085-A-16.wav,val,0.0,2.0,data\features\esc50\4-144085-A-16_seg00.npy
data\segments\esc50\4-144085-A-16_seg01.wav,Negative,ESC-50,data\standardized_wav\esc50\4-144085-A-16.wav,val,1.0,3.0,data\features\esc50\4-144085-A-16_seg01.npy
data\segments\esc50\4-144085-A-16_seg02.wav,Negative,ESC-50,data\standardized_wav\esc50\4-144085-A-16.wav,val,2.0,4.0,data\features\esc50\4-144085-A-16_seg02.npy
data\segments\esc50\4-144085-A-16_seg03.wav,Negative,ESC-50,data\standardized_wav\esc50\4-144085-A-16.wav,val,3.0,5.0,data\features\esc50\4-144085-A-16_seg03.npy
data\segments\esc50\4-156993-A-19_seg00.wav,Thunder,ESC-50,data\standardized_wav\esc50\4-156993-A-19.wav,val,0.0,2.0,data\features\esc50\4-156993-A-19_seg00.npy
data\segments\esc50\4-156993-A-19_seg01.wav,Thunder,ESC-50,data\standardized_wav\esc50\4-156993-A-19.wav,val,1.0,3.0,data\features\esc50\4-156993-A-19_seg01.npy
data\segments\esc50\4-156993-A-19_seg02.wav,Thunder,ESC-50,data\standardized_wav\esc50\4-156993-A-19.wav,val,2.0,4.0,data\features\esc50\4-156993-A-19_seg02.npy
data\segments\esc50\4-156993-A-19_seg03.wav,Thunder,ESC-50,data\standardized_wav\esc50\4-156993-A-19.wav,val,3.0,5.0,data\features\esc50\4-156993-A-19_seg03.npy
data\segments\esc50\4-160999-A-10_seg00.wav,Water,ESC-50,data\standardized_wav\esc50\4-160999-A-10.wav,val,0.0,2.0,data\features\esc50\4-160999-A-10_seg00.npy
data\segments\esc50\4-160999-A-10_seg01.wav,Water,ESC-50,data\standardized_wav\esc50\4-160999-A-10.wav,val,1.0,3.0,data\features\esc50\4-160999-A-10_seg01.npy
data\segments\esc50\4-160999-A-10_seg02.wav,Water,ESC-50,data\standardized_wav\esc50\4-160999-A-10.wav,val,2.0,4.0,data\features\esc50\4-160999-A-10_seg02.npy
data\segments\esc50\4-160999-A-10_seg03.wav,Water,ESC-50,data\standardized_wav\esc50\4-160999-A-10.wav,val,3.0,5.0,data\features\esc50\4-160999-A-10_seg03.npy
data\segments\esc50\4-161099-A-47_seg00.wav,Negative,ESC-50,data\standardized_wav\esc50\4-161099-A-47.wav,val,0.0,2.0,data\features\esc50\4-161099-A-47_seg00.npy
data\segments\esc50\4-161099-A-47_seg01.wav,Negative,ESC-50,data\standardized_wav\esc50\4-161099-A-47.wav,val,1.0,3.0,data\features\esc50\4-161099-A-47_seg01.npy
data\segments\esc50\4-161099-A-47_seg02.wav,Negative,ESC-50,data\standardized_wav\esc50\4-161099-A-47.wav,val,2.0,4.0,data\features\esc50\4-161099-A-47_seg02.npy
data\segments\esc50\4-161099-A-47_seg03.wav,Negative,ESC-50,data\standardized_wav\esc50\4-161099-A-47.wav,val,3.0,5.0,data\features\esc50\4-161099-A-47_seg03.npy
data\segments\esc50\4-161099-B-47_seg00.wav,Negative,ESC-50,data\standardized_wav\esc50\4-161099-B-47.wav,val,0.0,2.0,data\features\esc50\4-161099-B-47_seg00.npy
data\segments\esc50\4-161099-B-47_seg01.wav,Negative,ESC-50,data\standardized_wav\esc50\4-161099-B-47.wav,val,1.0,3.0,data\features\esc50\4-161099-B-47_seg01.npy
data\segments\esc50\4-161099-B-47_seg02.wav,Negative,ESC-50,data\standardized_wav\esc50\4-161099-B-47.wav,val,2.0,4.0,data\features\esc50\4-161099-B-47_seg02.npy
data\segments\esc50\4-161099-B-47_seg03.wav,Negative,ESC-50,data\standardized_wav\esc50\4-161099-B-47.wav,val,3.0,5.0,data\features\esc50\4-161099-B-47_seg03.npy
data\segments\esc50\4-161100-A-47_seg00.wav,Negative,ESC-50,data\standardized_wav\esc50\4-161100-A-47.wav,val,0.0,2.0,data\features\esc50\4-161100-A-47_seg00.npy
data\segments\esc50\4-161100-A-47_seg01.wav,Negative,ESC-50,data\standardized_wav\esc50\4-161100-A-47.wav,val,1.0,3.0,data\features\esc50\4-161100-A-47_seg01.npy
data\segments\esc50\4-161100-A-47_seg02.wav,Negative,ESC-50,data\standardized_wav\esc50\4-161100-A-47.wav,val,2.0,4.0,data\features\esc50\4-161100-A-47_seg02.npy
data\segments\esc50\4-161100-A-47_seg03.wav,Negative,ESC-50,data\standardized_wav\esc50\4-161100-A-47.wav,val,3.0,5.0,data\features\esc50\4-161100-A-47_seg03.npy
data\segments\esc50\4-161103-A-47_seg00.wav,Negative,ESC-50,data\standardized_wav\esc50\4-161103-A-47.wav,val,0.0,2.0,data\features\esc50\4-161103-A-47_seg00.npy
data\segments\esc50\4-161103-A-47_seg01.wav,Negative,ESC-50,data\standardized_wav\esc50\4-161103-A-47.wav,val,1.0,3.0,data\features\esc50\4-161103-A-47_seg01.npy
data\segments\esc50\4-161103-A-47_seg02.wav,Negative,ESC-50,data\standardized_wav\esc50\4-161103-A-47.wav,val,2.0,4.0,data\features\esc50\4-161103-A-47_seg02.npy
data\segments\esc50\4-161103-A-47_seg03.wav,Negative,ESC-50,data\standardized_wav\esc50\4-161103-A-47.wav,val,3.0,5.0,data\features\esc50\4-161103-A-47_seg03.npy
data\segments\esc50\4-161105-A-47_seg00.wav,Negative,ESC-50,data\standardized_wav\esc50\4-161105-A-47.wav,val,0.0,2.0,data\features\esc50\4-161105-A-47_seg00.npy
data\segments\esc50\4-161105-A-47_seg01.wav,Negative,ESC-50,data\standardized_wav\esc50\4-161105-A-47.wav,val,1.0,3.0,data\features\esc50\4-161105-A-47_seg01.npy
data\segments\esc50\4-161105-A-47_seg02.wav,Negative,ESC-50,data\standardized_wav\esc50\4-161105-A-47.wav,val,2.0,4.0,data\features\esc50\4-161105-A-47_seg02.npy
data\segments\esc50\4-161105-A-47_seg03.wav,Negative,ESC-50,data\standardized_wav\esc50\4-161105-A-47.wav,val,3.0,5.0,data\features\esc50\4-161105-A-47_seg03.npy
data\segments\esc50\4-161105-B-47_seg00.wav,Negative,ESC-50,data\standardized_wav\esc50\4-161105-B-47.wav,val,0.0,2.0,data\features\esc50\4-161105-B-47_seg00.npy
data\segments\esc50\4-161105-B-47_seg01.wav,Negative,ESC-50,data\standardized_wav\esc50\4-161105-B-47.wav,val,1.0,3.0,data\features\esc50\4-161105-B-47_seg01.npy
data\segments\esc50\4-161105-B-47_seg02.wav,Negative,ESC-50,data\standardized_wav\esc50\4-161105-B-47.wav,val,2.0,4.0,data\features\esc50\4-161105-B-47_seg02.npy
data\segments\esc50\4-161105-B-47_seg03.wav,Negative,ESC-50,data\standardized_wav\esc50\4-161105-B-47.wav,val,3.0,5.0,data\features\esc50\4-161105-B-47_seg03.npy
data\segments\esc50\4-161127-A-10_seg00.wav,Water,ESC-50,data\standardized_wav\esc50\4-161127-A-10.wav,val,0.0,2.0,data\features\esc50\4-161127-A-10_seg00.npy
data\segments\esc50\4-161127-A-10_seg01.wav,Water,ESC-50,data\standardized_wav\esc50\4-161127-A-10.wav,val,1.0,3.0,data\features\esc50\4-161127-A-10_seg01.npy
data\segments\esc50\4-161127-A-10_seg02.wav,Water,ESC-50,data\standardized_wav\esc50\4-161127-A-10.wav,val,2.0,4.0,data\features\esc50\4-161127-A-10_seg02.npy
data\segments\esc50\4-161127-A-10_seg03.wav,Water,ESC-50,data\standardized_wav\esc50\4-161127-A-10.wav,val,3.0,5.0,data\features\esc50\4-161127-A-10_seg03.npy
data\segments\esc50\4-161519-A-19_seg00.wav,Thunder,ESC-50,data\standardized_wav\esc50\4-161519-A-19.wav,val,0.0,2.0,data\features\esc50\4-161519-A-19_seg00.npy
data\segments\esc50\4-161519-A-19_seg01.wav,Thunder,ESC-50,data\standardized_wav\esc50\4-161519-A-19.wav,val,1.0,3.0,data\features\esc50\4-161519-A-19_seg01.npy
data\segments\esc50\4-161519-A-19_seg02.wav,Thunder,ESC-50,data\standardized_wav\esc50\4-161519-A-19.wav,val,2.0,4.0,data\features\esc50\4-161519-A-19_seg02.npy
data\segments\esc50\4-161519-A-19_seg03.wav,Thunder,ESC-50,data\standardized_wav\esc50\4-161519-A-19.wav,val,3.0,5.0,data\features\esc50\4-161519-A-19_seg03.npy
data\segments\esc50\4-161579-A-40_seg00.wav,Negative,ESC-50,data\standardized_wav\esc50\4-161579-A-40.wav,val,0.0,2.0,data\features\esc50\4-161579-A-40_seg00.npy
data\segments\esc50\4-161579-A-40_seg01.wav,Negative,ESC-50,data\standardized_wav\esc50\4-161579-A-40.wav,val,1.0,3.0,data\features\esc50\4-161579-A-40_seg01.npy
data\segments\esc50\4-161579-A-40_seg02.wav,Negative,ESC-50,data\standardized_wav\esc50\4-161579-A-40.wav,val,2.0,4.0,data\features\esc50\4-161579-A-40_seg02.npy
data\segments\esc50\4-161579-A-40_seg03.wav,Negative,ESC-50,data\standardized_wav\esc50\4-161579-A-40.wav,val,3.0,5.0,data\features\esc50\4-161579-A-40_seg03.npy
data\segments\esc50\4-161579-B-40_seg00.wav,Negative,ESC-50,data\standardized_wav\esc50\4-161579-B-40.wav,val,0.0,2.0,data\features\esc50\4-161579-B-40_seg00.npy
data\segments\esc50\4-161579-B-40_seg01.wav,Negative,ESC-50,data\standardized_wav\esc50\4-161579-B-40.wav,val,1.0,3.0,data\features\esc50\4-161579-B-40_seg01.npy
data\segments\esc50\4-161579-B-40_seg02.wav,Negative,ESC-50,data\standardized_wav\esc50\4-161579-B-40.wav,val,2.0,4.0,data\features\esc50\4-161579-B-40_seg02.npy
data\segments\esc50\4-161579-B-40_seg03.wav,Negative,ESC-50,data\standardized_wav\esc50\4-161579-B-40.wav,val,3.0,5.0,data\features\esc50\4-161579-B-40_seg03.npy
data\segments\esc50\4-163264-A-10_seg00.wav,Water,ESC-50,data\standardized_wav\esc50\4-163264-A-10.wav,val,0.0,2.0,data\features\esc50\4-163264-A-10_seg00.npy
data\segments\esc50\4-163264-A-10_seg01.wav,Water,ESC-50,data\standardized_wav\esc50\4-163264-A-10.wav,val,1.0,3.0,data\features\esc50\4-163264-A-10_seg01.npy
data\segments\esc50\4-163264-A-10_seg02.wav,Water,ESC-50,data\standardized_wav\esc50\4-163264-A-10.wav,val,2.0,4.0,data\features\esc50\4-163264-A-10_seg02.npy
data\segments\esc50\4-163264-A-10_seg03.wav,Water,ESC-50,data\standardized_wav\esc50\4-163264-A-10.wav,val,3.0,5.0,data\features\esc50\4-163264-A-10_seg03.npy
data\segments\esc50\4-163606-A-16_seg00.wav,Negative,ESC-50,data\standardized_wav\esc50\4-163606-A-16.wav,val,0.0,2.0,data\features\esc50\4-163606-A-16_seg00.npy
data\segments\esc50\4-163606-A-16_seg01.wav,Negative,ESC-50,data\standardized_wav\esc50\4-163606-A-16.wav,val,1.0,3.0,data\features\esc50\4-163606-A-16_seg01.npy
data\segments\esc50\4-163606-A-16_seg02.wav,Negative,ESC-50,data\standardized_wav\esc50\4-163606-A-16.wav,val,2.0,4.0,data\features\esc50\4-163606-A-16_seg02.npy
data\segments\esc50\4-163606-A-16_seg03.wav,Negative,ESC-50,data\standardized_wav\esc50\4-163606-A-16.wav,val,3.0,5.0,data\features\esc50\4-163606-A-16_seg03.npy
data\segments\esc50\4-163608-B-16_seg00.wav,Negative,ESC-50,data\standardized_wav\esc50\4-163608-B-16.wav,val,0.0,2.0,data\features\esc50\4-163608-B-16_seg00.npy
data\segments\esc50\4-163608-B-16_seg01.wav,Negative,ESC-50,data\standardized_wav\esc50\4-163608-B-16.wav,val,1.0,3.0,data\features\esc50\4-163608-B-16_seg01.npy
data\segments\esc50\4-163608-B-16_seg02.wav,Negative,ESC-50,data\standardized_wav\esc50\4-163608-B-16.wav,val,2.0,4.0,data\features\esc50\4-163608-B-16_seg02.npy
data\segments\esc50\4-163608-B-16_seg03.wav,Negative,ESC-50,data\standardized_wav\esc50\4-163608-B-16.wav,val,3.0,5.0,data\features\esc50\4-163608-B-16_seg03.npy
data\segments\esc50\4-163609-A-16_seg00.wav,Negative,ESC-50,data\standardized_wav\esc50\4-163609-A-16.wav,val,0.0,2.0,data\features\esc50\4-163609-A-16_seg00.npy
data\segments\esc50\4-163609-A-16_seg01.wav,Negative,ESC-50,data\standardized_wav\esc50\4-163609-A-16.wav,val,1.0,3.0,data\features\esc50\4-163609-A-16_seg01.npy
data\segments\esc50\4-163609-A-16_seg02.wav,Negative,ESC-50,data\standardized_wav\esc50\4-163609-A-16.wav,val,2.0,4.0,data\features\esc50\4-163609-A-16_seg02.npy
data\segments\esc50\4-163609-A-16_seg03.wav,Negative,ESC-50,data\standardized_wav\esc50\4-163609-A-16.wav,val,3.0,5.0,data\features\esc50\4-163609-A-16_seg03.npy
data\segments\esc50\4-163609-B-16_seg00.wav,Negative,ESC-50,data\standardized_wav\esc50\4-163609-B-16.wav,val,0.0,2.0,data\features\esc50\4-163609-B-16_seg00.npy
data\segments\esc50\4-163609-B-16_seg01.wav,Negative,ESC-50,data\standardized_wav\esc50\4-163609-B-16.wav,val,1.0,3.0,data\features\esc50\4-163609-B-16_seg01.npy
data\segments\esc50\4-163609-B-16_seg02.wav,Negative,ESC-50,data\standardized_wav\esc50\4-163609-B-16.wav,val,2.0,4.0,data\features\esc50\4-163609-B-16_seg02.npy
data\segments\esc50\4-163609-B-16_seg03.wav,Negative,ESC-50,data\standardized_wav\esc50\4-163609-B-16.wav,val,3.0,5.0,data\features\esc50\4-163609-B-16_seg03.npy
data\segments\esc50\4-164206-A-10_seg00.wav,Water,ESC-50,data\standardized_wav\esc50\4-164206-A-10.wav,val,0.0,2.0,data\features\esc50\4-164206-A-10_seg00.npy
data\segments\esc50\4-164206-A-10_seg01.wav,Water,ESC-50,data\standardized_wav\esc50\4-164206-A-10.wav,val,1.0,3.0,data\features\esc50\4-164206-A-10_seg01.npy
data\segments\esc50\4-164206-A-10_seg02.wav,Water,ESC-50,data\standardized_wav\esc50\4-164206-A-10.wav,val,2.0,4.0,data\features\esc50\4-164206-A-10_seg02.npy
data\segments\esc50\4-164206-A-10_seg03.wav,Water,ESC-50,data\standardized_wav\esc50\4-164206-A-10.wav,val,3.0,5.0,data\features\esc50\4-164206-A-10_seg03.npy
data\segments\esc50\4-164661-A-12_seg00.wav,Fire,ESC-50,data\standardized_wav\esc50\4-164661-A-12.wav,val,0.0,2.0,data\features\esc50\4-164661-A-12_seg00.npy
data\segments\esc50\4-164661-A-12_seg01.wav,Fire,ESC-50,data\standardized_wav\esc50\4-164661-A-12.wav,val,1.0,3.0,data\features\esc50\4-164661-A-12_seg01.npy
data\segments\esc50\4-164661-A-12_seg02.wav,Fire,ESC-50,data\standardized_wav\esc50\4-164661-A-12.wav,val,2.0,4.0,data\features\esc50\4-164661-A-12_seg02.npy
data\segments\esc50\4-164661-A-12_seg03.wav,Fire,ESC-50,data\standardized_wav\esc50\4-164661-A-12.wav,val,3.0,5.0,data\features\esc50\4-164661-A-12_seg03.npy
data\segments\esc50\4-164661-B-12_seg00.wav,Fire,ESC-50,data\standardized_wav\esc50\4-164661-B-12.wav,val,0.0,2.0,data\features\esc50\4-164661-B-12_seg00.npy
data\segments\esc50\4-164661-B-12_seg01.wav,Fire,ESC-50,data\standardized_wav\esc50\4-164661-B-12.wav,val,1.0,3.0,data\features\esc50\4-164661-B-12_seg01.npy
data\segments\esc50\4-164661-B-12_seg02.wav,Fire,ESC-50,data\standardized_wav\esc50\4-164661-B-12.wav,val,2.0,4.0,data\features\esc50\4-164661-B-12_seg02.npy
data\segments\esc50\4-164661-B-12_seg03.wav,Fire,ESC-50,data\standardized_wav\esc50\4-164661-B-12.wav,val,3.0,5.0,data\features\esc50\4-164661-B-12_seg03.npy
data\segments\esc50\4-165606-A-45_seg00.wav,Negative,ESC-50,data\standardized_wav\esc50\4-165606-A-45.wav,val,0.0,2.0,data\features\esc50\4-165606-A-45_seg00.npy
data\segments\esc50\4-165606-A-45_seg01.wav,Negative,ESC-50,data\standardized_wav\esc50\4-165606-A-45.wav,val,1.0,3.0,data\features\esc50\4-165606-A-45_seg01.npy
data\segments\esc50\4-165606-A-45_seg02.wav,Negative,ESC-50,data\standardized_wav\esc50\4-165606-A-45.wav,val,2.0,4.0,data\features\esc50\4-165606-A-45_seg02.npy
data\segments\esc50\4-165606-A-45_seg03.wav,Negative,ESC-50,data\standardized_wav\esc50\4-165606-A-45.wav,val,3.0,5.0,data\features\esc50\4-165606-A-45_seg03.npy
data\segments\esc50\4-165791-A-45_seg00.wav,Negative,ESC-50,data\standardized_wav\esc50\4-165791-A-45.wav,val,0.0,2.0,data\features\esc50\4-165791-A-45_seg00.npy
data\segments\esc50\4-165791-A-45_seg01.wav,Negative,ESC-50,data\standardized_wav\esc50\4-165791-A-45.wav,val,1.0,3.0,data\features\esc50\4-165791-A-45_seg01.npy
data\segments\esc50\4-165791-A-45_seg02.wav,Negative,ESC-50,data\standardized_wav\esc50\4-165791-A-45.wav,val,2.0,4.0,data\features\esc50\4-165791-A-45_seg02.npy
data\segments\esc50\4-165791-A-45_seg03.wav,Negative,ESC-50,data\standardized_wav\esc50\4-165791-A-45.wav,val,3.0,5.0,data\features\esc50\4-165791-A-45_seg03.npy
data\segments\esc50\4-165791-B-45_seg00.wav,Negative,ESC-50,data\standardized_wav\esc50\4-165791-B-45.wav,val,0.0,2.0,data\features\esc50\4-165791-B-45_seg00.npy
data\segments\esc50\4-165791-B-45_seg01.wav,Negative,ESC-50,data\standardized_wav\esc50\4-165791-B-45.wav,val,1.0,3.0,data\features\esc50\4-165791-B-45_seg01.npy
data\segments\esc50\4-165791-B-45_seg02.wav,Negative,ESC-50,data\standardized_wav\esc50\4-165791-B-45.wav,val,2.0,4.0,data\features\esc50\4-165791-B-45_seg02.npy
data\segments\esc50\4-165791-B-45_seg03.wav,Negative,ESC-50,data\standardized_wav\esc50\4-165791-B-45.wav,val,3.0,5.0,data\features\esc50\4-165791-B-45_seg03.npy
data\segments\esc50\4-165813-A-19_seg00.wav,Thunder,ESC-50,data\standardized_wav\esc50\4-165813-A-19.wav,val,0.0,2.0,data\features\esc50\4-165813-A-19_seg00.npy
data\segments\esc50\4-165813-A-19_seg01.wav,Thunder,ESC-50,data\standardized_wav\esc50\4-165813-A-19.wav,val,1.0,3.0,data\features\esc50\4-165813-A-19_seg01.npy
data\segments\esc50\4-165813-A-19_seg02.wav,Thunder,ESC-50,data\standardized_wav\esc50\4-165813-A-19.wav,val,2.0,4.0,data\features\esc50\4-165813-A-19_seg02.npy
data\segments\esc50\4-165813-A-19_seg03.wav,Thunder,ESC-50,data\standardized_wav\esc50\4-165813-A-19.wav,val,3.0,5.0,data\features\esc50\4-165813-A-19_seg03.npy
data\segments\esc50\4-165813-B-19_seg00.wav,Thunder,ESC-50,data\standardized_wav\esc50\4-165813-B-19.wav,val,0.0,2.0,data\features\esc50\4-165813-B-19_seg00.npy
data\segments\esc50\4-165813-B-19_seg01.wav,Thunder,ESC-50,data\standardized_wav\esc50\4-165813-B-19.wav,val,1.0,3.0,data\features\esc50\4-165813-B-19_seg01.npy
data\segments\esc50\4-165813-B-19_seg02.wav,Thunder,ESC-50,data\standardized_wav\esc50\4-165813-B-19.wav,val,2.0,4.0,data\features\esc50\4-165813-B-19_seg02.npy
data\segments\esc50\4-165813-B-19_seg03.wav,Thunder,ESC-50,data\standardized_wav\esc50\4-165813-B-19.wav,val,3.0,5.0,data\features\esc50\4-165813-B-19_seg03.npy
data\segments\esc50\4-165845-A-45_seg00.wav,Negative,ESC-50,data\standardized_wav\esc50\4-165845-A-45.wav,val,0.0,2.0,data\features\esc50\4-165845-A-45_seg00.npy
data\segments\esc50\4-165845-A-45_seg01.wav,Negative,ESC-50,data\standardized_wav\esc50\4-165845-A-45.wav,val,1.0,3.0,data\features\esc50\4-165845-A-45_seg01.npy
data\segments\esc50\4-165845-A-45_seg02.wav,Negative,ESC-50,data\standardized_wav\esc50\4-165845-A-45.wav,val,2.0,4.0,data\features\esc50\4-165845-A-45_seg02.npy
data\segments\esc50\4-165845-A-45_seg03.wav,Negative,ESC-50,data\standardized_wav\esc50\4-165845-A-45.wav,val,3.0,5.0,data\features\esc50\4-165845-A-45_seg03.npy
data\segments\esc50\4-165845-B-45_seg00.wav,Negative,ESC-50,data\standardized_wav\esc50\4-165845-B-45.wav,val,0.0,2.0,data\features\esc50\4-165845-B-45_seg00.npy
data\segments\esc50\4-165845-B-45_seg01.wav,Negative,ESC-50,data\standardized_wav\esc50\4-165845-B-45.wav,val,1.0,3.0,data\features\esc50\4-165845-B-45_seg01.npy
data\segments\esc50\4-165845-B-45_seg02.wav,Negative,ESC-50,data\standardized_wav\esc50\4-165845-B-45.wav,val,2.0,4.0,data\features\esc50\4-165845-B-45_seg02.npy
data\segments\esc50\4-165845-B-45_seg03.wav,Negative,ESC-50,data\standardized_wav\esc50\4-165845-B-45.wav,val,3.0,5.0,data\features\esc50\4-165845-B-45_seg03.npy
data\segments\esc50\4-165933-A-45_seg00.wav,Negative,ESC-50,data\standardized_wav\esc50\4-165933-A-45.wav,val,0.0,2.0,data\features\esc50\4-165933-A-45_seg00.npy
data\segments\esc50\4-165933-A-45_seg01.wav,Negative,ESC-50,data\standardized_wav\esc50\4-165933-A-45.wav,val,1.0,3.0,data\features\esc50\4-165933-A-45_seg01.npy
data\segments\esc50\4-165933-A-45_seg02.wav,Negative,ESC-50,data\standardized_wav\esc50\4-165933-A-45.wav,val,2.0,4.0,data\features\esc50\4-165933-A-45_seg02.npy
data\segments\esc50\4-165933-A-45_seg03.wav,Negative,ESC-50,data\standardized_wav\esc50\4-165933-A-45.wav,val,3.0,5.0,data\features\esc50\4-165933-A-45_seg03.npy
data\segments\esc50\4-166661-A-10_seg00.wav,Water,ESC-50,data\standardized_wav\esc50\4-166661-A-10.wav,val,0.0,2.0,data\features\esc50\4-166661-A-10_seg00.npy
data\segments\esc50\4-166661-A-10_seg01.wav,Water,ESC-50,data\standardized_wav\esc50\4-166661-A-10.wav,val,1.0,3.0,data\features\esc50\4-166661-A-10_seg01.npy
data\segments\esc50\4-166661-A-10_seg02.wav,Water,ESC-50,data\standardized_wav\esc50\4-166661-A-10.wav,val,2.0,4.0,data\features\esc50\4-166661-A-10_seg02.npy
data\segments\esc50\4-166661-A-10_seg03.wav,Water,ESC-50,data\standardized_wav\esc50\4-166661-A-10.wav,val,3.0,5.0,data\features\esc50\4-166661-A-10_seg03.npy
data\segments\esc50\4-168446-A-45_seg00.wav,Negative,ESC-50,data\standardized_wav\esc50\4-168446-A-45.wav,val,0.0,2.0,data\features\esc50\4-168446-A-45_seg00.npy
data\segments\esc50\4-168446-A-45_seg01.wav,Negative,ESC-50,data\standardized_wav\esc50\4-168446-A-45.wav,val,1.0,3.0,data\features\esc50\4-168446-A-45_seg01.npy
data\segments\esc50\4-168446-A-45_seg02.wav,Negative,ESC-50,data\standardized_wav\esc50\4-168446-A-45.wav,val,2.0,4.0,data\features\esc50\4-168446-A-45_seg02.npy
data\segments\esc50\4-168446-A-45_seg03.wav,Negative,ESC-50,data\standardized_wav\esc50\4-168446-A-45.wav,val,3.0,5.0,data\features\esc50\4-168446-A-45_seg03.npy
data\segments\esc50\4-170247-A-12_seg00.wav,Fire,ESC-50,data\standardized_wav\esc50\4-170247-A-12.wav,val,0.0,2.0,data\features\esc50\4-170247-A-12_seg00.npy
data\segments\esc50\4-170247-A-12_seg01.wav,Fire,ESC-50,data\standardized_wav\esc50\4-170247-A-12.wav,val,1.0,3.0,data\features\esc50\4-170247-A-12_seg01.npy
data\segments\esc50\4-170247-A-12_seg02.wav,Fire,ESC-50,data\standardized_wav\esc50\4-170247-A-12.wav,val,2.0,4.0,data\features\esc50\4-170247-A-12_seg02.npy
data\segments\esc50\4-170247-A-12_seg03.wav,Fire,ESC-50,data\standardized_wav\esc50\4-170247-A-12.wav,val,3.0,5.0,data\features\esc50\4-170247-A-12_seg03.npy
data\segments\esc50\4-170247-B-12_seg00.wav,Fire,ESC-50,data\standardized_wav\esc50\4-170247-B-12.wav,val,0.0,2.0,data\features\esc50\4-170247-B-12_seg00.npy
data\segments\esc50\4-170247-B-12_seg01.wav,Fire,ESC-50,data\standardized_wav\esc50\4-170247-B-12.wav,val,1.0,3.0,data\features\esc50\4-170247-B-12_seg01.npy
data\segments\esc50\4-170247-B-12_seg02.wav,Fire,ESC-50,data\standardized_wav\esc50\4-170247-B-12.wav,val,2.0,4.0,data\features\esc50\4-170247-B-12_seg02.npy
data\segments\esc50\4-170247-B-12_seg03.wav,Fire,ESC-50,data\standardized_wav\esc50\4-170247-B-12.wav,val,3.0,5.0,data\features\esc50\4-170247-B-12_seg03.npy
data\segments\esc50\4-171207-A-12_seg00.wav,Fire,ESC-50,data\standardized_wav\esc50\4-171207-A-12.wav,val,0.0,2.0,data\features\esc50\4-171207-A-12_seg00.npy
data\segments\esc50\4-171207-A-12_seg01.wav,Fire,ESC-50,data\standardized_wav\esc50\4-171207-A-12.wav,val,1.0,3.0,data\features\esc50\4-171207-A-12_seg01.npy
data\segments\esc50\4-171207-A-12_seg02.wav,Fire,ESC-50,data\standardized_wav\esc50\4-171207-A-12.wav,val,2.0,4.0,data\features\esc50\4-171207-A-12_seg02.npy
data\segments\esc50\4-171207-A-12_seg03.wav,Fire,ESC-50,data\standardized_wav\esc50\4-171207-A-12.wav,val,3.0,5.0,data\features\esc50\4-171207-A-12_seg03.npy
data\segments\esc50\4-175000-A-40_seg00.wav,Negative,ESC-50,data\standardized_wav\esc50\4-175000-A-40.wav,val,0.0,2.0,data\features\esc50\4-175000-A-40_seg00.npy
data\segments\esc50\4-175000-A-40_seg01.wav,Negative,ESC-50,data\standardized_wav\esc50\4-175000-A-40.wav,val,1.0,3.0,data\features\esc50\4-175000-A-40_seg01.npy
data\segments\esc50\4-175000-A-40_seg02.wav,Negative,ESC-50,data\standardized_wav\esc50\4-175000-A-40.wav,val,2.0,4.0,data\features\esc50\4-175000-A-40_seg02.npy
data\segments\esc50\4-175000-A-40_seg03.wav,Negative,ESC-50,data\standardized_wav\esc50\4-175000-A-40.wav,val,3.0,5.0,data\features\esc50\4-175000-A-40_seg03.npy
data\segments\esc50\4-175000-B-40_seg00.wav,Negative,ESC-50,data\standardized_wav\esc50\4-175000-B-40.wav,val,0.0,2.0,data\features\esc50\4-175000-B-40_seg00.npy
data\segments\esc50\4-175000-B-40_seg01.wav,Negative,ESC-50,data\standardized_wav\esc50\4-175000-B-40.wav,val,1.0,3.0,data\features\esc50\4-175000-B-40_seg01.npy
data\segments\esc50\4-175000-B-40_seg02.wav,Negative,ESC-50,data\standardized_wav\esc50\4-175000-B-40.wav,val,2.0,4.0,data\features\esc50\4-175000-B-40_seg02.npy
data\segments\esc50\4-175000-B-40_seg03.wav,Negative,ESC-50,data\standardized_wav\esc50\4-175000-B-40.wav,val,3.0,5.0,data\features\esc50\4-175000-B-40_seg03.npy
data\segments\esc50\4-175000-C-40_seg00.wav,Negative,ESC-50,data\standardized_wav\esc50\4-175000-C-40.wav,val,0.0,2.0,data\features\esc50\4-175000-C-40_seg00.npy
data\segments\esc50\4-175000-C-40_seg01.wav,Negative,ESC-50,data\standardized_wav\esc50\4-175000-C-40.wav,val,1.0,3.0,data\features\esc50\4-175000-C-40_seg01.npy
data\segments\esc50\4-175000-C-40_seg02.wav,Negative,ESC-50,data\standardized_wav\esc50\4-175000-C-40.wav,val,2.0,4.0,data\features\esc50\4-175000-C-40_seg02.npy
data\segments\esc50\4-175000-C-40_seg03.wav,Negative,ESC-50,data\standardized_wav\esc50\4-175000-C-40.wav,val,3.0,5.0,data\features\esc50\4-175000-C-40_seg03.npy
data\segments\esc50\4-177250-A-10_seg00.wav,Water,ESC-50,data\standardized_wav\esc50\4-177250-A-10.wav,val,0.0,2.0,data\features\esc50\4-177250-A-10_seg00.npy
data\segments\esc50\4-177250-A-10_seg01.wav,Water,ESC-50,data\standardized_wav\esc50\4-177250-A-10.wav,val,1.0,3.0,data\features\esc50\4-177250-A-10_seg01.npy
data\segments\esc50\4-177250-A-10_seg02.wav,Water,ESC-50,data\standardized_wav\esc50\4-177250-A-10.wav,val,2.0,4.0,data\features\esc50\4-177250-A-10_seg02.npy
data\segments\esc50\4-177250-A-10_seg03.wav,Water,ESC-50,data\standardized_wav\esc50\4-177250-A-10.wav,val,3.0,5.0,data\features\esc50\4-177250-A-10_seg03.npy
data\segments\esc50\4-178881-A-45_seg00.wav,Negative,ESC-50,data\standardized_wav\esc50\4-178881-A-45.wav,val,0.0,2.0,data\features\esc50\4-178881-A-45_seg00.npy
data\segments\esc50\4-178881-A-45_seg01.wav,Negative,ESC-50,data\standardized_wav\esc50\4-178881-A-45.wav,val,1.0,3.0,data\features\esc50\4-178881-A-45_seg01.npy
data\segments\esc50\4-178881-A-45_seg02.wav,Negative,ESC-50,data\standardized_wav\esc50\4-178881-A-45.wav,val,2.0,4.0,data\features\esc50\4-178881-A-45_seg02.npy
data\segments\esc50\4-178881-A-45_seg03.wav,Negative,ESC-50,data\standardized_wav\esc50\4-178881-A-45.wav,val,3.0,5.0,data\features\esc50\4-178881-A-45_seg03.npy
data\segments\esc50\4-180380-A-10_seg00.wav,Water,ESC-50,data\standardized_wav\esc50\4-180380-A-10.wav,val,0.0,2.0,data\features\esc50\4-180380-A-10_seg00.npy
data\segments\esc50\4-180380-A-10_seg01.wav,Water,ESC-50,data\standardized_wav\esc50\4-180380-A-10.wav,val,1.0,3.0,data\features\esc50\4-180380-A-10_seg01.npy
data\segments\esc50\4-180380-A-10_seg02.wav,Water,ESC-50,data\standardized_wav\esc50\4-180380-A-10.wav,val,2.0,4.0,data\features\esc50\4-180380-A-10_seg02.npy
data\segments\esc50\4-180380-A-10_seg03.wav,Water,ESC-50,data\standardized_wav\esc50\4-180380-A-10.wav,val,3.0,5.0,data\features\esc50\4-180380-A-10_seg03.npy
data\segments\esc50\4-181286-A-10_seg00.wav,Water,ESC-50,data\standardized_wav\esc50\4-181286-A-10.wav,val,0.0,2.0,data\features\esc50\4-181286-A-10_seg00.npy
data\segments\esc50\4-181286-A-10_seg01.wav,Water,ESC-50,data\standardized_wav\esc50\4-181286-A-10.wav,val,1.0,3.0,data\features\esc50\4-181286-A-10_seg01.npy
data\segments\esc50\4-181286-A-10_seg02.wav,Water,ESC-50,data\standardized_wav\esc50\4-181286-A-10.wav,val,2.0,4.0,data\features\esc50\4-181286-A-10_seg02.npy
data\segments\esc50\4-181286-A-10_seg03.wav,Water,ESC-50,data\standardized_wav\esc50\4-181286-A-10.wav,val,3.0,5.0,data\features\esc50\4-181286-A-10_seg03.npy
data\segments\esc50\4-181563-A-12_seg00.wav,Fire,ESC-50,data\standardized_wav\esc50\4-181563-A-12.wav,val,0.0,2.0,data\features\esc50\4-181563-A-12_seg00.npy
data\segments\esc50\4-181563-A-12_seg01.wav,Fire,ESC-50,data\standardized_wav\esc50\4-181563-A-12.wav,val,1.0,3.0,data\features\esc50\4-181563-A-12_seg01.npy
data\segments\esc50\4-181563-A-12_seg02.wav,Fire,ESC-50,data\standardized_wav\esc50\4-181563-A-12.wav,val,2.0,4.0,data\features\esc50\4-181563-A-12_seg02.npy
data\segments\esc50\4-181563-A-12_seg03.wav,Fire,ESC-50,data\standardized_wav\esc50\4-181563-A-12.wav,val,3.0,5.0,data\features\esc50\4-181563-A-12_seg03.npy
data\segments\esc50\4-182368-A-12_seg00.wav,Fire,ESC-50,data\standardized_wav\esc50\4-182368-A-12.wav,val,0.0,2.0,data\features\esc50\4-182368-A-12_seg00.npy
data\segments\esc50\4-182368-A-12_seg01.wav,Fire,ESC-50,data\standardized_wav\esc50\4-182368-A-12.wav,val,1.0,3.0,data\features\esc50\4-182368-A-12_seg01.npy
data\segments\esc50\4-182368-A-12_seg02.wav,Fire,ESC-50,data\standardized_wav\esc50\4-182368-A-12.wav,val,2.0,4.0,data\features\esc50\4-182368-A-12_seg02.npy
data\segments\esc50\4-182368-A-12_seg03.wav,Fire,ESC-50,data\standardized_wav\esc50\4-182368-A-12.wav,val,3.0,5.0,data\features\esc50\4-182368-A-12_seg03.npy
data\segments\esc50\4-182369-A-12_seg00.wav,Fire,ESC-50,data\standardized_wav\esc50\4-182369-A-12.wav,val,0.0,2.0,data\features\esc50\4-182369-A-12_seg00.npy
data\segments\esc50\4-182369-A-12_seg01.wav,Fire,ESC-50,data\standardized_wav\esc50\4-182369-A-12.wav,val,1.0,3.0,data\features\esc50\4-182369-A-12_seg01.npy
data\segments\esc50\4-182369-A-12_seg02.wav,Fire,ESC-50,data\standardized_wav\esc50\4-182369-A-12.wav,val,2.0,4.0,data\features\esc50\4-182369-A-12_seg02.npy
data\segments\esc50\4-182369-A-12_seg03.wav,Fire,ESC-50,data\standardized_wav\esc50\4-182369-A-12.wav,val,3.0,5.0,data\features\esc50\4-182369-A-12_seg03.npy
data\segments\esc50\4-193480-A-40_seg00.wav,Negative,ESC-50,data\standardized_wav\esc50\4-193480-A-40.wav,val,0.0,2.0,data\features\esc50\4-193480-A-40_seg00.npy
data\segments\esc50\4-193480-A-40_seg01.wav,Negative,ESC-50,data\standardized_wav\esc50\4-193480-A-40.wav,val,1.0,3.0,data\features\esc50\4-193480-A-40_seg01.npy
data\segments\esc50\4-193480-A-40_seg02.wav,Negative,ESC-50,data\standardized_wav\esc50\4-193480-A-40.wav,val,2.0,4.0,data\features\esc50\4-193480-A-40_seg02.npy
data\segments\esc50\4-193480-A-40_seg03.wav,Negative,ESC-50,data\standardized_wav\esc50\4-193480-A-40.wav,val,3.0,5.0,data\features\esc50\4-193480-A-40_seg03.npy
data\segments\esc50\4-193480-B-40_seg00.wav,Negative,ESC-50,data\standardized_wav\esc50\4-193480-B-40.wav,val,0.0,2.0,data\features\esc50\4-193480-B-40_seg00.npy
data\segments\esc50\4-193480-B-40_seg01.wav,Negative,ESC-50,data\standardized_wav\esc50\4-193480-B-40.wav,val,1.0,3.0,data\features\esc50\4-193480-B-40_seg01.npy
data\segments\esc50\4-193480-B-40_seg02.wav,Negative,ESC-50,data\standardized_wav\esc50\4-193480-B-40.wav,val,2.0,4.0,data\features\esc50\4-193480-B-40_seg02.npy
data\segments\esc50\4-193480-B-40_seg03.wav,Negative,ESC-50,data\standardized_wav\esc50\4-193480-B-40.wav,val,3.0,5.0,data\features\esc50\4-193480-B-40_seg03.npy
data\segments\esc50\4-251959-A-47_seg00.wav,Negative,ESC-50,data\standardized_wav\esc50\4-251959-A-47.wav,val,0.0,2.0,data\features\esc50\4-251959-A-47_seg00.npy
data\segments\esc50\4-251959-A-47_seg01.wav,Negative,ESC-50,data\standardized_wav\esc50\4-251959-A-47.wav,val,1.0,3.0,data\features\esc50\4-251959-A-47_seg01.npy
data\segments\esc50\4-251959-A-47_seg02.wav,Negative,ESC-50,data\standardized_wav\esc50\4-251959-A-47.wav,val,2.0,4.0,data\features\esc50\4-251959-A-47_seg02.npy
data\segments\esc50\4-251959-A-47_seg03.wav,Negative,ESC-50,data\standardized_wav\esc50\4-251959-A-47.wav,val,3.0,5.0,data\features\esc50\4-251959-A-47_seg03.npy
data\segments\esc50\4-255371-A-47_seg00.wav,Negative,ESC-50,data\standardized_wav\esc50\4-255371-A-47.wav,val,0.0,2.0,data\features\esc50\4-255371-A-47_seg00.npy
data\segments\esc50\4-255371-A-47_seg01.wav,Negative,ESC-50,data\standardized_wav\esc50\4-255371-A-47.wav,val,1.0,3.0,data\features\esc50\4-255371-A-47_seg01.npy
data\segments\esc50\4-255371-A-47_seg02.wav,Negative,ESC-50,data\standardized_wav\esc50\4-255371-A-47.wav,val,2.0,4.0,data\features\esc50\4-255371-A-47_seg02.npy
data\segments\esc50\4-255371-A-47_seg03.wav,Negative,ESC-50,data\standardized_wav\esc50\4-255371-A-47.wav,val,3.0,5.0,data\features\esc50\4-255371-A-47_seg03.npy
data\segments\esc50\5-117773-A-16_seg00.wav,Negative,ESC-50,data\standardized_wav\esc50\5-117773-A-16.wav,test,0.0,2.0,data\features\esc50\5-117773-A-16_seg00.npy
data\segments\esc50\5-117773-A-16_seg01.wav,Negative,ESC-50,data\standardized_wav\esc50\5-117773-A-16.wav,test,1.0,3.0,data\features\esc50\5-117773-A-16_seg01.npy
data\segments\esc50\5-117773-A-16_seg02.wav,Negative,ESC-50,data\standardized_wav\esc50\5-117773-A-16.wav,test,2.0,4.0,data\features\esc50\5-117773-A-16_seg02.npy
data\segments\esc50\5-117773-A-16_seg03.wav,Negative,ESC-50,data\standardized_wav\esc50\5-117773-A-16.wav,test,3.0,5.0,data\features\esc50\5-117773-A-16_seg03.npy
data\segments\esc50\5-156999-A-19_seg00.wav,Thunder,ESC-50,data\standardized_wav\esc50\5-156999-A-19.wav,test,0.0,2.0,data\features\esc50\5-156999-A-19_seg00.npy
data\segments\esc50\5-156999-A-19_seg01.wav,Thunder,ESC-50,data\standardized_wav\esc50\5-156999-A-19.wav,test,1.0,3.0,data\features\esc50\5-156999-A-19_seg01.npy
data\segments\esc50\5-156999-A-19_seg02.wav,Thunder,ESC-50,data\standardized_wav\esc50\5-156999-A-19.wav,test,2.0,4.0,data\features\esc50\5-156999-A-19_seg02.npy
data\segments\esc50\5-156999-A-19_seg03.wav,Thunder,ESC-50,data\standardized_wav\esc50\5-156999-A-19.wav,test,3.0,5.0,data\features\esc50\5-156999-A-19_seg03.npy
data\segments\esc50\5-156999-B-19_seg00.wav,Thunder,ESC-50,data\standardized_wav\esc50\5-156999-B-19.wav,test,0.0,2.0,data\features\esc50\5-156999-B-19_seg00.npy
data\segments\esc50\5-156999-B-19_seg01.wav,Thunder,ESC-50,data\standardized_wav\esc50\5-156999-B-19.wav,test,1.0,3.0,data\features\esc50\5-156999-B-19_seg01.npy
data\segments\esc50\5-156999-B-19_seg02.wav,Thunder,ESC-50,data\standardized_wav\esc50\5-156999-B-19.wav,test,2.0,4.0,data\features\esc50\5-156999-B-19_seg02.npy
data\segments\esc50\5-156999-B-19_seg03.wav,Thunder,ESC-50,data\standardized_wav\esc50\5-156999-B-19.wav,test,3.0,5.0,data\features\esc50\5-156999-B-19_seg03.npy
data\segments\esc50\5-156999-C-19_seg00.wav,Thunder,ESC-50,data\standardized_wav\esc50\5-156999-C-19.wav,test,0.0,2.0,data\features\esc50\5-156999-C-19_seg00.npy
data\segments\esc50\5-156999-C-19_seg01.wav,Thunder,ESC-50,data\standardized_wav\esc50\5-156999-C-19.wav,test,1.0,3.0,data\features\esc50\5-156999-C-19_seg01.npy
data\segments\esc50\5-156999-C-19_seg02.wav,Thunder,ESC-50,data\standardized_wav\esc50\5-156999-C-19.wav,test,2.0,4.0,data\features\esc50\5-156999-C-19_seg02.npy
data\segments\esc50\5-156999-C-19_seg03.wav,Thunder,ESC-50,data\standardized_wav\esc50\5-156999-C-19.wav,test,3.0,5.0,data\features\esc50\5-156999-C-19_seg03.npy
data\segments\esc50\5-156999-D-19_seg00.wav,Thunder,ESC-50,data\standardized_wav\esc50\5-156999-D-19.wav,test,0.0,2.0,data\features\esc50\5-156999-D-19_seg00.npy
data\segments\esc50\5-156999-D-19_seg01.wav,Thunder,ESC-50,data\standardized_wav\esc50\5-156999-D-19.wav,test,1.0,3.0,data\features\esc50\5-156999-D-19_seg01.npy
data\segments\esc50\5-156999-D-19_seg02.wav,Thunder,ESC-50,data\standardized_wav\esc50\5-156999-D-19.wav,test,2.0,4.0,data\features\esc50\5-156999-D-19_seg02.npy
data\segments\esc50\5-156999-D-19_seg03.wav,Thunder,ESC-50,data\standardized_wav\esc50\5-156999-D-19.wav,test,3.0,5.0,data\features\esc50\5-156999-D-19_seg03.npy
data\segments\esc50\5-156999-E-19_seg00.wav,Thunder,ESC-50,data\standardized_wav\esc50\5-156999-E-19.wav,test,0.0,2.0,data\features\esc50\5-156999-E-19_seg00.npy
data\segments\esc50\5-156999-E-19_seg01.wav,Thunder,ESC-50,data\standardized_wav\esc50\5-156999-E-19.wav,test,1.0,3.0,data\features\esc50\5-156999-E-19_seg01.npy
data\segments\esc50\5-156999-E-19_seg02.wav,Thunder,ESC-50,data\standardized_wav\esc50\5-156999-E-19.wav,test,2.0,4.0,data\features\esc50\5-156999-E-19_seg02.npy
data\segments\esc50\5-156999-E-19_seg03.wav,Thunder,ESC-50,data\standardized_wav\esc50\5-156999-E-19.wav,test,3.0,5.0,data\features\esc50\5-156999-E-19_seg03.npy
data\segments\esc50\5-157204-A-16_seg00.wav,Negative,ESC-50,data\standardized_wav\esc50\5-157204-A-16.wav,test,0.0,2.0,data\features\esc50\5-157204-A-16_seg00.npy
data\segments\esc50\5-157204-A-16_seg01.wav,Negative,ESC-50,data\standardized_wav\esc50\5-157204-A-16.wav,test,1.0,3.0,data\features\esc50\5-157204-A-16_seg01.npy
data\segments\esc50\5-157204-A-16_seg02.wav,Negative,ESC-50,data\standardized_wav\esc50\5-157204-A-16.wav,test,2.0,4.0,data\features\esc50\5-157204-A-16_seg02.npy
data\segments\esc50\5-157204-A-16_seg03.wav,Negative,ESC-50,data\standardized_wav\esc50\5-157204-A-16.wav,test,3.0,5.0,data\features\esc50\5-157204-A-16_seg03.npy
data\segments\esc50\5-157204-B-16_seg00.wav,Negative,ESC-50,data\standardized_wav\esc50\5-157204-B-16.wav,test,0.0,2.0,data\features\esc50\5-157204-B-16_seg00.npy
data\segments\esc50\5-157204-B-16_seg01.wav,Negative,ESC-50,data\standardized_wav\esc50\5-157204-B-16.wav,test,1.0,3.0,data\features\esc50\5-157204-B-16_seg01.npy
data\segments\esc50\5-157204-B-16_seg02.wav,Negative,ESC-50,data\standardized_wav\esc50\5-157204-B-16.wav,test,2.0,4.0,data\features\esc50\5-157204-B-16_seg02.npy
data\segments\esc50\5-157204-B-16_seg03.wav,Negative,ESC-50,data\standardized_wav\esc50\5-157204-B-16.wav,test,3.0,5.0,data\features\esc50\5-157204-B-16_seg03.npy
data\segments\esc50\5-177957-A-40_seg00.wav,Negative,ESC-50,data\standardized_wav\esc50\5-177957-A-40.wav,test,0.0,2.0,data\features\esc50\5-177957-A-40_seg00.npy
data\segments\esc50\5-177957-A-40_seg01.wav,Negative,ESC-50,data\standardized_wav\esc50\5-177957-A-40.wav,test,1.0,3.0,data\features\esc50\5-177957-A-40_seg01.npy
data\segments\esc50\5-177957-A-40_seg02.wav,Negative,ESC-50,data\standardized_wav\esc50\5-177957-A-40.wav,test,2.0,4.0,data\features\esc50\5-177957-A-40_seg02.npy
data\segments\esc50\5-177957-A-40_seg03.wav,Negative,ESC-50,data\standardized_wav\esc50\5-177957-A-40.wav,test,3.0,5.0,data\features\esc50\5-177957-A-40_seg03.npy
data\segments\esc50\5-177957-B-40_seg00.wav,Negative,ESC-50,data\standardized_wav\esc50\5-177957-B-40.wav,test,0.0,2.0,data\features\esc50\5-177957-B-40_seg00.npy
data\segments\esc50\5-177957-B-40_seg01.wav,Negative,ESC-50,data\standardized_wav\esc50\5-177957-B-40.wav,test,1.0,3.0,data\features\esc50\5-177957-B-40_seg01.npy
data\segments\esc50\5-177957-B-40_seg02.wav,Negative,ESC-50,data\standardized_wav\esc50\5-177957-B-40.wav,test,2.0,4.0,data\features\esc50\5-177957-B-40_seg02.npy
data\segments\esc50\5-177957-B-40_seg03.wav,Negative,ESC-50,data\standardized_wav\esc50\5-177957-B-40.wav,test,3.0,5.0,data\features\esc50\5-177957-B-40_seg03.npy
data\segments\esc50\5-177957-C-40_seg00.wav,Negative,ESC-50,data\standardized_wav\esc50\5-177957-C-40.wav,test,0.0,2.0,data\features\esc50\5-177957-C-40_seg00.npy
data\segments\esc50\5-177957-C-40_seg01.wav,Negative,ESC-50,data\standardized_wav\esc50\5-177957-C-40.wav,test,1.0,3.0,data\features\esc50\5-177957-C-40_seg01.npy
data\segments\esc50\5-177957-C-40_seg02.wav,Negative,ESC-50,data\standardized_wav\esc50\5-177957-C-40.wav,test,2.0,4.0,data\features\esc50\5-177957-C-40_seg02.npy
data\segments\esc50\5-177957-C-40_seg03.wav,Negative,ESC-50,data\standardized_wav\esc50\5-177957-C-40.wav,test,3.0,5.0,data\features\esc50\5-177957-C-40_seg03.npy
data\segments\esc50\5-177957-D-40_seg00.wav,Negative,ESC-50,data\standardized_wav\esc50\5-177957-D-40.wav,test,0.0,2.0,data\features\esc50\5-177957-D-40_seg00.npy
data\segments\esc50\5-177957-D-40_seg01.wav,Negative,ESC-50,data\standardized_wav\esc50\5-177957-D-40.wav,test,1.0,3.0,data\features\esc50\5-177957-D-40_seg01.npy
data\segments\esc50\5-177957-D-40_seg02.wav,Negative,ESC-50,data\standardized_wav\esc50\5-177957-D-40.wav,test,2.0,4.0,data\features\esc50\5-177957-D-40_seg02.npy
data\segments\esc50\5-177957-D-40_seg03.wav,Negative,ESC-50,data\standardized_wav\esc50\5-177957-D-40.wav,test,3.0,5.0,data\features\esc50\5-177957-D-40_seg03.npy
data\segments\esc50\5-177957-E-40_seg00.wav,Negative,ESC-50,data\standardized_wav\esc50\5-177957-E-40.wav,test,0.0,2.0,data\features\esc50\5-177957-E-40_seg00.npy
data\segments\esc50\5-177957-E-40_seg01.wav,Negative,ESC-50,data\standardized_wav\esc50\5-177957-E-40.wav,test,1.0,3.0,data\features\esc50\5-177957-E-40_seg01.npy
data\segments\esc50\5-177957-E-40_seg02.wav,Negative,ESC-50,data\standardized_wav\esc50\5-177957-E-40.wav,test,2.0,4.0,data\features\esc50\5-177957-E-40_seg02.npy
data\segments\esc50\5-177957-E-40_seg03.wav,Negative,ESC-50,data\standardized_wav\esc50\5-177957-E-40.wav,test,3.0,5.0,data\features\esc50\5-177957-E-40_seg03.npy
data\segments\esc50\5-179496-A-16_seg00.wav,Negative,ESC-50,data\standardized_wav\esc50\5-179496-A-16.wav,test,0.0,2.0,data\features\esc50\5-179496-A-16_seg00.npy
data\segments\esc50\5-179496-A-16_seg01.wav,Negative,ESC-50,data\standardized_wav\esc50\5-179496-A-16.wav,test,1.0,3.0,data\features\esc50\5-179496-A-16_seg01.npy
data\segments\esc50\5-179496-A-16_seg02.wav,Negative,ESC-50,data\standardized_wav\esc50\5-179496-A-16.wav,test,2.0,4.0,data\features\esc50\5-179496-A-16_seg02.npy
data\segments\esc50\5-179496-A-16_seg03.wav,Negative,ESC-50,data\standardized_wav\esc50\5-179496-A-16.wav,test,3.0,5.0,data\features\esc50\5-179496-A-16_seg03.npy
data\segments\esc50\5-179496-B-16_seg00.wav,Negative,ESC-50,data\standardized_wav\esc50\5-179496-B-16.wav,test,0.0,2.0,data\features\esc50\5-179496-B-16_seg00.npy
data\segments\esc50\5-179496-B-16_seg01.wav,Negative,ESC-50,data\standardized_wav\esc50\5-179496-B-16.wav,test,1.0,3.0,data\features\esc50\5-179496-B-16_seg01.npy
data\segments\esc50\5-179496-B-16_seg02.wav,Negative,ESC-50,data\standardized_wav\esc50\5-179496-B-16.wav,test,2.0,4.0,data\features\esc50\5-179496-B-16_seg02.npy
data\segments\esc50\5-179496-B-16_seg03.wav,Negative,ESC-50,data\standardized_wav\esc50\5-179496-B-16.wav,test,3.0,5.0,data\features\esc50\5-179496-B-16_seg03.npy
data\segments\esc50\5-181766-A-10_seg00.wav,Water,ESC-50,data\standardized_wav\esc50\5-181766-A-10.wav,test,0.0,2.0,data\features\esc50\5-181766-A-10_seg00.npy
data\segments\esc50\5-181766-A-10_seg01.wav,Water,ESC-50,data\standardized_wav\esc50\5-181766-A-10.wav,test,1.0,3.0,data\features\esc50\5-181766-A-10_seg01.npy
data\segments\esc50\5-181766-A-10_seg02.wav,Water,ESC-50,data\standardized_wav\esc50\5-181766-A-10.wav,test,2.0,4.0,data\features\esc50\5-181766-A-10_seg02.npy
data\segments\esc50\5-181766-A-10_seg03.wav,Water,ESC-50,data\standardized_wav\esc50\5-181766-A-10.wav,test,3.0,5.0,data\features\esc50\5-181766-A-10_seg03.npy
data\segments\esc50\5-186924-A-12_seg00.wav,Fire,ESC-50,data\standardized_wav\esc50\5-186924-A-12.wav,test,0.0,2.0,data\features\esc50\5-186924-A-12_seg00.npy
data\segments\esc50\5-186924-A-12_seg01.wav,Fire,ESC-50,data\standardized_wav\esc50\5-186924-A-12.wav,test,1.0,3.0,data\features\esc50\5-186924-A-12_seg01.npy
data\segments\esc50\5-186924-A-12_seg02.wav,Fire,ESC-50,data\standardized_wav\esc50\5-186924-A-12.wav,test,2.0,4.0,data\features\esc50\5-186924-A-12_seg02.npy
data\segments\esc50\5-186924-A-12_seg03.wav,Fire,ESC-50,data\standardized_wav\esc50\5-186924-A-12.wav,test,3.0,5.0,data\features\esc50\5-186924-A-12_seg03.npy
data\segments\esc50\5-188495-A-19_seg00.wav,Thunder,ESC-50,data\standardized_wav\esc50\5-188495-A-19.wav,test,0.0,2.0,data\features\esc50\5-188495-A-19_seg00.npy
data\segments\esc50\5-188495-A-19_seg01.wav,Thunder,ESC-50,data\standardized_wav\esc50\5-188495-A-19.wav,test,1.0,3.0,data\features\esc50\5-188495-A-19_seg01.npy
data\segments\esc50\5-188495-A-19_seg02.wav,Thunder,ESC-50,data\standardized_wav\esc50\5-188495-A-19.wav,test,2.0,4.0,data\features\esc50\5-188495-A-19_seg02.npy
data\segments\esc50\5-188495-A-19_seg03.wav,Thunder,ESC-50,data\standardized_wav\esc50\5-188495-A-19.wav,test,3.0,5.0,data\features\esc50\5-188495-A-19_seg03.npy
data\segments\esc50\5-188655-A-10_seg00.wav,Water,ESC-50,data\standardized_wav\esc50\5-188655-A-10.wav,test,0.0,2.0,data\features\esc50\5-188655-A-10_seg00.npy
data\segments\esc50\5-188655-A-10_seg01.wav,Water,ESC-50,data\standardized_wav\esc50\5-188655-A-10.wav,test,1.0,3.0,data\features\esc50\5-188655-A-10_seg01.npy
data\segments\esc50\5-188655-A-10_seg02.wav,Water,ESC-50,data\standardized_wav\esc50\5-188655-A-10.wav,test,2.0,4.0,data\features\esc50\5-188655-A-10_seg02.npy
data\segments\esc50\5-188655-A-10_seg03.wav,Water,ESC-50,data\standardized_wav\esc50\5-188655-A-10.wav,test,3.0,5.0,data\features\esc50\5-188655-A-10_seg03.npy
data\segments\esc50\5-188796-A-45_seg00.wav,Negative,ESC-50,data\standardized_wav\esc50\5-188796-A-45.wav,test,0.0,2.0,data\features\esc50\5-188796-A-45_seg00.npy
data\segments\esc50\5-188796-A-45_seg01.wav,Negative,ESC-50,data\standardized_wav\esc50\5-188796-A-45.wav,test,1.0,3.0,data\features\esc50\5-188796-A-45_seg01.npy
data\segments\esc50\5-188796-A-45_seg02.wav,Negative,ESC-50,data\standardized_wav\esc50\5-188796-A-45.wav,test,2.0,4.0,data\features\esc50\5-188796-A-45_seg02.npy
data\segments\esc50\5-188796-A-45_seg03.wav,Negative,ESC-50,data\standardized_wav\esc50\5-188796-A-45.wav,test,3.0,5.0,data\features\esc50\5-188796-A-45_seg03.npy
data\segments\esc50\5-188945-A-45_seg00.wav,Negative,ESC-50,data\standardized_wav\esc50\5-188945-A-45.wav,test,0.0,2.0,data\features\esc50\5-188945-A-45_seg00.npy
data\segments\esc50\5-188945-A-45_seg01.wav,Negative,ESC-50,data\standardized_wav\esc50\5-188945-A-45.wav,test,1.0,3.0,data\features\esc50\5-188945-A-45_seg01.npy
data\segments\esc50\5-188945-A-45_seg02.wav,Negative,ESC-50,data\standardized_wav\esc50\5-188945-A-45.wav,test,2.0,4.0,data\features\esc50\5-188945-A-45_seg02.npy
data\segments\esc50\5-188945-A-45_seg03.wav,Negative,ESC-50,data\standardized_wav\esc50\5-188945-A-45.wav,test,3.0,5.0,data\features\esc50\5-188945-A-45_seg03.npy
data\segments\esc50\5-189212-A-12_seg00.wav,Fire,ESC-50,data\standardized_wav\esc50\5-189212-A-12.wav,test,0.0,2.0,data\features\esc50\5-189212-A-12_seg00.npy
data\segments\esc50\5-189212-A-12_seg01.wav,Fire,ESC-50,data\standardized_wav\esc50\5-189212-A-12.wav,test,1.0,3.0,data\features\esc50\5-189212-A-12_seg01.npy
data\segments\esc50\5-189212-A-12_seg02.wav,Fire,ESC-50,data\standardized_wav\esc50\5-189212-A-12.wav,test,2.0,4.0,data\features\esc50\5-189212-A-12_seg02.npy
data\segments\esc50\5-189212-A-12_seg03.wav,Fire,ESC-50,data\standardized_wav\esc50\5-189212-A-12.wav,test,3.0,5.0,data\features\esc50\5-189212-A-12_seg03.npy
data\segments\esc50\5-189237-A-12_seg00.wav,Fire,ESC-50,data\standardized_wav\esc50\5-189237-A-12.wav,test,0.0,2.0,data\features\esc50\5-189237-A-12_seg00.npy
data\segments\esc50\5-189237-A-12_seg01.wav,Fire,ESC-50,data\standardized_wav\esc50\5-189237-A-12.wav,test,1.0,3.0,data\features\esc50\5-189237-A-12_seg01.npy
data\segments\esc50\5-189237-A-12_seg02.wav,Fire,ESC-50,data\standardized_wav\esc50\5-189237-A-12.wav,test,2.0,4.0,data\features\esc50\5-189237-A-12_seg02.npy
data\segments\esc50\5-189237-A-12_seg03.wav,Fire,ESC-50,data\standardized_wav\esc50\5-189237-A-12.wav,test,3.0,5.0,data\features\esc50\5-189237-A-12_seg03.npy
data\segments\esc50\5-191131-A-40_seg00.wav,Negative,ESC-50,data\standardized_wav\esc50\5-191131-A-40.wav,test,0.0,2.0,data\features\esc50\5-191131-A-40_seg00.npy
data\segments\esc50\5-191131-A-40_seg01.wav,Negative,ESC-50,data\standardized_wav\esc50\5-191131-A-40.wav,test,1.0,3.0,data\features\esc50\5-191131-A-40_seg01.npy
data\segments\esc50\5-191131-A-40_seg02.wav,Negative,ESC-50,data\standardized_wav\esc50\5-191131-A-40.wav,test,2.0,4.0,data\features\esc50\5-191131-A-40_seg02.npy
data\segments\esc50\5-191131-A-40_seg03.wav,Negative,ESC-50,data\standardized_wav\esc50\5-191131-A-40.wav,test,3.0,5.0,data\features\esc50\5-191131-A-40_seg03.npy
data\segments\esc50\5-192191-A-19_seg00.wav,Thunder,ESC-50,data\standardized_wav\esc50\5-192191-A-19.wav,test,0.0,2.0,data\features\esc50\5-192191-A-19_seg00.npy
data\segments\esc50\5-192191-A-19_seg01.wav,Thunder,ESC-50,data\standardized_wav\esc50\5-192191-A-19.wav,test,1.0,3.0,data\features\esc50\5-192191-A-19_seg01.npy
data\segments\esc50\5-192191-A-19_seg02.wav,Thunder,ESC-50,data\standardized_wav\esc50\5-192191-A-19.wav,test,2.0,4.0,data\features\esc50\5-192191-A-19_seg02.npy
data\segments\esc50\5-192191-A-19_seg03.wav,Thunder,ESC-50,data\standardized_wav\esc50\5-192191-A-19.wav,test,3.0,5.0,data\features\esc50\5-192191-A-19_seg03.npy
data\segments\esc50\5-193339-A-10_seg00.wav,Water,ESC-50,data\standardized_wav\esc50\5-193339-A-10.wav,test,0.0,2.0,data\features\esc50\5-193339-A-10_seg00.npy
data\segments\esc50\5-193339-A-10_seg01.wav,Water,ESC-50,data\standardized_wav\esc50\5-193339-A-10.wav,test,1.0,3.0,data\features\esc50\5-193339-A-10_seg01.npy
data\segments\esc50\5-193339-A-10_seg02.wav,Water,ESC-50,data\standardized_wav\esc50\5-193339-A-10.wav,test,2.0,4.0,data\features\esc50\5-193339-A-10_seg02.npy
data\segments\esc50\5-193339-A-10_seg03.wav,Water,ESC-50,data\standardized_wav\esc50\5-193339-A-10.wav,test,3.0,5.0,data\features\esc50\5-193339-A-10_seg03.npy
data\segments\esc50\5-193473-A-12_seg00.wav,Fire,ESC-50,data\standardized_wav\esc50\5-193473-A-12.wav,test,0.0,2.0,data\features\esc50\5-193473-A-12_seg00.npy
data\segments\esc50\5-193473-A-12_seg01.wav,Fire,ESC-50,data\standardized_wav\esc50\5-193473-A-12.wav,test,1.0,3.0,data\features\esc50\5-193473-A-12_seg01.npy
data\segments\esc50\5-193473-A-12_seg02.wav,Fire,ESC-50,data\standardized_wav\esc50\5-193473-A-12.wav,test,2.0,4.0,data\features\esc50\5-193473-A-12_seg02.npy
data\segments\esc50\5-193473-A-12_seg03.wav,Fire,ESC-50,data\standardized_wav\esc50\5-193473-A-12.wav,test,3.0,5.0,data\features\esc50\5-193473-A-12_seg03.npy
data\segments\esc50\5-193473-B-12_seg00.wav,Fire,ESC-50,data\standardized_wav\esc50\5-193473-B-12.wav,test,0.0,2.0,data\features\esc50\5-193473-B-12_seg00.npy
data\segments\esc50\5-193473-B-12_seg01.wav,Fire,ESC-50,data\standardized_wav\esc50\5-193473-B-12.wav,test,1.0,3.0,data\features\esc50\5-193473-B-12_seg01.npy
data\segments\esc50\5-193473-B-12_seg02.wav,Fire,ESC-50,data\standardized_wav\esc50\5-193473-B-12.wav,test,2.0,4.0,data\features\esc50\5-193473-B-12_seg02.npy
data\segments\esc50\5-193473-B-12_seg03.wav,Fire,ESC-50,data\standardized_wav\esc50\5-193473-B-12.wav,test,3.0,5.0,data\features\esc50\5-193473-B-12_seg03.npy
data\segments\esc50\5-194892-A-10_seg00.wav,Water,ESC-50,data\standardized_wav\esc50\5-194892-A-10.wav,test,0.0,2.0,data\features\esc50\5-194892-A-10_seg00.npy
data\segments\esc50\5-194892-A-10_seg01.wav,Water,ESC-50,data\standardized_wav\esc50\5-194892-A-10.wav,test,1.0,3.0,data\features\esc50\5-194892-A-10_seg01.npy
data\segments\esc50\5-194892-A-10_seg02.wav,Water,ESC-50,data\standardized_wav\esc50\5-194892-A-10.wav,test,2.0,4.0,data\features\esc50\5-194892-A-10_seg02.npy
data\segments\esc50\5-194892-A-10_seg03.wav,Water,ESC-50,data\standardized_wav\esc50\5-194892-A-10.wav,test,3.0,5.0,data\features\esc50\5-194892-A-10_seg03.npy
data\segments\esc50\5-195557-A-19_seg00.wav,Thunder,ESC-50,data\standardized_wav\esc50\5-195557-A-19.wav,test,0.0,2.0,data\features\esc50\5-195557-A-19_seg00.npy
data\segments\esc50\5-195557-A-19_seg01.wav,Thunder,ESC-50,data\standardized_wav\esc50\5-195557-A-19.wav,test,1.0,3.0,data\features\esc50\5-195557-A-19_seg01.npy
data\segments\esc50\5-195557-A-19_seg02.wav,Thunder,ESC-50,data\standardized_wav\esc50\5-195557-A-19.wav,test,2.0,4.0,data\features\esc50\5-195557-A-19_seg02.npy
data\segments\esc50\5-195557-A-19_seg03.wav,Thunder,ESC-50,data\standardized_wav\esc50\5-195557-A-19.wav,test,3.0,5.0,data\features\esc50\5-195557-A-19_seg03.npy
data\segments\esc50\5-195710-A-10_seg00.wav,Water,ESC-50,data\standardized_wav\esc50\5-195710-A-10.wav,test,0.0,2.0,data\features\esc50\5-195710-A-10_seg00.npy
data\segments\esc50\5-195710-A-10_seg01.wav,Water,ESC-50,data\standardized_wav\esc50\5-195710-A-10.wav,test,1.0,3.0,data\features\esc50\5-195710-A-10_seg01.npy
data\segments\esc50\5-195710-A-10_seg02.wav,Water,ESC-50,data\standardized_wav\esc50\5-195710-A-10.wav,test,2.0,4.0,data\features\esc50\5-195710-A-10_seg02.npy
data\segments\esc50\5-195710-A-10_seg03.wav,Water,ESC-50,data\standardized_wav\esc50\5-195710-A-10.wav,test,3.0,5.0,data\features\esc50\5-195710-A-10_seg03.npy
data\segments\esc50\5-197118-A-45_seg00.wav,Negative,ESC-50,data\standardized_wav\esc50\5-197118-A-45.wav,test,0.0,2.0,data\features\esc50\5-197118-A-45_seg00.npy
data\segments\esc50\5-197118-A-45_seg01.wav,Negative,ESC-50,data\standardized_wav\esc50\5-197118-A-45.wav,test,1.0,3.0,data\features\esc50\5-197118-A-45_seg01.npy
data\segments\esc50\5-197118-A-45_seg02.wav,Negative,ESC-50,data\standardized_wav\esc50\5-197118-A-45.wav,test,2.0,4.0,data\features\esc50\5-197118-A-45_seg02.npy
data\segments\esc50\5-197118-A-45_seg03.wav,Negative,ESC-50,data\standardized_wav\esc50\5-197118-A-45.wav,test,3.0,5.0,data\features\esc50\5-197118-A-45_seg03.npy
data\segments\esc50\5-197121-A-45_seg00.wav,Negative,ESC-50,data\standardized_wav\esc50\5-197121-A-45.wav,test,0.0,2.0,data\features\esc50\5-197121-A-45_seg00.npy
data\segments\esc50\5-197121-A-45_seg01.wav,Negative,ESC-50,data\standardized_wav\esc50\5-197121-A-45.wav,test,1.0,3.0,data\features\esc50\5-197121-A-45_seg01.npy
data\segments\esc50\5-197121-A-45_seg02.wav,Negative,ESC-50,data\standardized_wav\esc50\5-197121-A-45.wav,test,2.0,4.0,data\features\esc50\5-197121-A-45_seg02.npy
data\segments\esc50\5-197121-A-45_seg03.wav,Negative,ESC-50,data\standardized_wav\esc50\5-197121-A-45.wav,test,3.0,5.0,data\features\esc50\5-197121-A-45_seg03.npy
data\segments\esc50\5-197121-B-45_seg00.wav,Negative,ESC-50,data\standardized_wav\esc50\5-197121-B-45.wav,test,0.0,2.0,data\features\esc50\5-197121-B-45_seg00.npy
data\segments\esc50\5-197121-B-45_seg01.wav,Negative,ESC-50,data\standardized_wav\esc50\5-197121-B-45.wav,test,1.0,3.0,data\features\esc50\5-197121-B-45_seg01.npy
data\segments\esc50\5-197121-B-45_seg02.wav,Negative,ESC-50,data\standardized_wav\esc50\5-197121-B-45.wav,test,2.0,4.0,data\features\esc50\5-197121-B-45_seg02.npy
data\segments\esc50\5-197121-B-45_seg03.wav,Negative,ESC-50,data\standardized_wav\esc50\5-197121-B-45.wav,test,3.0,5.0,data\features\esc50\5-197121-B-45_seg03.npy
data\segments\esc50\5-198321-A-10_seg00.wav,Water,ESC-50,data\standardized_wav\esc50\5-198321-A-10.wav,test,0.0,2.0,data\features\esc50\5-198321-A-10_seg00.npy
data\segments\esc50\5-198321-A-10_seg01.wav,Water,ESC-50,data\standardized_wav\esc50\5-198321-A-10.wav,test,1.0,3.0,data\features\esc50\5-198321-A-10_seg01.npy
data\segments\esc50\5-198321-A-10_seg02.wav,Water,ESC-50,data\standardized_wav\esc50\5-198321-A-10.wav,test,2.0,4.0,data\features\esc50\5-198321-A-10_seg02.npy
data\segments\esc50\5-198321-A-10_seg03.wav,Water,ESC-50,data\standardized_wav\esc50\5-198321-A-10.wav,test,3.0,5.0,data\features\esc50\5-198321-A-10_seg03.npy
data\segments\esc50\5-198600-A-45_seg00.wav,Negative,ESC-50,data\standardized_wav\esc50\5-198600-A-45.wav,test,0.0,2.0,data\features\esc50\5-198600-A-45_seg00.npy
data\segments\esc50\5-198600-A-45_seg01.wav,Negative,ESC-50,data\standardized_wav\esc50\5-198600-A-45.wav,test,1.0,3.0,data\features\esc50\5-198600-A-45_seg01.npy
data\segments\esc50\5-198600-A-45_seg02.wav,Negative,ESC-50,data\standardized_wav\esc50\5-198600-A-45.wav,test,2.0,4.0,data\features\esc50\5-198600-A-45_seg02.npy
data\segments\esc50\5-198600-A-45_seg03.wav,Negative,ESC-50,data\standardized_wav\esc50\5-198600-A-45.wav,test,3.0,5.0,data\features\esc50\5-198600-A-45_seg03.npy
data\segments\esc50\5-199284-A-45_seg00.wav,Negative,ESC-50,data\standardized_wav\esc50\5-199284-A-45.wav,test,0.0,2.0,data\features\esc50\5-199284-A-45_seg00.npy
data\segments\esc50\5-199284-A-45_seg01.wav,Negative,ESC-50,data\standardized_wav\esc50\5-199284-A-45.wav,test,1.0,3.0,data\features\esc50\5-199284-A-45_seg01.npy
data\segments\esc50\5-199284-A-45_seg02.wav,Negative,ESC-50,data\standardized_wav\esc50\5-199284-A-45.wav,test,2.0,4.0,data\features\esc50\5-199284-A-45_seg02.npy
data\segments\esc50\5-199284-A-45_seg03.wav,Negative,ESC-50,data\standardized_wav\esc50\5-199284-A-45.wav,test,3.0,5.0,data\features\esc50\5-199284-A-45_seg03.npy
data\segments\esc50\5-199284-B-45_seg00.wav,Negative,ESC-50,data\standardized_wav\esc50\5-199284-B-45.wav,test,0.0,2.0,data\features\esc50\5-199284-B-45_seg00.npy
data\segments\esc50\5-199284-B-45_seg01.wav,Negative,ESC-50,data\standardized_wav\esc50\5-199284-B-45.wav,test,1.0,3.0,data\features\esc50\5-199284-B-45_seg01.npy
data\segments\esc50\5-199284-B-45_seg02.wav,Negative,ESC-50,data\standardized_wav\esc50\5-199284-B-45.wav,test,2.0,4.0,data\features\esc50\5-199284-B-45_seg02.npy
data\segments\esc50\5-199284-B-45_seg03.wav,Negative,ESC-50,data\standardized_wav\esc50\5-199284-B-45.wav,test,3.0,5.0,data\features\esc50\5-199284-B-45_seg03.npy
data\segments\esc50\5-202898-A-10_seg00.wav,Water,ESC-50,data\standardized_wav\esc50\5-202898-A-10.wav,test,0.0,2.0,data\features\esc50\5-202898-A-10_seg00.npy
data\segments\esc50\5-202898-A-10_seg01.wav,Water,ESC-50,data\standardized_wav\esc50\5-202898-A-10.wav,test,1.0,3.0,data\features\esc50\5-202898-A-10_seg01.npy
data\segments\esc50\5-202898-A-10_seg02.wav,Water,ESC-50,data\standardized_wav\esc50\5-202898-A-10.wav,test,2.0,4.0,data\features\esc50\5-202898-A-10_seg02.npy
data\segments\esc50\5-202898-A-10_seg03.wav,Water,ESC-50,data\standardized_wav\esc50\5-202898-A-10.wav,test,3.0,5.0,data\features\esc50\5-202898-A-10_seg03.npy
data\segments\esc50\5-203739-A-10_seg00.wav,Water,ESC-50,data\standardized_wav\esc50\5-203739-A-10.wav,test,0.0,2.0,data\features\esc50\5-203739-A-10_seg00.npy
data\segments\esc50\5-203739-A-10_seg01.wav,Water,ESC-50,data\standardized_wav\esc50\5-203739-A-10.wav,test,1.0,3.0,data\features\esc50\5-203739-A-10_seg01.npy
data\segments\esc50\5-203739-A-10_seg02.wav,Water,ESC-50,data\standardized_wav\esc50\5-203739-A-10.wav,test,2.0,4.0,data\features\esc50\5-203739-A-10_seg02.npy
data\segments\esc50\5-203739-A-10_seg03.wav,Water,ESC-50,data\standardized_wav\esc50\5-203739-A-10.wav,test,3.0,5.0,data\features\esc50\5-203739-A-10_seg03.npy
data\segments\esc50\5-205898-A-40_seg00.wav,Negative,ESC-50,data\standardized_wav\esc50\5-205898-A-40.wav,test,0.0,2.0,data\features\esc50\5-205898-A-40_seg00.npy
data\segments\esc50\5-205898-A-40_seg01.wav,Negative,ESC-50,data\standardized_wav\esc50\5-205898-A-40.wav,test,1.0,3.0,data\features\esc50\5-205898-A-40_seg01.npy
data\segments\esc50\5-205898-A-40_seg02.wav,Negative,ESC-50,data\standardized_wav\esc50\5-205898-A-40.wav,test,2.0,4.0,data\features\esc50\5-205898-A-40_seg02.npy
data\segments\esc50\5-205898-A-40_seg03.wav,Negative,ESC-50,data\standardized_wav\esc50\5-205898-A-40.wav,test,3.0,5.0,data\features\esc50\5-205898-A-40_seg03.npy
data\segments\esc50\5-213802-A-12_seg00.wav,Fire,ESC-50,data\standardized_wav\esc50\5-213802-A-12.wav,test,0.0,2.0,data\features\esc50\5-213802-A-12_seg00.npy
data\segments\esc50\5-213802-A-12_seg01.wav,Fire,ESC-50,data\standardized_wav\esc50\5-213802-A-12.wav,test,1.0,3.0,data\features\esc50\5-213802-A-12_seg01.npy
data\segments\esc50\5-213802-A-12_seg02.wav,Fire,ESC-50,data\standardized_wav\esc50\5-213802-A-12.wav,test,2.0,4.0,data\features\esc50\5-213802-A-12_seg02.npy
data\segments\esc50\5-213802-A-12_seg03.wav,Fire,ESC-50,data\standardized_wav\esc50\5-213802-A-12.wav,test,3.0,5.0,data\features\esc50\5-213802-A-12_seg03.npy
data\segments\esc50\5-215445-A-47_seg00.wav,Negative,ESC-50,data\standardized_wav\esc50\5-215445-A-47.wav,test,0.0,2.0,data\features\esc50\5-215445-A-47_seg00.npy
data\segments\esc50\5-215445-A-47_seg01.wav,Negative,ESC-50,data\standardized_wav\esc50\5-215445-A-47.wav,test,1.0,3.0,data\features\esc50\5-215445-A-47_seg01.npy
data\segments\esc50\5-215445-A-47_seg02.wav,Negative,ESC-50,data\standardized_wav\esc50\5-215445-A-47.wav,test,2.0,4.0,data\features\esc50\5-215445-A-47_seg02.npy
data\segments\esc50\5-215445-A-47_seg03.wav,Negative,ESC-50,data\standardized_wav\esc50\5-215445-A-47.wav,test,3.0,5.0,data\features\esc50\5-215445-A-47_seg03.npy
data\segments\esc50\5-215447-A-47_seg00.wav,Negative,ESC-50,data\standardized_wav\esc50\5-215447-A-47.wav,test,0.0,2.0,data\features\esc50\5-215447-A-47_seg00.npy
data\segments\esc50\5-215447-A-47_seg01.wav,Negative,ESC-50,data\standardized_wav\esc50\5-215447-A-47.wav,test,1.0,3.0,data\features\esc50\5-215447-A-47_seg01.npy
data\segments\esc50\5-215447-A-47_seg02.wav,Negative,ESC-50,data\standardized_wav\esc50\5-215447-A-47.wav,test,2.0,4.0,data\features\esc50\5-215447-A-47_seg02.npy
data\segments\esc50\5-215447-A-47_seg03.wav,Negative,ESC-50,data\standardized_wav\esc50\5-215447-A-47.wav,test,3.0,5.0,data\features\esc50\5-215447-A-47_seg03.npy
data\segments\esc50\5-215449-A-47_seg00.wav,Negative,ESC-50,data\standardized_wav\esc50\5-215449-A-47.wav,test,0.0,2.0,data\features\esc50\5-215449-A-47_seg00.npy
data\segments\esc50\5-215449-A-47_seg01.wav,Negative,ESC-50,data\standardized_wav\esc50\5-215449-A-47.wav,test,1.0,3.0,data\features\esc50\5-215449-A-47_seg01.npy
data\segments\esc50\5-215449-A-47_seg02.wav,Negative,ESC-50,data\standardized_wav\esc50\5-215449-A-47.wav,test,2.0,4.0,data\features\esc50\5-215449-A-47_seg02.npy
data\segments\esc50\5-215449-A-47_seg03.wav,Negative,ESC-50,data\standardized_wav\esc50\5-215449-A-47.wav,test,3.0,5.0,data\features\esc50\5-215449-A-47_seg03.npy
data\segments\esc50\5-215658-A-12_seg00.wav,Fire,ESC-50,data\standardized_wav\esc50\5-215658-A-12.wav,test,0.0,2.0,data\features\esc50\5-215658-A-12_seg00.npy
data\segments\esc50\5-215658-A-12_seg01.wav,Fire,ESC-50,data\standardized_wav\esc50\5-215658-A-12.wav,test,1.0,3.0,data\features\esc50\5-215658-A-12_seg01.npy
data\segments\esc50\5-215658-A-12_seg02.wav,Fire,ESC-50,data\standardized_wav\esc50\5-215658-A-12.wav,test,2.0,4.0,data\features\esc50\5-215658-A-12_seg02.npy
data\segments\esc50\5-215658-A-12_seg03.wav,Fire,ESC-50,data\standardized_wav\esc50\5-215658-A-12.wav,test,3.0,5.0,data\features\esc50\5-215658-A-12_seg03.npy
data\segments\esc50\5-215658-B-12_seg00.wav,Fire,ESC-50,data\standardized_wav\esc50\5-215658-B-12.wav,test,0.0,2.0,data\features\esc50\5-215658-B-12_seg00.npy
data\segments\esc50\5-215658-B-12_seg01.wav,Fire,ESC-50,data\standardized_wav\esc50\5-215658-B-12.wav,test,1.0,3.0,data\features\esc50\5-215658-B-12_seg01.npy
data\segments\esc50\5-215658-B-12_seg02.wav,Fire,ESC-50,data\standardized_wav\esc50\5-215658-B-12.wav,test,2.0,4.0,data\features\esc50\5-215658-B-12_seg02.npy
data\segments\esc50\5-215658-B-12_seg03.wav,Fire,ESC-50,data\standardized_wav\esc50\5-215658-B-12.wav,test,3.0,5.0,data\features\esc50\5-215658-B-12_seg03.npy
data\segments\esc50\5-217186-A-16_seg00.wav,Negative,ESC-50,data\standardized_wav\esc50\5-217186-A-16.wav,test,0.0,2.0,data\features\esc50\5-217186-A-16_seg00.npy
data\segments\esc50\5-217186-A-16_seg01.wav,Negative,ESC-50,data\standardized_wav\esc50\5-217186-A-16.wav,test,1.0,3.0,data\features\esc50\5-217186-A-16_seg01.npy
data\segments\esc50\5-217186-A-16_seg02.wav,Negative,ESC-50,data\standardized_wav\esc50\5-217186-A-16.wav,test,2.0,4.0,data\features\esc50\5-217186-A-16_seg02.npy
data\segments\esc50\5-217186-A-16_seg03.wav,Negative,ESC-50,data\standardized_wav\esc50\5-217186-A-16.wav,test,3.0,5.0,data\features\esc50\5-217186-A-16_seg03.npy
data\segments\esc50\5-217186-B-16_seg00.wav,Negative,ESC-50,data\standardized_wav\esc50\5-217186-B-16.wav,test,0.0,2.0,data\features\esc50\5-217186-B-16_seg00.npy
data\segments\esc50\5-217186-B-16_seg01.wav,Negative,ESC-50,data\standardized_wav\esc50\5-217186-B-16.wav,test,1.0,3.0,data\features\esc50\5-217186-B-16_seg01.npy
data\segments\esc50\5-217186-B-16_seg02.wav,Negative,ESC-50,data\standardized_wav\esc50\5-217186-B-16.wav,test,2.0,4.0,data\features\esc50\5-217186-B-16_seg02.npy
data\segments\esc50\5-217186-B-16_seg03.wav,Negative,ESC-50,data\standardized_wav\esc50\5-217186-B-16.wav,test,3.0,5.0,data\features\esc50\5-217186-B-16_seg03.npy
data\segments\esc50\5-217186-C-16_seg00.wav,Negative,ESC-50,data\standardized_wav\esc50\5-217186-C-16.wav,test,0.0,2.0,data\features\esc50\5-217186-C-16_seg00.npy
data\segments\esc50\5-217186-C-16_seg01.wav,Negative,ESC-50,data\standardized_wav\esc50\5-217186-C-16.wav,test,1.0,3.0,data\features\esc50\5-217186-C-16_seg01.npy
data\segments\esc50\5-217186-C-16_seg02.wav,Negative,ESC-50,data\standardized_wav\esc50\5-217186-C-16.wav,test,2.0,4.0,data\features\esc50\5-217186-C-16_seg02.npy
data\segments\esc50\5-217186-C-16_seg03.wav,Negative,ESC-50,data\standardized_wav\esc50\5-217186-C-16.wav,test,3.0,5.0,data\features\esc50\5-217186-C-16_seg03.npy
data\segments\esc50\5-220955-A-40_seg00.wav,Negative,ESC-50,data\standardized_wav\esc50\5-220955-A-40.wav,test,0.0,2.0,data\features\esc50\5-220955-A-40_seg00.npy
data\segments\esc50\5-220955-A-40_seg01.wav,Negative,ESC-50,data\standardized_wav\esc50\5-220955-A-40.wav,test,1.0,3.0,data\features\esc50\5-220955-A-40_seg01.npy
data\segments\esc50\5-220955-A-40_seg02.wav,Negative,ESC-50,data\standardized_wav\esc50\5-220955-A-40.wav,test,2.0,4.0,data\features\esc50\5-220955-A-40_seg02.npy
data\segments\esc50\5-220955-A-40_seg03.wav,Negative,ESC-50,data\standardized_wav\esc50\5-220955-A-40.wav,test,3.0,5.0,data\features\esc50\5-220955-A-40_seg03.npy
data\segments\esc50\5-235956-A-47_seg00.wav,Negative,ESC-50,data\standardized_wav\esc50\5-235956-A-47.wav,test,0.0,2.0,data\features\esc50\5-235956-A-47_seg00.npy
data\segments\esc50\5-235956-A-47_seg01.wav,Negative,ESC-50,data\standardized_wav\esc50\5-235956-A-47.wav,test,1.0,3.0,data\features\esc50\5-235956-A-47_seg01.npy
data\segments\esc50\5-235956-A-47_seg02.wav,Negative,ESC-50,data\standardized_wav\esc50\5-235956-A-47.wav,test,2.0,4.0,data\features\esc50\5-235956-A-47_seg02.npy
data\segments\esc50\5-235956-A-47_seg03.wav,Negative,ESC-50,data\standardized_wav\esc50\5-235956-A-47.wav,test,3.0,5.0,data\features\esc50\5-235956-A-47_seg03.npy
data\segments\esc50\5-251957-A-47_seg00.wav,Negative,ESC-50,data\standardized_wav\esc50\5-251957-A-47.wav,test,0.0,2.0,data\features\esc50\5-251957-A-47_seg00.npy
data\segments\esc50\5-251957-A-47_seg01.wav,Negative,ESC-50,data\standardized_wav\esc50\5-251957-A-47.wav,test,1.0,3.0,data\features\esc50\5-251957-A-47_seg01.npy
data\segments\esc50\5-251957-A-47_seg02.wav,Negative,ESC-50,data\standardized_wav\esc50\5-251957-A-47.wav,test,2.0,4.0,data\features\esc50\5-251957-A-47_seg02.npy
data\segments\esc50\5-251957-A-47_seg03.wav,Negative,ESC-50,data\standardized_wav\esc50\5-251957-A-47.wav,test,3.0,5.0,data\features\esc50\5-251957-A-47_seg03.npy
data\segments\esc50\5-251962-A-47_seg00.wav,Negative,ESC-50,data\standardized_wav\esc50\5-251962-A-47.wav,test,0.0,2.0,data\features\esc50\5-251962-A-47_seg00.npy
data\segments\esc50\5-251962-A-47_seg01.wav,Negative,ESC-50,data\standardized_wav\esc50\5-251962-A-47.wav,test,1.0,3.0,data\features\esc50\5-251962-A-47_seg01.npy
data\segments\esc50\5-251962-A-47_seg02.wav,Negative,ESC-50,data\standardized_wav\esc50\5-251962-A-47.wav,test,2.0,4.0,data\features\esc50\5-251962-A-47_seg02.npy
data\segments\esc50\5-251962-A-47_seg03.wav,Negative,ESC-50,data\standardized_wav\esc50\5-251962-A-47.wav,test,3.0,5.0,data\features\esc50\5-251962-A-47_seg03.npy
data\segments\esc50\5-251963-A-47_seg00.wav,Negative,ESC-50,data\standardized_wav\esc50\5-251963-A-47.wav,test,0.0,2.0,data\features\esc50\5-251963-A-47_seg00.npy
data\segments\esc50\5-251963-A-47_seg01.wav,Negative,ESC-50,data\standardized_wav\esc50\5-251963-A-47.wav,test,1.0,3.0,data\features\esc50\5-251963-A-47_seg01.npy
data\segments\esc50\5-251963-A-47_seg02.wav,Negative,ESC-50,data\standardized_wav\esc50\5-251963-A-47.wav,test,2.0,4.0,data\features\esc50\5-251963-A-47_seg02.npy
data\segments\esc50\5-251963-A-47_seg03.wav,Negative,ESC-50,data\standardized_wav\esc50\5-251963-A-47.wav,test,3.0,5.0,data\features\esc50\5-251963-A-47_seg03.npy
data\segments\esc50\5-251971-A-47_seg00.wav,Negative,ESC-50,data\standardized_wav\esc50\5-251971-A-47.wav,test,0.0,2.0,data\features\esc50\5-251971-A-47_seg00.npy
data\segments\esc50\5-251971-A-47_seg01.wav,Negative,ESC-50,data\standardized_wav\esc50\5-251971-A-47.wav,test,1.0,3.0,data\features\esc50\5-251971-A-47_seg01.npy
data\segments\esc50\5-251971-A-47_seg02.wav,Negative,ESC-50,data\standardized_wav\esc50\5-251971-A-47.wav,test,2.0,4.0,data\features\esc50\5-251971-A-47_seg02.npy
data\segments\esc50\5-251971-A-47_seg03.wav,Negative,ESC-50,data\standardized_wav\esc50\5-251971-A-47.wav,test,3.0,5.0,data\features\esc50\5-251971-A-47_seg03.npy
